Rank,TeamId,TeamName,LastSubmissionDate,Score,SubmissionCount,TeamMemberUserNames
1,16913247,"Team Alicia","2026-09-26 20:41:21",0.94945,97,"lowasitgoes,uradkr"
2,16848954,Prior,"2026-09-26 18:47:53",0.94681,147,"anuraggarg1209,philippsinger,theklem1234"
3,16798949,"Chris Deotte","2026-09-26 22:53:02",0.94676,12,cdeotte
4,16813926,"인공저능연구소( Artificial Idiocy Lab )","2026-09-27 00:14:35",0.94674,213,megayak
5,16809885,"Paul Bryan Elefante","2026-09-26 18:38:39",0.94674,24,heuljax
6,16798784,yalpha,"2026-09-26 14:25:08",0.94669,111,yusukeimura
7,16840935,miki,"2026-09-27 00:28:33",0.94669,99,miki2025lee
8,16800007,Rapha,"2026-09-27 07:16:06",0.94668,98,raphaabels
9,16801950,haukesteffen,"2026-09-27 07:36:49",0.94667,42,haukesteffen
10,16823911,"Ahmet Bugrahan ALTUNOK","2026-09-26 01:37:26",0.94667,154,ahmetbugrahanaltunok
11,16799525,BOB,"2026-09-25 01:25:03",0.94666,155,hotpotbro
12,16801830,Tilii,"2026-09-27 05:12:19",0.94665,162,tilii7
13,16822665,Leo,"2026-09-08 10:52:33",0.94664,28,nanaresudo
14,16848028,Kirderf,"2026-09-26 17:01:19",0.94664,102,kirderf
15,16798679,Don-Ravi,"2026-09-26 14:53:23",0.94663,128,"donmarch14,ravi20076"
16,16889922,Simonlolita,"2026-09-27 07:03:13",0.94663,21,simonlolita
17,16948839,Celibistrial,"2026-09-26 13:13:25",0.94663,26,celibistrial
18,16966234,Silita,"2026-09-27 06:17:31",0.94663,11,silita
19,16962962,"Muhammed Ashiq Abdul Khader","2026-09-26 18:14:33",0.94663,13,ashiqabdulkhader
20,16805636,Optimistix,"2026-09-27 07:08:50",0.94663,214,optimistix
21,16817920,"Juan Oliver","2026-09-25 15:17:56",0.94662,26,juanmaoliver
22,16798594,isthereanycode,"2026-09-27 06:01:58",0.94662,74,isthereanycode
23,16799914,tomasa2,"2026-09-24 20:09:17",0.94662,61,tomasa2
24,16803825,"Laura Liepa","2026-09-26 17:18:24",0.94662,141,lauraliepa
25,16853354,"Eduardo Molina","2026-09-26 01:31:49",0.94662,20,eduardomolinaai
26,16843730,"Kaggler Sergio","2026-09-26 14:55:41",0.94661,49,kagglersergio
27,16799295,ikevayansky,"2026-09-27 07:34:17",0.94661,164,ikevayansky
28,16891344,"Şaban Özdoğan","2026-09-26 02:10:05",0.94661,12,abanzdoan
29,16798852,"M & M","2026-09-27 05:11:44",0.94661,84,"mahoganybuttstrings,masayakawamata"
30,16799685,starkhushi,"2026-09-22 05:05:34",0.94661,130,starkhushi
31,16848410,takemo,"2026-09-26 12:23:38",0.94660,78,takemoriyuto
32,16798625,haya,"2026-09-25 09:32:40",0.94660,62,yhay81
33,16889447,Exposed,"2026-09-23 22:42:40",0.94660,83,erickeller2
34,16872029,devsungyeon,"2026-09-22 06:27:01",0.94660,74,devsungyeon
35,16930652,D_EXIST,"2026-09-26 03:19:34",0.94660,60,dexist
36,16839897,kenchanhodgkin,"2026-09-27 02:33:34",0.94660,72,kenchanhodgkin
37,16799231,"Omkar Kadam","2026-09-26 17:33:13",0.94659,158,itzzomkar
38,16840371,CG,"2026-09-26 05:01:51",0.94659,103,alexanderwang2001
39,16809987,ManuelArt,"2026-09-25 01:45:58",0.94659,87,manuelart
40,16943698,"Akil Al-Sharafi","2026-09-25 10:16:53",0.94659,28,akilalsharafi
41,16932982,"Francisco Angulo de Lafuente","2026-09-26 08:14:00",0.94659,34,franciscoangulo
42,16885983,"Mohamed el.harery","2026-09-27 07:21:32",0.94659,98,mohamedelharery
43,16847802,IchikaHoshino,"2026-09-27 06:24:07",0.94658,188,"htunkhi,kaxa1910,ratatatat2107"
44,16926400,Kizabgd123,"2026-09-21 06:18:57",0.94658,27,kiza123123
45,16848963,DefiAudit,"2026-09-27 01:44:45",0.94658,161,defiaudit
46,16929633,snehitha28,"2026-09-23 13:30:53",0.94658,26,andapallysnehitha
47,16876270,"Asem Adnan","2026-09-26 17:29:14",0.94658,140,asemadnan
48,16868621,"Code Master","2026-09-26 08:09:33",0.94658,99,abdullahmathar
49,16872249,Farazsha,"2026-09-20 05:42:04",0.94658,9,farazsha
50,16799788,"Timofej Golobokov","2026-09-27 02:57:46",0.94658,30,"dymy1ry,felixcumarav"
51,16918435,"Roxy CAT22","2026-09-22 09:53:42",0.94658,33,roxycat22
52,16805518,"Santiago Maniches","2026-09-27 05:42:26",0.94658,100,santmani
53,16863351,"GeunMo Yi","2026-09-26 02:16:08",0.94658,48,geunmoyi
54,16798830,Juyong,"2026-09-27 01:40:35",0.94658,109,kimdoong
55,16804907,jvachier,"2026-09-26 08:08:33",0.94658,39,jvachier
56,16849043,xinghan,"2026-09-20 11:14:15",0.94658,63,xinghan0220
57,16881257,"minghao ma","2026-09-27 03:58:18",0.94658,36,minghaoma1
58,16802297,"Aman Atar","2026-09-25 14:19:12",0.94657,140,amanatar
59,16937828,whycs123,"2026-09-27 01:45:20",0.94657,60,whycs123
60,16798870,"Jenny He","2026-09-27 01:18:09",0.94657,107,jennyheeeeee
61,16897007,"RUSHMANTH NALLURI","2026-09-24 00:08:14",0.94657,25,rushmanthnalluri
62,16894204,"Team 青葱","2026-09-27 06:30:04",0.94657,31,"mingzezhang1,tonyhuangnb"
63,16805583,jazivxt,"2026-09-27 06:22:19",0.94657,241,jazivxt
64,16799328,CyberRacoon,"2026-09-24 10:20:21",0.94657,110,racoontw
65,16879439,vizeno,"2026-09-26 00:37:35",0.94657,50,vizeno
66,16921149,Soren-ABT,"2026-09-24 08:50:11",0.94657,36,"infinitescope,niscondermoriarty,sorenabt"
67,16948518,muqsithanif,"2026-09-27 04:36:19",0.94657,41,meguminksdj
68,16807826,"rupsa roy","2026-09-26 05:02:43",0.94657,9,rupsarroy
69,16962037,"Ömer Faruk Yüce","2026-09-26 09:07:34",0.94657,3,merfarukyce
70,16799115,kglctf,"2026-09-27 07:13:53",0.94657,270,kglctf
71,16924966,SynthReaper,"2026-09-26 21:02:26",0.94657,28,synthreaper
72,16804877,"Code by Nadiia","2026-09-26 11:34:23",0.94657,13,codebynadiia
73,16946511,"Roustoum Abdel Moula","2026-09-26 13:11:31",0.94657,2,roustoumabdelmoula
74,16856887,Aamod06,"2026-09-26 14:14:13",0.94657,11,aamod06
75,16805281,SC,"2026-09-26 14:45:57",0.94657,44,ryosketchbook2007
76,16916561,"Prinshu Dewangan","2026-09-26 16:09:43",0.94657,4,prinshudewangan
77,16880417,Dazai_is_not_here,"2026-09-26 18:49:36",0.94657,25,minmattral
78,16881380,"GAURAV PARKHEDKAR","2026-09-26 20:07:16",0.94657,2,gauravparkhedkar
79,16839884,"MN Kaggler","2026-09-26 21:27:07",0.94657,22,mnkaggler
80,16830559,guansuo,"2026-09-27 05:01:53",0.94657,4,guansuo
81,16947748,k1nyua,"2026-09-27 06:13:22",0.94657,24,k1nyua
82,16799216,"Ilya Sevastyanov","2026-09-27 06:22:41",0.94657,27,sev1lya
83,16799121,thisray,"2026-09-24 05:45:49",0.94657,15,thisray
84,16955085,pinion05,"2026-09-25 08:20:41",0.94657,9,pinion05
85,16855478,"CHEN Xiang","2026-09-25 18:17:11",0.94657,46,intoxicatinglips
86,16807117,shisan92,"2026-09-27 02:29:51",0.94657,30,shisan92
87,16932088,"HuaXiang Liang","2026-09-27 03:09:10",0.94657,37,rakanl
88,16925978,herens,"2026-09-26 03:38:46",0.94657,40,herens
89,16890917,"Jiatong Ji","2026-09-20 07:21:51",0.94657,23,jiatongji
90,16806112,"Dariush Afshar","2026-09-25 22:51:12",0.94657,13,dariushafshar
91,16943604,"Wael El Ghazzawi","2026-09-22 21:11:31",0.94657,10,waelelghazzawi
92,16841137,"Görkem Ege Akıncı","2026-09-25 02:56:41",0.94657,18,grkemegeaknc
93,16967441,"Ahmet Kağan Koral","2026-09-26 22:27:36",0.94657,7,kagankoral
94,16824841,"Faraz Shamim","2026-09-23 03:39:51",0.94657,49,mrimperium
95,16913372,"Devansh Gupta","2026-09-27 07:39:43",0.94657,30,hedwigarch27
96,16871921,"Md Arafat","2026-09-25 00:29:08",0.94657,98,arafat362
97,16808782,"Semih Temiz","2026-09-22 20:50:13",0.94657,27,semhtemiz
98,16942458,"Syed Haris","2026-09-26 05:52:22",0.94657,21,syeharis
99,16804794,avg,"2026-09-25 14:02:26",0.94657,45,alexgagloev
100,16906909,BobtheBot369,"2026-09-25 00:02:05",0.94657,58,bobthebot369
101,16953249,"Thomas Tschinkel","2026-09-24 12:45:21",0.94657,5,thomastschinkel
102,16798605,"Pavlo Ivanin","2026-09-25 18:51:29",0.94657,13,pavloivanin
103,16809769,"Machine Learners","2026-09-24 17:08:00",0.94657,17,"adityakumaru,arvindlol,chashin"
104,16839908,"Mehran Kazeminia","2026-09-26 11:00:59",0.94657,105,mehrankazeminia
105,16831056,"Alexey Kuznetsov","2026-09-26 14:44:31",0.94657,167,legtarrr
106,16867753,Varangians,"2026-09-21 10:51:27",0.94657,41,"rishabhp97,s171004,saachishetty28"
107,16811824,"Hammad Farooq","2026-09-27 05:15:22",0.94657,33,malikhammadfarooq
108,16960466,"Phantom F5","2026-09-27 06:32:01",0.94657,27,phantomf5
109,16926809,62326368,"2026-09-27 07:03:29",0.94657,34,mooniim
110,16934946,"T.Ashwath Ram","2026-09-26 14:10:28",0.94657,150,"kavinn25,naveeen142007,tashwathram"
111,16799042,F.A.Nina,"2026-09-23 19:30:26",0.94657,138,nina2025
112,16917967,"Thái Văn Tài","2026-09-26 14:00:16",0.94657,23,thivnti
113,16814691,"Chinzorigt Ganbat","2026-09-23 13:57:42",0.94657,66,chinzorigtganbat
114,16807998,"Md Abdul Al Hasib","2026-09-25 17:47:52",0.94657,17,mdabdulalhasib
115,16847628,"Kunal Desale","2026-09-25 12:17:47",0.94657,14,kunaldesale2408
116,16876854,MPEVP,"2026-09-25 17:55:26",0.94657,12,manojmandal
117,16929647,Gaelaw,"2026-09-25 07:33:32",0.94657,42,"gaelaw,mathieuw"
118,16924463,Matterhorn3838,"2026-09-24 09:15:08",0.94657,4,matterhorn3838
119,16806374,"Ronit Agarwal","2026-09-26 00:41:15",0.94657,51,"boandme,ronitagarwal1,shauryasahdev2"
120,16949062,"Eason Gao","2026-09-23 22:44:51",0.94657,1,easongao2
121,16798563,"M.N. Mohamed Aman","2026-09-27 00:10:55",0.94657,101,mnmohamedaman
122,16798636,"Jeki Wan Taufik","2026-09-24 00:43:00",0.94657,14,jek1wantaufik
123,16928153,anngle,"2026-09-24 01:28:33",0.94657,5,anngle
124,16886880,"Elvis GEM","2026-09-24 12:06:38",0.94657,25,elvisgem
125,16863564,"Saki Tenma","2026-09-24 07:35:18",0.94657,21,sakitenma
126,16953096,"Harish Yadav","2026-09-24 11:49:43",0.94657,1,harishyadav0506
127,16802907,YUYA,"2026-09-24 14:32:54",0.94657,9,yuyaizumikawa
128,16954083,TomaszBoguslawski,"2026-09-24 13:49:09",0.94657,1,tomaszboguslawski
129,16937097,etsuko,"2026-09-24 14:04:04",0.94657,4,etsukonaganawa
130,16854578,"Asuu Dane","2026-09-24 15:44:23",0.94657,6,asuudane
131,16955169,SibamSamanta07,"2026-09-24 17:16:41",0.94657,1,sibamsamanta07
132,16802111,"Nazar Koval","2026-09-27 03:12:09",0.94657,45,miickey
133,16948162,DovyDigital,"2026-09-25 00:08:28",0.94657,4,dovydigital
134,16866220,"Kydyrbek Kozykorpesh","2026-09-25 01:45:20",0.94657,3,kozykappa
135,16853864,"Ritanshu Prasad","2026-09-25 09:46:08",0.94657,4,ritanshuprasad
136,16806230,yukiZ,"2026-09-25 11:10:00",0.94657,5,hideyukizushi
137,16961274,河瀬　蒼央,"2026-09-25 13:10:55",0.94657,1,aomaru07
138,16798803,AnthonyTherrien,"2026-09-26 21:49:16",0.94657,38,anthonytherrien
139,16820934,"Nilav Kashyap","2026-09-25 14:28:39",0.94657,7,nilavkashyap
140,16799732,camurberkayy,"2026-09-25 14:35:07",0.94657,12,camurberkayy
141,16823003,gulfan,"2026-09-27 03:20:37",0.94657,17,gulfan
142,16967958,"Wai Wai","2026-09-27 03:14:52",0.94657,5,leavewaimemory
143,16969409,explise,"2026-09-27 00:33:15",0.94657,10,explise
144,16970174,pioneerqaz,"2026-09-27 07:37:55",0.94657,3,pioneerqaz
145,16894434,"Zhenrui.Weng & Zhouyi.Wang","2026-09-22 15:28:20",0.94657,8,"zhenruiweng,zhouyiwang25"
146,16804031,JusteME😅,"2026-09-22 18:27:50",0.94657,37,degnonguidi
147,16943450,"green algeria","2026-09-22 19:08:46",0.94657,1,greenalgeria
148,16861020,"VIKASH YADAV","2026-09-23 07:51:01",0.94657,19,vikashyadav05
149,16799811,Will,"2026-09-27 06:37:14",0.94657,118,"aditya2909rb,aryankaisth,wguesdon"
150,16855994,Vanshika,"2026-09-23 06:41:58",0.94657,12,crystalbaby
151,16944869,"Sahil Sharma","2026-09-23 10:03:33",0.94657,1,sahilsharma099
152,16809986,"Guru Prasaath S","2026-09-23 13:35:21",0.94657,5,guruprasaathas111
153,16809918,aliemirkoca,"2026-09-23 14:06:10",0.94657,33,aliemirkoca
154,16962692,Haarinii,"2026-09-26 03:03:18",0.94657,13,haarinii
155,16926155,"Samer Elhamy ","2026-09-21 16:15:16",0.94657,19,samerelhamy
156,16887398,ymtezo,"2026-09-20 16:03:42",0.94657,8,ymtezo
157,16905828,"Gaurav Vyas","2026-09-21 18:28:26",0.94657,40,ctogaurav
158,16843656,"Raju Sah","2026-09-22 01:13:18",0.94657,62,rajucode
159,16958343,Andrewy,"2026-09-27 00:52:55",0.94657,23,youmingdeng
160,16807946,"Supanat Khaodhiar","2026-09-24 14:38:11",0.94657,29,supanatkhaodhiar
161,16957086,"Richard (Ryszard) Cieplechowicz","2026-09-24 22:02:14",0.94656,4,richardcieplechowicz
162,16916970,Zuki,"2026-09-19 10:51:39",0.94656,19,zulkarneyn
163,16941384,Shaun2024,"2026-09-23 07:28:50",0.94656,7,shaun2024
164,16805476,KuziJA,"2026-09-27 00:21:50",0.94656,83,kuzija
165,16799982,"Talha Tursun","2026-09-21 13:12:44",0.94656,96,talhatursun
166,16962422,zengpu,"2026-09-26 04:48:53",0.94656,3,zengpu
167,16858192,"Igor A","2026-09-20 10:08:43",0.94656,27,igorarapov
168,16955421,kalizo,"2026-09-27 03:16:44",0.94656,8,parzival110606
169,16798614,cstdy,"2026-09-20 12:21:22",0.94656,73,kirill0212
170,16925603,梦里真的什么都有,"2026-09-27 06:17:20",0.94656,80,junquanshenhua
171,16799620,"Ismail Ucuran","2026-09-20 11:25:32",0.94656,15,ismailucuran
172,16810015,shawncsx,"2026-09-22 14:25:54",0.94656,39,shawncsx
173,16926330,"Mitudru Dutta","2026-09-24 11:18:46",0.94656,13,mitudru
174,16935708,"potter xu","2026-09-22 05:27:55",0.94656,6,potterxu
175,16886721,"Harsh Kumar","2026-09-23 02:55:31",0.94656,19,harsh778190
176,16798610,"Xin Feng","2026-09-25 21:45:50",0.94656,12,milanfx
177,16881329,"Den Pugovkin","2026-09-24 13:30:41",0.94656,78,denpugovkin
178,16920770,"Nikitas Rafael Nikitas","2026-09-21 12:55:51",0.94656,16,rafanikitas
179,16913726,suxing-star,"2026-09-19 05:19:35",0.94656,3,suxingstar
180,16798714,"Sung Heo","2026-09-24 03:12:01",0.94656,54,kmmmvs
181,16924943,"Web wizard","2026-09-19 10:06:40",0.94656,1,mayankthakur4274
182,16844504,Grace7523,"2026-09-19 12:40:39",0.94656,2,grace7523
183,16926639,Diganta,"2026-09-21 18:15:31",0.94656,2,digantabhattacharya
184,16799784,"Mathurin Ache","2026-09-22 08:39:02",0.94656,10,mathurinache
185,16886396,"Rajan Nagarajan","2026-09-21 15:52:25",0.94656,6,narajan
186,16832536,"Md. Hamid Hosen","2026-09-22 04:08:05",0.94656,11,hosen42
187,16935533,sztszt0726,"2026-09-22 08:53:43",0.94656,1,sztszt0726
188,16942220,matelong,"2026-09-22 14:36:22",0.94656,3,matelong
189,16828688,"All over the golf","2026-09-24 17:16:58",0.94656,16,alloverthegolf
190,16840013,ajikajadeh,"2026-09-19 03:23:27",0.94656,42,ajikajadeh
191,16907290,"Juno Leong","2026-09-19 12:37:15",0.94656,10,leongbeeching
192,16807259,"Manoj L9865988","2026-09-24 21:14:06",0.94656,35,"manojl9865988,navyashettynsagae"
193,16924866,"Abhishek Mahto","2026-09-19 09:57:48",0.94656,1,abhishek3115
194,16877418,"Kostiantyn Kazanin","2026-09-26 19:21:41",0.94656,64,kostya876
195,16926041,"[KGZ] Aruke Sulaimanova","2026-09-19 15:16:49",0.94656,1,arukesulaimanova1
196,16860962,"Suraj Kumar Nanda","2026-09-26 14:51:41",0.94656,50,surajkumarnanda
197,16906698,"GeniusLab Coding Club","2026-09-27 00:15:25",0.94656,21,"nathanleeqingdao,vincentcq,zhanyunze"
198,16931360,"Elon Peep","2026-09-21 16:07:32",0.94656,12,elonpeep
199,16798611,"Samuel martinez perez","2026-09-19 13:15:40",0.94656,12,samuelmartinezperez
200,16799484,"Charismatic Pizza Party🍕","2026-09-20 03:27:21",0.94656,7,debugendless
201,16930331,borealisalastor,"2026-09-20 11:23:33",0.94656,1,"alexliang817,andrewshiyangwang,borealis27"
202,16798971,daoviet,"2026-09-20 13:53:34",0.94656,26,daoviet
203,16932313,"ادم عبده","2026-09-20 21:29:45",0.94656,6,"abdh778,mazenalsharq,mohyaldeen77"
204,16866332,Mantis,"2026-09-22 13:17:05",0.94656,10,orchidmantis
205,16880110,"papa chany pa","2026-09-21 09:54:32",0.94656,2,affansaied
206,16806736,"Heet Limbani","2026-09-21 15:50:13",0.94656,12,heetlimbani69
207,16933854,m_meles,"2026-09-21 16:34:30",0.94656,4,mmeles
208,16933215,ashark.0027,"2026-09-26 03:51:00",0.94656,2,ashark0027
209,16933838,MYOUCER,"2026-09-24 08:00:11",0.94656,16,myoucer
210,16814708,maronist,"2026-09-22 05:11:41",0.94656,10,emikonandate
211,16939610,"K Wayne","2026-09-22 07:04:18",0.94656,1,kikikukikii
212,16931887,"Dalton Omondi","2026-09-26 06:46:45",0.94656,23,daltongabrielomondi
213,16895859,"Tadeáš Tkadlec","2026-09-26 19:33:08",0.94656,36,tadetkadlec
214,16944232,"Jimin Wang","2026-09-23 01:39:51",0.94656,2,jimmy987654
215,16875499,"Berat Erol ÇELİK","2026-09-25 17:15:14",0.94656,81,beraterolelk
216,16925075,"Killer Codm","2026-09-19 13:02:10",0.94656,1,killercodm
217,16933056,"WANG DONGYANG","2026-09-21 04:14:52",0.94656,5,wangdongyang
218,16805966,CAPRICORNUS0908,"2026-09-27 05:35:57",0.94655,152,capricornus0908
219,16802221,"Maher el Ouahabi","2026-09-26 21:32:40",0.94655,79,maherelouahabi
220,16907304,swamyksk@2004,"2026-09-25 17:01:49",0.94655,45,swamyksk2004
221,16916705,paugibertacarreta,"2026-09-20 19:59:36",0.94655,23,paugibertacarreta
222,16947885,"Syed Mohammad Ali","2026-09-24 12:19:39",0.94655,8,syedmohdali121
223,16870782,e3k,"2026-09-23 08:10:24",0.94655,44,ekleezhya
224,16953989,lockcole,"2026-09-25 03:26:46",0.94655,13,lockcole
225,16936562,mukdam,"2026-09-25 07:06:49",0.94655,7,"damianonicolussi,guptamukund"
226,16922728,"Dhyanesh Anchula","2026-09-21 13:56:37",0.94655,5,dhyaneshanchula
227,16882163,"Oleksii Zhukov","2026-09-19 04:22:25",0.94655,31,zhukovoleksiy
228,16966025,"Minato Namikaze","2026-09-27 07:14:12",0.94655,7,arunklenin
229,16946750,"Kefei Yan","2026-09-24 18:24:02",0.94655,8,kefeiyan
230,16798705,shushushun,"2026-09-26 11:43:39",0.94655,9,shushushun
231,16807474,"Tamerlan Omralinov","2026-09-26 14:11:02",0.94654,28,tamerlanomralinov
232,16799414,"Laurent Pourchot","2026-09-26 10:32:46",0.94654,47,pourchot
233,16842110,nick.ai007,"2026-09-25 04:17:31",0.94654,9,nickai007
234,16969657,"Anand B","2026-09-27 07:19:04",0.94654,8,anandb71
235,16802720,shimizuYY,"2026-09-22 22:34:22",0.94654,33,shimizuyy
236,16822208,"Jasper Dekoninck","2026-09-05 18:28:21",0.94653,16,jasperdekoninck
237,16889701,"Rahul Balakrishnan Adhi","2026-09-24 16:27:25",0.94653,14,rahuladhi
238,16954730,"Lio Kingo","2026-09-25 06:25:38",0.94653,10,liokingo
239,16889144,"YASH JAMINE","2026-09-26 23:30:13",0.94653,8,yashjamine
240,16947490,"IITH & NITA","2026-09-26 06:49:08",0.94653,23,"shivsatyam,toodumb"
241,16802882,"Adithya Giridharan","2026-09-23 13:59:16",0.94653,66,adithyagiri
242,16800764,"Mizushima Toshihiko","2026-09-26 10:04:45",0.94653,143,mizushimatoshihiko
243,16798831,Naji,"2026-09-26 21:46:37",0.94653,197,"najiama,nathaliach"
244,16865969,"SAURABH VISHWAKARMA","2026-09-18 06:54:02",0.94652,28,surabhv21
245,16805319,サポタン,"2026-09-26 10:11:46",0.94652,48,sapotan
246,16904645,"Longyu Qin","2026-09-17 22:53:15",0.94651,17,longyuqin
247,16858954,"Khoi Ng","2026-09-17 08:37:42",0.94651,3,khoingt
248,16894248,"Ahsaan Raza","2026-09-17 17:45:56",0.94651,2,raoahsaanmaniii
249,16919863,"Arseniy Kalashnikov","2026-09-18 09:52:53",0.94651,4,"arseniykalashnikov,mikewow"
250,16914484,"Sachin Sachdeva","2026-09-18 11:49:30",0.94651,18,sachinsachdeva
251,16890256,"Luca Portugalli","2026-09-16 21:07:00",0.94651,4,lucaportugalli
252,16922102,"Prabhat Agnihotri","2026-09-24 14:54:23",0.94651,20,agnihotriprabhat
253,16922915,JerryChen,"2026-09-25 14:55:34",0.94651,35,horse602
254,16805381,taiseiu,"2026-09-18 05:59:03",0.94651,38,taiseiu
255,16847295,"Team HRI","2026-09-16 11:56:35",0.94651,6,nilseinecke
256,16862526,"Javier Hernáez","2026-09-17 16:29:02",0.94651,8,javierhernaez
257,16814215,Pra,"2026-09-18 18:17:43",0.94651,39,prabhatagnihotri
258,16909151,mrwanggang,"2026-09-23 06:42:29",0.94651,13,mrwanggang
259,16825448,"Arnav Goel","2026-09-16 14:38:14",0.94651,36,arnavgoel17
260,16809336,"Sreejit Pradhan","2026-09-18 16:17:12",0.94651,22,sreejitpradhan
261,16845269,"GyuDong Lee","2026-09-17 02:16:11",0.94651,11,gyudonglee
262,16912809,spark328,"2026-09-17 09:19:01",0.94651,2,spark328
263,16881307,yeqinxin,"2026-09-18 06:54:04",0.94651,3,yqx123456
264,16918752,"Hyun-woo Kim","2026-09-18 06:45:26",0.94651,1,hwkims
265,16865714,"UTE AI Lab","2026-09-21 06:20:50",0.94651,18,nguynchutncng
266,16799149,"Jay Prakash","2026-09-18 12:13:42",0.94651,6,godofoutcasts
267,16920300,"Sum Hsin Jee","2026-09-18 14:23:52",0.94651,1,sumhsinjee
268,16921247,"Лукин Алексей","2026-09-18 21:13:06",0.94651,2,lukinalexey
269,16808095,kminsher,"2026-09-25 11:23:18",0.94651,28,kminsher
270,16822873,hkassimi,"2026-09-20 13:28:37",0.94651,8,hkassimi
271,16930462,"Дмитрий Томилов","2026-09-20 16:19:40",0.94651,8,floyed
272,16889983,"Subodh Deogade","2026-09-16 14:01:11",0.94651,3,sometimessubodh
273,16920308,VicenteCardoso,"2026-09-18 16:25:25",0.94651,6,vicentescardoso
274,16910591,"Laraib Fatima","2026-09-17 03:59:39",0.94651,2,laraib888
275,16921484,"Ahmed Abohadeed","2026-09-18 15:43:56",0.94651,1,abo7adeed
276,16799087,easonyanyan,"2026-09-22 17:02:16",0.94651,27,easonyanyan
277,16893928,JackyFan123,"2026-09-16 11:18:45",0.94650,20,jackyfan123
278,16852305,RainbowC0,"2026-09-16 05:10:39",0.94650,23,wenyezhou
279,16888372,"Niloofar Yoonesi","2026-09-27 07:07:47",0.94650,12,niloofaryoonesi
280,16828094,兄弟陪我同甘共苦，我就变同甘苦兄弟,"2026-09-20 09:28:21",0.94650,33,"typh0000n,yuanzhihao030605"
281,16906682,"peizhen qiu","2026-09-16 13:58:40",0.94650,2,peizhenqiu
282,16843266,Jim879793123,"2026-09-26 15:39:08",0.94650,34,jim879793123
283,16823977,"Guilherme Raiuga","2026-09-27 03:23:50",0.94650,74,guilhermeraiuga
284,16879871,Jakiduy,"2026-09-17 16:45:03",0.94650,14,jakiduy
285,16885873,"Дмитрий Герасимов","2026-09-13 10:58:15",0.94650,7,domager72
286,16823225,Aurrog,"2026-09-13 16:25:58",0.94650,26,aurrog
287,16811459,GCarnovale,"2026-09-27 00:15:21",0.94650,101,gcarno
288,16897999,Kelp1k,"2026-09-15 21:11:29",0.94650,10,doktorkelp
289,16808961,QSynPrim,"2026-09-15 08:12:56",0.94650,62,ksmashhero
290,16806696,米津玄師.,"2026-09-26 16:21:38",0.94650,45,useikawa
291,16827009,dosomethingbetter,"2026-09-18 10:34:56",0.94650,2,dosomethingbetter
292,16800029,BhuvanNR,"2026-09-23 17:46:35",0.94650,37,bhuvannr2006
293,16828069,Soham7,"2026-09-19 05:44:31",0.94650,6,sohamsavalekar
294,16802736,"Joe Young","2026-09-15 15:50:05",0.94650,66,jsphyg
295,16829821,"Raghav Agrawal","2026-09-13 19:16:26",0.94650,19,raghagra
296,16875526,CHENJUNFENG,"2026-09-14 09:28:15",0.94650,10,fcjjpp
297,16803858,"Elvern Neylmav Tanny","2026-09-14 03:11:21",0.94650,18,elvernneylmavtanny
298,16911754,"Mohd Aasim Ansari","2026-09-18 05:35:52",0.94650,5,aasim2003
299,16826356,"Pablo César Ruíz","2026-09-20 02:03:25",0.94650,13,pcruiher08
300,16806846,"Akhilesh godugu","2026-09-14 15:11:22",0.94650,6,akhileshgodugu
301,16854763,"Iswar Patra","2026-09-25 16:41:37",0.94650,9,iswarpatra
302,16807961,"Arivu Chezhiyan","2026-09-21 06:05:25",0.94650,75,"arivuchezhiyan,jeevag2006"
303,16798601,"Georgy Mamarin","2026-09-26 11:59:48",0.94650,18,georgymamarin
304,16802953,Ole-Jakob,"2026-09-26 15:19:02",0.94650,56,olejakobrosenvold
305,16844752,"Senih Bayankulu","2026-09-20 14:10:32",0.94650,22,senihbayankulu
306,16865334,Rohitt_94,"2026-09-14 07:36:10",0.94650,21,rohitt94
307,16798730,"K.THARUN KUMAR","2026-09-14 13:49:27",0.94650,22,tharunkumar369
308,16832827,JeedimetlaCharan213,"2026-09-15 11:56:37",0.94650,14,jeedimetlacharan213
309,16891090,"yankai shao","2026-09-16 01:23:13",0.94650,1,yankaishao
310,16799609,"Vinay Rai","2026-09-25 11:49:18",0.94650,18,vinay24baghira
311,16821861,"Mohammed Majeed","2026-09-26 14:18:01",0.94650,5,mojjeed
312,16897825,ghostttt_who,"2026-09-16 12:26:40",0.94650,10,ghosttttwho
313,16839321,shenjj02,"2026-09-26 12:11:41",0.94650,5,shenjj26
314,16945611,"Yoshitomo AI","2026-09-26 13:26:52",0.94650,17,yoshitomoai
315,16804861,RuiFSPinto,"2026-09-23 20:36:41",0.94650,67,ruifspinto
316,16875988,Taeyang,"2026-09-14 11:24:41",0.94650,37,taeyangg4
317,16843855,"Sumit Sarkar","2026-09-15 17:58:47",0.94650,20,"csubhradipta,sumitsarkar969,suvagpoddar"
318,16891683,yjjhuj,"2026-09-15 05:54:13",0.94650,8,yjjhuj
319,16808436,NIklitaCheporev,"2026-09-23 21:59:28",0.94650,25,niklitacheporev
320,16801810,"Anushka Kumari","2026-09-15 13:18:48",0.94650,6,kumarianushka02
321,16896249,"Gaurav Kokila","2026-09-16 04:03:01",0.94650,11,gauravkokila
322,16896130,"Pj Sh","2026-09-16 12:27:59",0.94650,3,amirtanha
323,16804076,"Renji Starfall","2026-09-16 21:29:40",0.94649,22,renjistarfall
324,16831827,"nick gault","2026-09-16 05:45:36",0.94649,31,nicholasgg
325,16872257,"Tomohiko Ikeda","2026-09-12 15:15:51",0.94649,8,tomohikoikedajpn
326,16854010,"Dank Axon","2026-09-16 05:40:55",0.94649,11,dankaxon
327,16884013,"fahim magsi","2026-09-13 11:16:52",0.94649,10,fahimmagsi
328,16885322,aether,"2026-09-13 12:20:19",0.94649,2,aether74
329,16842264,"ML Player 1","2026-09-26 03:38:22",0.94649,30,"lihong0907,nemonade,stuartchu666"
330,16799762,NapoleonIT,"2026-09-14 07:31:37",0.94649,66,alexfeklin1234
331,16800681,"Mikhail Naumov","2026-09-26 16:29:46",0.94649,149,mikhailnaumov
332,16799720,"Krizsó Gergely","2026-09-26 06:34:05",0.94649,29,lucifer19
333,16799336,Souvik_D_Biswas,"2026-09-13 17:27:25",0.94649,3,souvikdbiswas
334,16887566,"Sōsuke Aizen","2026-09-13 18:17:32",0.94649,1,soukeaizenz
335,16805488,"Meryem Kevser Keskin","2026-09-25 11:36:03",0.94649,3,meryemkevserkeskin
336,16802764,cigdembal,"2026-09-26 17:20:09",0.94649,59,cigdembaloglu
337,16827807,"Alpay Abbaszade","2026-09-15 16:41:07",0.94649,17,alpayabbaszade
338,16886835,LIH.YUN,"2026-09-13 18:04:03",0.94649,2,fxlcee
339,16853876,KotaroT1,"2026-09-19 09:15:16",0.94648,15,kotarot1
340,16944452,"Teddy Tennant","2026-09-25 19:21:36",0.94648,11,thtennant
341,16932732,"Chris Chia","2026-09-23 12:52:01",0.94648,14,cchia3
342,16885134,"Manjunadh Padarthi","2026-09-17 06:28:20",0.94648,6,manjunadhpadarthi
343,16810800,Randy,"2026-09-21 01:39:46",0.94648,51,rvndyerwin
344,16842157,SM30,"2026-09-11 13:09:35",0.94648,27,sagarmane104
345,16848636,"Takumu Hata","2026-09-19 15:13:59",0.94648,5,takumuhata
346,16933492,"Pranav Natekar","2026-09-25 01:03:15",0.94648,10,pranav6670
347,16922922,"Jeff Xue","2026-09-19 17:29:17",0.94648,10,jeffxue3
348,16882446,AlperennBaran,"2026-09-20 11:36:49",0.94648,10,alperennbaran
349,16894524,"Chudeng Lin","2026-09-15 08:38:36",0.94648,5,chudenglin
350,16850553,"Mark Barney","2026-09-19 10:52:53",0.94648,4,markbarney
351,16942050,"Raymond Parker","2026-09-25 21:03:41",0.94648,8,raymondparker
352,16810298,"Jared Floersch","2026-09-27 04:20:12",0.94648,42,jaredfloersch
353,16892601,Rockandmat,"2026-09-25 02:41:22",0.94648,8,rockandmat
354,16930775,Amaraa,"2026-09-25 14:07:41",0.94648,29,amarsaikhan
355,16803972,"Pradeep Sriramula","2026-09-15 13:35:07",0.94648,10,pradeep0245
356,16799429,yuurei,"2026-09-25 02:22:01",0.94647,14,nyhalcyon
357,16916842,Anon,"2026-09-27 01:07:44",0.94647,19,anwarsadique
358,16915397,"Logan Clark","2026-09-17 14:34:52",0.94647,2,loganclark211
359,16798866,"Huzaifa Mankda","2026-09-26 19:30:58",0.94647,34,huzaifa242
360,16803084,"Satyam Kumar0725","2026-09-25 19:57:56",0.94647,16,satyamkumar0725
361,16799543,Finezza,"2026-09-26 16:16:22",0.94647,31,finezza
362,16798984,Abhijeet000000007,"2026-09-24 15:10:24",0.94647,78,"abhijeet000000007,clashingarena"
363,16802586,"Rob Schieber","2026-09-25 23:43:38",0.94647,32,robschieber
364,16798880,Hermengardo,"2026-09-27 01:43:52",0.94647,70,hermengardo
365,16798723,ganesha,"2026-09-27 06:01:57",0.94647,12,"naveenjv12,ramjv6"
366,16894327,maccine,"2026-09-18 12:56:06",0.94647,14,maxxxine
367,16955106,man1ac-1773,"2026-09-27 03:59:44",0.94647,24,man1ac1773
368,16918677,"cinnamon melon pig","2026-09-25 22:55:57",0.94647,5,cinnamonmelonpig
369,16886121,"Kota Fuchiwaki","2026-09-26 23:51:18",0.94647,42,kotafuchiwaki
370,16799109,BlamerX,"2026-09-26 22:46:28",0.94646,62,blamerx
371,16803528,choqui62,"2026-09-26 10:17:36",0.94646,38,choqui62
372,16798599,"Дворкин Евгений Владимирович","2026-09-25 14:15:22",0.94646,33,evgendvorkin
373,16843716,DeepMind,"2026-09-26 07:04:17",0.94646,16,deepthink123
374,16888915,SWAMSLABL,"2026-09-27 02:55:57",0.94646,10,swamslabl
375,16905485,"Le Huy Tuong","2026-09-22 18:13:27",0.94646,28,lehuytuong
376,16803764,"lionel W509","2026-09-13 08:47:26",0.94646,23,lionelw509
377,16847488,"Yan Tao Tang","2026-09-27 00:27:03",0.94646,29,yantaotang
378,16802712,"Michael Y. Qiu","2026-09-20 16:52:47",0.94646,17,michaelqiu0606
379,16922131,"Madhu Siddharth","2026-09-25 01:10:32",0.94646,8,madhusiddharth
380,16927708,里奥梅东,"2026-09-24 13:59:41",0.94646,17,lionalmedong
381,16804882,elmo,"2026-09-19 06:34:28",0.94646,52,mktakizawa
382,16832906,"Nelson VIKOU","2026-09-24 19:28:19",0.94646,34,nelsonvikou
383,16906503,K3V1NM,"2026-09-18 17:33:11",0.94646,6,k3v1nm
384,16801873,"Evgeny Nevodnich","2026-09-16 17:06:42",0.94646,21,evgenynevodnich
385,16831551,"Wenbo Qin","2026-09-16 04:25:18",0.94646,40,wenboqin
386,16894206,semistelly,"2026-09-18 04:56:06",0.94646,9,semistelly
387,16847429,scikit-learn,"2026-09-10 14:19:16",0.94646,32,scikitlearning
388,16846342,khursani,"2026-09-17 07:57:22",0.94645,24,khursani8
389,16920832,"SEUN OH","2026-09-24 08:43:53",0.94645,5,ohseun0210
390,16898480,"Pranav pant","2026-09-25 06:54:28",0.94645,47,bored99
391,16801189,Keanan,"2026-09-25 06:54:57",0.94645,11,citerne
392,16859870,Pankaj_Kumar037,"2026-09-23 12:39:29",0.94645,4,pankajkumar037
393,16798600,"Busya PRIME","2026-09-21 15:04:59",0.94645,19,busyaprime
394,16857433,"Francisco Sánchez","2026-09-25 01:56:19",0.94645,8,fransafu
395,16884436,"malcolm tan","2026-09-16 05:28:33",0.94645,8,malcolmtan
396,16805147,Hemingweb,"2026-09-13 10:01:56",0.94645,40,"hemingweb,nassimdev0x"
397,16888009,dp23334,"2026-09-17 03:55:31",0.94645,11,dp23334
398,16833479,pp,"2026-09-27 06:28:11",0.94645,18,refrigerator21
399,16870992,"Aaryan Pawar","2026-09-16 07:41:03",0.94645,25,aaryanpawar16
400,16845334,"Dary Cuello","2026-09-13 02:06:20",0.94645,8,skipperml
401,16881958,Febriyansyah,"2026-09-12 21:29:21",0.94645,5,febriyansyahresearch
402,16889249,"Dirt Ball","2026-09-16 02:51:37",0.94645,7,benprendergast
403,16957530,misten,"2026-09-26 06:42:57",0.94645,19,misten
404,16881524,"Muhammed Shad Bhati","2026-09-12 14:14:51",0.94645,1,bhatimohdshad
405,16968824,MedvAx,"2026-09-26 19:22:07",0.94645,1,medvax
406,16802166,"Shigeru Kondou","2026-09-09 06:15:19",0.94645,7,shigerukondou
407,16847462,kphotchara,"2026-09-23 07:25:33",0.94645,8,kphotchara
408,16925005,conole,"2026-09-19 12:35:41",0.94645,3,conole
409,16803030,"Hoai Vo","2026-09-21 04:12:16",0.94645,46,vkhoai
410,16803816,Santhana,"2026-09-22 18:44:42",0.94645,12,santhanalekshmic
411,16939901,HaoL,"2026-09-22 11:43:05",0.94645,3,haoliu777
412,16885753,"Rabia Naz","2026-09-27 03:42:22",0.94645,21,rabianaz22
413,16838710,psychoTKC,"2026-09-27 04:19:15",0.94645,17,psychotkc
414,16810878,Jorgen9B,"2026-09-26 14:27:33",0.94645,46,jorgen9b
415,16879081,都是同龄人我原本没想降维打击！,"2026-09-16 01:11:28",0.94645,8,ordea1
416,16803997,"Praneeth Paikray","2026-09-24 09:38:56",0.94645,28,paiky1995
417,16942826,Layer_0,"2026-09-27 04:02:14",0.94645,15,"himanshux,uddeshayanand"
418,16838574,"Taemyung Heo","2026-09-19 11:31:52",0.94645,13,tmheo74
419,16832278,hotaq,"2026-09-22 08:31:32",0.94644,42,chinnaphatkhun
420,16903624,jackchen1207,"2026-09-22 09:10:54",0.94644,5,jackchen1207
421,16885493,Briano,"2026-09-17 02:05:54",0.94644,1,woominyo
422,16840930,Dubnium,"2026-09-23 13:11:15",0.94644,34,ahmetyasin1
423,16809829,"Tatsuya Aramaki","2026-09-27 04:07:13",0.94644,28,tatsuyaaramaki
424,16967877,ISeeData,"2026-09-26 21:09:03",0.94644,2,deepon73
425,16804441,"Andrew Leal70","2026-09-10 18:29:47",0.94644,22,andrewleal70
426,16965445,"Mohamed Salah","2026-09-26 18:53:18",0.94644,7,mosalah7
427,16875841,cccyou,"2026-09-13 10:09:19",0.94644,8,cccyou
428,16808003,"Matilda Tasiens","2026-09-25 07:47:54",0.94644,53,matildatasiens
429,16891352,Catalyst,"2026-09-14 13:56:56",0.94644,6,vibekaggler
430,16960581,"Repala Manideep","2026-09-25 14:34:48",0.94644,3,repalamanideep
431,16881741,mmasato,"2026-09-17 16:18:22",0.94644,11,mizogakimasato
432,16952328,notme,"2026-09-25 13:04:46",0.94644,11,ducknf
433,16833189,DD_AI_Studio,"2026-09-23 07:43:12",0.94644,16,ddaistudio
434,16802187,jyama,"2026-09-17 23:16:16",0.94644,35,yarukikun
435,16864825,casperow,"2026-09-24 07:48:43",0.94644,4,casperow
436,16805325,"Monesh Satheeswaran","2026-09-22 17:43:48",0.94644,2,moneshsatheeswaran
437,16803292,dukka,"2026-09-25 14:06:58",0.94644,61,onurozahioglu
438,16864959,"Ripon C. Malo","2026-09-10 23:28:47",0.94644,2,riponce
439,16799518,"Danish Adam","2026-09-27 02:18:05",0.94644,13,danishpythonian
440,16799673,@luke,"2026-09-24 14:41:06",0.94644,23,loukaspritsas
441,16846930,Bertholdt,"2026-09-11 07:19:59",0.94644,25,bertholdt
442,16824074,SOONHANKWON,"2026-09-15 02:54:30",0.94644,10,soonabletv
443,16842698,MinhTran2346,"2026-09-10 08:41:40",0.94644,36,minhtran2346
444,16817896,famou,"2026-09-19 10:00:47",0.94644,15,lihuaiming
445,16866897,Algorex,"2026-09-10 13:50:15",0.94644,6,daniellebagaforomeer
446,16849097,"Diya Sharma","2026-09-10 17:08:57",0.94644,2,diyasharmanexa
447,16968874,Uddeshay-ml,"2026-09-26 23:07:11",0.94644,1,uddeshayml
448,16846931,beyond-compare,"2026-09-11 07:08:40",0.94644,9,"mathqueen,xihangshan"
449,16871221,haodou092,"2026-09-11 06:22:54",0.94644,1,haodou092
450,16928229,"Gao Yingbo","2026-09-27 04:28:30",0.94644,16,gaoyingbo
451,16811961,"Fil Thinh","2026-09-10 12:27:45",0.94644,12,filthinh
452,16853244,"Vũ Tuấn","2026-09-21 09:07:47",0.94644,34,vtunksdlvnj6
453,16863612,JinchengZhang1,"2026-09-10 02:54:35",0.94644,10,jinchengzhang1
454,16839803,AreJain,"2026-09-10 17:21:10",0.94644,16,arejain
455,16806545,mochi0601,"2026-09-24 12:00:19",0.94644,39,mochi0601
456,16828175,"Gregory L.","2026-09-10 11:33:00",0.94644,9,lgregory
457,16866502,"Aniket Abhishek Soni","2026-09-10 12:11:03",0.94644,1,aniketsoni
458,16808677,Funguscakehead,"2026-09-21 02:48:24",0.94644,12,funguscakehead
459,16849496,PapaSoda,"2026-09-09 17:08:57",0.94644,5,papasoda
460,16849951,"Guy Bason","2026-09-25 10:53:22",0.94644,25,guybason
461,16937293,dipper13579,"2026-09-27 06:50:18",0.94644,11,dipper13579
462,16870380,"Tejasv Bhatia","2026-09-12 07:45:41",0.94644,8,tejasvbhatia
463,16907141,"Habib ullah","2026-09-25 02:54:05",0.94643,8,habibullah123456789
464,16814953,ypl0lpy,"2026-09-09 06:29:49",0.94643,22,ypl0lpy
465,16886495,"Drek Fretson","2026-09-19 18:03:00",0.94643,26,drekfretson
466,16798678,YoussefSalem_fr,"2026-09-20 21:22:42",0.94643,58,youssefsalemishere
467,16802789,DinCaus,"2026-09-25 19:56:29",0.94643,54,dincaus
468,16798810,kava1,"2026-09-27 03:45:25",0.94643,127,kava1
469,16803281,"Mohan Krishna Thalla","2026-09-20 18:33:23",0.94643,8,mohankrishnathalla
470,16904557,"Aliy Elbekov","2026-09-18 09:28:42",0.94643,10,aliyelbekov
471,16881621,MudassarPAPI,"2026-09-25 08:13:48",0.94643,8,mudassarpapi
472,16799752,"Romone Dunlop","2026-09-11 08:10:40",0.94643,74,romonedunlop
473,16838711,"sakkn sakkn","2026-09-26 22:14:11",0.94643,18,sakknsakkn
474,16883204,"[Deleted] 34116b1a-1130-4eae-95fb-514fd4d801b7","2026-09-12 22:14:21",0.94643,1,del=6d9c6949d9981c31
475,16805310,"Sergey Qt2024","2026-09-26 21:09:19",0.94643,93,sergeyqt2024
476,16945562,"Parth Patel","2026-09-25 15:43:03",0.94643,7,parthpatel2130
477,16879331,aliREZA,"2026-09-21 21:04:21",0.94643,7,afazlik1
478,16807627,aki,"2026-09-26 06:38:01",0.94643,11,cob12426
479,16859333,"raghad alsaqqa","2026-09-24 07:23:55",0.94643,17,raghadalsaqqa
480,16806684,"Akmal Azzam o'g'li","2026-09-25 02:30:26",0.94643,19,akmalmir
481,16865493,"Ark Medwin","2026-09-14 08:39:20",0.94643,8,benjfrank
482,16802687,SergeyN1942,"2026-09-26 13:00:28",0.94643,87,sergeyn1942
483,16807114,jdw0899,"2026-09-25 14:44:35",0.94643,10,jdw0899
484,16897877,"Mitansh kanani ","2026-09-26 15:22:00",0.94643,39,"aadithire,mitanshkanani"
485,16920772,"[Deleted] e68a2bee-f338-4172-941c-824b640544da","2026-09-19 14:22:37",0.94643,7,del=265f00771ba05d6d
486,16803041,nkmr,"2026-09-26 10:23:58",0.94643,24,nicomugilove
487,16933256,md10011,"2026-09-21 08:13:35",0.94643,4,md10011
488,16853007,jeongwonyu123,"2026-09-09 01:15:22",0.94643,17,jeongwonyu123
489,16809348,Mrsalty,"2026-09-25 11:11:28",0.94643,4,mrsaltyx
490,16802812,"Abu Kayyisah Basyid","2026-09-19 16:03:39",0.94643,23,abukayyisahbasyid
491,16956937,"metin oztas","2026-09-26 00:17:39",0.94642,4,metinoztas
492,16811067,"Baha Enes Ören","2026-09-08 10:15:48",0.94642,19,bahaenesren
493,16891617,"Arnav Gawade ","2026-09-22 01:43:00",0.94642,8,arnavgawade
494,16952534,"Nolan BONHOMME","2026-09-24 18:13:36",0.94642,10,nolanbonhomme
495,16841712,"Sean Zhang","2026-09-08 20:43:24",0.94642,9,"blackpearls1,seanzhang2445"
496,16798958,huangbin,"2026-09-12 08:50:03",0.94642,27,huangbin1
497,16842031,"Kim Minh","2026-09-12 03:42:48",0.94642,37,hanming14
498,16840897,"Kiran Kunapuli","2026-09-09 09:45:08",0.94642,10,kirankunapuli
499,16879334,"Leer Wong","2026-09-15 18:21:18",0.94642,5,leerwong
500,16930304,Tsjzkzyzz,"2026-09-20 11:44:34",0.94642,4,tsjzkzyzz
501,16832427,ASHML,"2026-09-13 18:36:01",0.94642,10,ashml
502,16799267,June3141,"2026-09-10 08:10:37",0.94642,4,june3141
503,16882852,"John Tyler","2026-09-12 20:33:35",0.94642,1,johntyler331
504,16924035,"Furqan Ahmad","2026-09-21 18:56:49",0.94642,25,furqanktk
505,16800040,"Fabien Roduit","2026-09-19 19:47:31",0.94642,7,kamiryu
506,16799072,lighth,"2026-09-26 09:58:12",0.94642,9,lighth
507,16898992,Vance,"2026-09-16 04:24:36",0.94641,6,vansbc
508,16832950,Fayette77,"2026-09-16 05:07:45",0.94641,16,fflucky
509,16853116,"navazsh fathi","2026-09-12 08:58:57",0.94641,3,navazshfathi
510,16843980,"Shengwei Lu","2026-09-19 10:51:12",0.94641,8,shengweilu
511,16875458,SeraphinaGlacia,"2026-09-11 13:32:45",0.94641,6,seraphinaglacia
512,16842758,"Keiichiro Terahara","2026-09-08 08:35:17",0.94641,16,keiichiroterahara
513,16914611,zhangc0207,"2026-09-25 03:05:58",0.94641,10,zhangc0207
514,16802824,"Liam O’Brien","2026-09-26 21:46:08",0.94641,5,liamob96
515,16890915,关注塔菲喵,"2026-09-14 17:37:25",0.94641,10,"bronwick,sunnyhe123"
516,16939010,Escap1ng,"2026-09-22 12:29:43",0.94641,5,escap1ng
517,16964863,ZeroDegress,"2026-09-26 05:43:08",0.94641,6,zerodegress
518,16850692,Cate,"2026-09-11 10:10:03",0.94641,15,catejames
519,16956668,"Rafael Gallo","2026-09-25 02:24:37",0.94641,8,gallo33henrique
520,16864977,AmitKumarPradhan,"2026-09-11 19:26:32",0.94641,16,akpradhn
521,16802602,"ML learner","2026-09-19 15:26:53",0.94641,7,usermaname1
522,16847574,"Liujin Qiu","2026-09-16 02:18:07",0.94641,3,qqiuliujin
523,16802405,"Toshifumi Komiya","2026-09-27 03:25:59",0.94641,60,toshifumikomiya
524,16842814,ParsaAshrafi,"2026-09-14 12:19:37",0.94641,12,parsaashrafii
525,16861973,quzhihang,"2026-09-10 11:36:20",0.94641,5,quzhihang
526,16809529,平野竜貴,"2026-09-27 05:32:30",0.94641,115,hiraaaaah
527,16870580,"Ugur Tasdan","2026-09-13 00:06:03",0.94641,14,fairlanderflick
528,16926841,"Oleksandr Zalievskyi","2026-09-19 21:41:22",0.94641,4,sashaworker
529,16808993,"Akiyoshi Kinoshita","2026-09-26 08:48:53",0.94641,27,satokin13m
530,16817843,"Dannya AbdulHadi","2026-09-13 03:29:17",0.94641,4,dannyaabdulhadi
531,16866443,goodpjw2008,"2026-09-16 14:13:18",0.94641,14,goodpjw2008
532,16921270,"Sergii Rogochii","2026-09-22 07:16:03",0.94641,2,novagravity
533,16917694,"Zhaocheng Dong","2026-09-24 03:24:39",0.94640,8,zhaordan
534,16832257,Jack,"2026-09-25 15:31:09",0.94640,18,jackg12345
535,16893752,"Jack Shumway","2026-09-23 01:40:26",0.94640,8,jackshumwaya3x
536,16809162,"kyle Taylorer","2026-09-12 09:37:54",0.94640,10,kyletaylorer
537,16941036,KOBA,"2026-09-23 14:07:03",0.94640,4,kobayakawahayato
538,16860415,Aelly,"2026-09-11 10:51:22",0.94640,7,aellyyy
539,16804363,GurSimran,"2026-09-19 10:11:19",0.94640,18,gurseeon
540,16805739,"Gerald Schwartz","2026-09-26 16:56:34",0.94640,5,geraldschwartz
541,16820688,"Umair Zia","2026-09-26 15:08:56",0.94640,24,stealthtechnologies
542,16932136,"Eva Urankar","2026-09-21 16:14:45",0.94640,7,evaurankar
543,16800069,wmls^0^okok,"2026-09-23 02:43:00",0.94640,10,kjy666
544,16802295,Ajanraj,"2026-09-26 09:43:33",0.94640,28,ajanraj25
545,16880604,ML_BOY,"2026-09-23 18:46:01",0.94640,2,mlboy1
546,16942047,"Chris Thomas","2026-09-24 13:52:05",0.94640,10,christh0mas
547,16871380,Imcyj123,"2026-09-26 19:40:21",0.94640,53,kurase
548,16852935,Jackpot181,"2026-09-15 12:24:28",0.94640,7,jackpot181
549,16799970,"Tuncay Aydın","2026-09-25 06:26:46",0.94640,16,muhammedtuncayaydn
550,16851746,"chen junnian","2026-09-08 07:16:45",0.94640,10,chenaini
551,16842182,Koooooooooo,"2026-09-11 09:35:01",0.94640,15,kouokada
552,16847933,weichy7,"2026-09-24 09:27:57",0.94640,10,weichy7
553,16828109,sanny0605,"2026-09-18 01:38:39",0.94640,121,sanny0605
554,16952788,"Aarav C","2026-09-26 20:52:10",0.94640,19,roboplayz
555,16850451,Cpleasance,"2026-09-12 00:14:49",0.94640,24,cpleasance
556,16880507,"Omar Mukhtar","2026-09-13 12:46:19",0.94640,14,omarmukhtar3
557,16830917,"Murat Emre YÜCEL","2026-09-09 10:48:11",0.94640,23,muratemreycel
558,16853080,jingle2026,"2026-09-10 05:02:43",0.94640,5,jingle2026
559,16907199,N.N.,"2026-09-26 12:18:10",0.94640,8,wilsonping
560,16926930,"Aleksei Martyniuk","2026-09-20 13:08:00",0.94639,7,alekseimartyniuk
561,16865589,"Philemon Chan","2026-09-20 14:28:05",0.94639,5,uduntu
562,16905383,李明,"2026-09-17 04:33:01",0.94639,10,liming2026good
563,16932771,SeaGoat,"2026-09-22 04:47:39",0.94639,20,vbandaru
564,16871923,"Clement Ling","2026-09-12 16:32:37",0.94639,6,clementling
565,16799386,"Sala J","2026-09-10 09:59:02",0.94639,31,sjwell
566,16886658,xhsmsuper,"2026-09-13 19:18:08",0.94639,4,xhsmsuper
567,16876177,SergioMoras,"2026-09-13 16:27:16",0.94639,7,sergiomoras
568,16823625,"Varadaraj Borkar","2026-09-22 14:19:37",0.94639,21,varadarajborkar
569,16819331,"Mike chen666","2026-09-26 07:28:36",0.94639,17,mikechen666
570,16823055,SDA000,"2026-09-19 00:25:51",0.94639,36,sda000
571,16843254,zfzflzf,"2026-09-21 00:07:56",0.94639,12,zfzflzf
572,16845485,niulai,"2026-09-08 03:57:10",0.94639,10,rngrng
573,16937582,"Trandict Ellegus","2026-09-22 18:32:47",0.94639,6,trandictellegus
574,16959044,"Punit Kanzariya","2026-09-25 10:40:58",0.94639,10,punitkanzariya
575,16935970,"Bhavesh Kolhe","2026-09-23 12:15:26",0.94639,4,bhaveshkolhe
576,16823331,Charlezz8z,"2026-09-10 03:23:27",0.94639,9,charlezz8z
577,16969227,"Noam Asayag","2026-09-27 06:13:01",0.94639,5,noamasayag
578,16876372,Ayodeji,"2026-09-19 17:10:36",0.94639,7,ayodejiibrahimlateef
579,16881357,zhangwr6666,"2026-09-15 13:50:41",0.94639,2,zhangwr6666
580,16841792,salamanda19,"2026-09-16 19:17:22",0.94639,8,salamanda19
581,16859513,"Maziyar Abyari","2026-09-16 23:44:35",0.94639,11,maziyarabyari
582,16937543,"dai dx","2026-09-23 16:32:05",0.94639,7,daidaxiong
583,16799137,dengyufei,"2026-09-26 18:34:15",0.94639,85,dengyufei666
584,16913980,"bank kobe","2026-09-18 06:49:51",0.94639,13,bankkobe
585,16857102,"Possible Knowledge","2026-09-12 19:35:53",0.94639,18,possibleknowledge
586,16964629,"Yamazaki Tomoya","2026-09-27 02:00:21",0.94639,5,yamazakitomoya
587,16929945,qluBGGG,"2026-09-21 08:11:26",0.94638,2,qlubggg
588,16931066,myxxwl,"2026-09-21 01:08:37",0.94638,3,myxxwl
589,16881908,pwxc00,"2026-09-12 17:12:31",0.94638,2,alert04
590,16798882,Solid,"2026-09-26 23:08:15",0.94638,57,nizhen
591,16803634,"Arnie Jimenez","2026-09-14 19:00:50",0.94638,15,arniejimenez
592,16846551,Dilovar,"2026-09-08 05:30:21",0.94638,4,dilovar
593,16857913,"Sukanti Kar","2026-09-09 04:09:44",0.94638,1,sukantikar
594,16966526,"Baseer Shah","2026-09-26 18:32:41",0.94638,6,baseershah
595,16896223,"Koh Endru","2026-09-16 03:42:06",0.94638,7,kohendru
596,16953921,agshiv92,"2026-09-27 02:26:26",0.94638,6,agshiv92
597,16941297,Timmor,"2026-09-24 18:25:52",0.94638,5,timmor
598,16799807,"Patrice MAZEL","2026-09-13 10:35:55",0.94638,2,patricemazel
599,16803855,Evdilos_Ikaria,"2026-09-16 03:56:57",0.94638,28,georgem
600,16890924,cristian,"2026-09-22 00:01:54",0.94638,23,crprpr
601,16865244,"Krissawan Boontham","2026-09-26 11:47:01",0.94638,16,krissawanboontham
602,16849042,"Muhammad Khan Muneer","2026-09-10 21:52:03",0.94638,7,muhammadkhanmuneer
603,16852671,"Lê Quang Cảnh","2026-09-12 13:19:46",0.94638,12,zhincez
604,16823555,"Bulşah Keçici","2026-09-15 04:53:46",0.94638,8,bulsahkecici
605,16808154,"Grace Ganyilo","2026-09-24 09:41:48",0.94638,6,graceganyilo
606,16886455,"Alpha Lin","2026-09-14 01:13:40",0.94638,12,alphalin2010
607,16867794,"Nitish Songara","2026-09-11 08:16:10",0.94638,6,nitishsongara
608,16811462,really?,"2026-09-26 09:30:11",0.94638,21,udaken10
609,16868635,"Hüseyin Enes Duran","2026-09-11 21:30:54",0.94638,12,hseyinenesduran
610,16935462,Tom&Jerry,"2026-09-23 07:40:32",0.94638,7,tomjerry101
611,16845914,"coke lu","2026-09-08 08:33:13",0.94638,5,cokelu
612,16892492,"Almaz Sakhapov","2026-09-18 03:56:32",0.94638,4,almazsakhapov
613,16924630,"Pratik Mahnot","2026-09-19 11:41:50",0.94638,1,pratikmahnot
614,16970940,OptAI,"2026-09-27 07:25:12",0.94638,1,opticalai
615,16855013,Sakthei,"2026-09-13 17:40:31",0.94638,2,sakthei
616,16959518,Corgi-Samoyed,"2026-09-25 07:41:55",0.94638,1,corgisamoyed
617,16948445,Cunriman,"2026-09-24 08:32:21",0.94638,3,cunriman
618,16878837,beibeihk,"2026-09-12 04:02:53",0.94638,3,beibeihk
619,16802749,PIPPI,"2026-09-20 22:31:56",0.94638,25,hayatarosu
620,16823053,XAVI,"2026-09-15 19:58:21",0.94638,13,xx1263
621,16930485,"Story begins ","2026-09-20 16:04:56",0.94638,4,storybegins
622,16829894,Kyr1ll,"2026-09-09 12:03:22",0.94637,5,kyr1ll
623,16816456,tuko_tanzwoo,"2026-09-12 05:46:18",0.94637,17,tukotanzwoo
624,16850954,"Lamine Yamal","2026-09-07 23:38:05",0.94637,1,ermanman
625,16862239,MetamorphoseQ,"2026-09-10 03:54:39",0.94637,2,metamorphoseq
626,16815512,ali_abidi_1111,"2026-09-12 14:42:22",0.94637,13,aliabidi2357
627,16863977,arare-uma,"2026-09-10 05:58:49",0.94637,1,arareuma
628,16881292,AryamanSi17,"2026-09-13 19:03:53",0.94637,13,aryamansi17
629,16803000,destroyer@123787,"2026-09-16 11:22:03",0.94637,5,destroyer123787
630,16817026,kif,"2026-09-26 03:07:10",0.94637,20,echigobran
631,16802998,"Yoongdoo Noh","2026-09-26 18:33:23",0.94637,109,yoongdoonoh
632,16871172,"Dinidu Rukshan","2026-09-12 14:20:13",0.94637,9,dinidurukshan
633,16845402,cshara,"2026-09-15 12:00:39",0.94637,1,cshara
634,16924185,Ayyue0716,"2026-09-19 09:10:41",0.94637,3,ayyue0716
635,16803203,oliver,"2026-09-26 16:27:12",0.94637,45,oliverlang
636,16928288,lequanghai,"2026-09-20 10:21:20",0.94637,1,lequanghai
637,16862089,"Electric Weasle","2026-09-09 17:38:51",0.94637,4,electricweasle
638,16805458,Herohito,"2026-09-23 15:33:01",0.94637,14,aangphurba
639,16802421,"Ryotaro Minato","2026-09-27 05:03:57",0.94637,4,ryotarominato
640,16968776,"Asif Khan","2026-09-27 04:31:47",0.94637,2,asifkhan22
641,16871146,huijie_g,"2026-09-16 08:49:17",0.94637,11,huij11gg
642,16838667,"Xiangtao Xiao","2026-09-19 05:34:42",0.94637,4,xiangtaoxiao
643,16839987,"Dalia Mowafy","2026-09-26 22:18:14",0.94637,62,daliamowafy7
644,16807684,"Sayaka Kitahara","2026-09-15 08:20:17",0.94637,13,sayakakitahara
645,16908412,"Kartik Chilkoti","2026-09-17 17:28:02",0.94637,10,kartikchilkoti
646,16920201,"Mikołaj Olesiński","2026-09-24 13:56:34",0.94637,24,mikoajolesinski
647,16881623,Wei,"2026-09-21 23:40:58",0.94636,7,wwang200
648,16953361,"Dheerendra Singh Tomar","2026-09-24 16:19:15",0.94636,3,tomardheerendra
649,16932514,amritanshu067,"2026-09-21 00:05:14",0.94636,3,ari067
650,16961710,ZhangYongyu,"2026-09-25 18:43:21",0.94636,2,zhangtongyu
651,16968806,"Ayaan Mustafa","2026-09-27 05:32:20",0.94636,4,ayaanmustafa
652,16876094,Nihil1337,"2026-09-27 06:48:09",0.94636,33,nihil1337
653,16809944,"Brejesh Balakrishnan","2026-09-13 05:44:26",0.94636,5,brejeshbalakrishnan
654,16802845,Pyeonggi,"2026-09-25 04:18:14",0.94636,13,pgkim42
655,16839989,awei,"2026-09-17 01:47:29",0.94636,11,awei666
656,16867105,"Ayush Tiwari","2026-09-19 20:31:47",0.94636,2,ayushtiwariiitg
657,16914777,canary17,"2026-09-24 09:00:14",0.94636,6,canary17
658,16856850,"Jiayi Du","2026-09-08 22:18:04",0.94636,1,jahyee
659,16857288,Jerry,"2026-09-25 00:55:59",0.94636,7,jerry34
660,16963656,octoopus,"2026-09-26 00:02:42",0.94636,3,octoopus
661,16847182,"Bitbyte gng","2026-09-20 20:53:40",0.94636,18,"abhiramdarbha,manittiwari,tannna"
662,16921815,"Giovanni Novelli","2026-09-25 02:41:04",0.94636,17,giovanninovelli
663,16910494,"Sebastian Salutare","2026-09-24 18:15:26",0.94636,4,sebastiansalutare
664,16861891,"Enrico Silvi","2026-09-09 20:50:33",0.94636,3,enricosilvi
665,16877292,"Hamza Zulfiqar","2026-09-19 18:01:25",0.94636,9,rhamzazulfiqarj
666,16845047,"Rafael Gomes","2026-09-11 20:51:23",0.94636,6,grafael
667,16810884,Vaibhav,"2026-09-08 12:40:19",0.94636,25,vaibhavpatel
668,16841279,"M Who 11","2026-09-09 16:04:47",0.94636,3,mwho11
669,16927785,"Lim Ba Su","2026-09-20 08:00:12",0.94635,2,limbasu
670,16852082,"Udit Jain","2026-09-21 23:29:54",0.94635,5,uditjain13
671,16828134,"Younghwan Hwang","2026-09-14 08:52:41",0.94635,9,younghwanhwang
672,16806975,John,"2026-09-05 01:23:22",0.94635,28,john159151
673,16865928,"Reda Mountassir","2026-09-17 15:01:17",0.94635,13,"aribaymane61,redamountassir"
674,16867270,"Triết Nguyễn","2026-09-14 09:20:38",0.94635,25,strayer1337
675,16897555,columnz7,"2026-09-19 11:22:43",0.94635,2,columnz7
676,16799655,AjayKumar@9391123,"2026-09-09 11:23:19",0.94635,14,ajaykumar9391123
677,16939536,"Divye Mahajan","2026-09-24 14:53:29",0.94635,16,slimypunk03
678,16878590,"Shuichiroh Oda","2026-09-13 02:10:11",0.94635,10,shuichirohoda
679,16833268,HIGORMALz,"2026-09-15 22:13:38",0.94635,17,higormalz
680,16953534,"İlker Yasin Çakır","2026-09-26 17:21:36",0.94635,7,ilkeryasin8
681,16928202,GSD,"2026-09-26 14:55:45",0.94635,6,gsdeepakkumar
682,16822871,Timass,"2026-09-04 15:24:36",0.94635,11,timmass2
683,16823819,"Clark Kitchen","2026-09-25 18:54:27",0.94635,5,clarkkitchen
684,16809492,"Mohamed Youssef","2026-09-07 13:43:20",0.94635,20,mhmd1424
685,16810341,datatuu,"2026-09-05 17:00:05",0.94635,21,yaoguang516
686,16802044,Arukyan,"2026-09-25 14:56:22",0.94635,19,arukyan
687,16844017,"hamdi mohamed","2026-09-07 11:00:26",0.94635,2,hamdimohamed22
688,16802257,"Asterios Terzis","2026-09-05 20:51:00",0.94635,7,asteriosterzis
689,16954299,OctOpus,"2026-09-25 22:51:43",0.94635,14,doudouba
690,16895410,Cho_Kang_Hee,"2026-09-18 08:40:12",0.94635,15,chokanghee
691,16922789,Fernando,"2026-09-19 22:36:35",0.94635,1,ferthegentleman
692,16952065,XiaotaoWang,"2026-09-24 09:14:40",0.94635,2,wangxiaotao
693,16969120,"Arnab G.","2026-09-27 07:19:08",0.94634,6,brokenrib
694,16960843,"Jarek Zmudzinski","2026-09-26 06:37:13",0.94634,5,jzmudzinski
695,16871224,"padma akash","2026-09-11 08:55:08",0.94634,2,padmaakash
696,16928012,OkItsEklavya,"2026-09-20 21:18:55",0.94634,3,okitseklavya
697,16924707,mmryouta,"2026-09-20 04:01:28",0.94634,6,mmryouta
698,16921087,"Duct Dynamic","2026-09-25 07:27:12",0.94634,21,ductdynamic
699,16881535,"Zoltan Ersek","2026-09-19 18:41:02",0.94634,9,zoltanersek
700,16806474,"tom c tea","2026-09-26 07:50:54",0.94634,6,tomctea
701,16799578,Nenya,"2026-09-26 09:56:24",0.94634,22,nenya17
702,16861090,hailillya,"2026-09-10 15:48:06",0.94634,6,hailillya
703,16938407,"Ronaldo Júnior","2026-09-26 13:42:21",0.94634,6,ronaldoi9
704,16891680,"ZeKai Zhan","2026-09-20 10:47:56",0.94634,6,zekaizhan
705,16826206,"Abiram Bharathi S.A","2026-09-08 10:01:52",0.94634,27,abirambharathisa
706,16809421,yatakeuc,"2026-09-10 12:00:18",0.94634,21,yatakeuc
707,16904753,"Kagan Mumcu","2026-09-16 12:11:42",0.94634,2,kaganmumcu
708,16810297,overwhelmer,"2026-09-05 16:03:39",0.94634,19,overwhelmer
709,16839666,"Yash Aswale","2026-09-22 19:11:45",0.94634,13,yashloq779
710,16802434,"Arko Bera","2026-09-24 07:06:28",0.94634,8,cartoonistbeard
711,16799524,tuboa2,"2026-09-18 07:38:51",0.94634,26,tuboa2
712,16803048,"yoshiomi shimazu","2026-09-26 16:50:43",0.94634,46,yoshiomishimazu
713,16932566,"Aman Anand","2026-09-22 03:18:38",0.94634,10,yekahaaagayeham
714,16947075,Ryan,"2026-09-24 16:51:24",0.94634,8,ryqn00
715,16821928,"Akalya Bharathi S A","2026-09-12 15:51:10",0.94634,21,akalyabharathisa
716,16891960,europanite,"2026-09-18 13:28:01",0.94634,14,europanite
717,16939056,Ken,"2026-09-22 03:46:04",0.94634,1,kensuke77
718,16838199,"Shishir Adhikari","2026-09-18 00:16:01",0.94634,8,shishiradhikari11
719,16845423,XJHya233,"2026-09-07 20:49:49",0.94633,8,xjhya233
720,16886006,"Selim Halykov","2026-09-13 13:43:06",0.94633,2,selimhalykov
721,16830370,KikET,"2026-09-11 13:09:06",0.94633,8,kikets
722,16846099,"sabbir hossain","2026-09-07 06:29:48",0.94633,1,sabbirhardworker
723,16921319,Hydru8128,"2026-09-19 10:27:22",0.94633,9,hydru8128
724,16950129,s0673468,"2026-09-27 06:09:00",0.94633,19,s0673468
725,16809884,"Water ground","2026-09-27 04:39:08",0.94633,91,kyumoto
726,16841650,"Travis Reinart","2026-09-08 23:25:44",0.94633,3,travisreinart
727,16871638,aueurm,"2026-09-11 17:00:01",0.94633,2,aueurm
728,16823643,"Muneeb ul Hassan","2026-09-08 16:08:41",0.94633,7,muneeb2405
729,16965320,netaro,"2026-09-27 02:33:42",0.94633,10,netaro
730,16808122,Ricky,"2026-09-05 06:06:50",0.94633,9,rickyds97
731,16823495,dragoshh1984,"2026-09-08 16:22:38",0.94633,7,dragoshh1984
732,16844525,zqh19991223,"2026-09-07 07:33:10",0.94633,13,zqh19991223
733,16954875,"kyusang Jung","2026-09-24 19:01:11",0.94633,8,kyusangjung
734,16802485,JungHwan,"2026-09-05 07:29:23",0.94633,10,najunghwan
735,16880143,xuechengzou,"2026-09-13 04:51:49",0.94633,3,xuechengzouinkaggle
736,16930822,"M P AJITH BHARADWAJ","2026-09-22 07:52:26",0.94633,4,ajithbharadwaj
737,16846944,"Oriol Hinojo","2026-09-25 11:40:27",0.94633,3,oriolhinojocomellas
738,16894650,Ramadhanigb19,"2026-09-16 01:44:22",0.94633,4,ramadhanigb19
739,16802581,AI6102,"2026-09-05 14:46:10",0.94633,8,"liudiandian,lymhhh666"
740,16884857,Shakeel,"2026-09-20 07:00:32",0.94633,9,shakeel787
741,16882597,"Zhihuan Xue","2026-09-12 20:28:09",0.94633,2,xuantianfengwu
742,16952692,"Noah Öksüz","2026-09-24 12:26:38",0.94633,2,noahksz
743,16823033,coder738,"2026-09-19 11:54:15",0.94633,6,coder738
744,16801472,"Bros 360x","2026-09-05 08:11:09",0.94633,27,"alexander683,bros360x"
745,16805265,"Silvan Müller","2026-09-05 22:21:33",0.94633,7,silvanmller
746,16806089,khgb,"2026-09-08 00:06:21",0.94633,40,khgb123
747,16839411,"Patrick CHER","2026-09-20 03:29:50",0.94633,26,patrickcher
748,16965510,EitaF,"2026-09-26 13:12:00",0.94632,3,eitafukumoto
749,16833289,"Alejandro Lopez-Rincon","2026-09-25 08:11:03",0.94632,51,alejandrolopezrincon
750,16804934,"Shayan Zulfiqar","2026-09-25 11:46:02",0.94632,14,shayanzk
751,16808556,"Ali Ghandi","2026-09-14 14:16:14",0.94632,11,aligh474
752,16798811,sswatari,"2026-09-07 06:37:57",0.94632,18,sswatari
753,16826564,Karrenay,"2026-09-24 07:37:45",0.94632,3,karrenay
754,16859579,CongNguyenM,"2026-09-09 12:43:24",0.94632,8,congnguyenm
755,16926958,"Jack Shumway #2","2026-09-20 12:47:54",0.94632,3,jackshumway
756,16925926,CAU53744-T08,"2026-09-27 07:10:42",0.94632,6,yshyun
757,16879245,"Jasteg Singh","2026-09-25 07:38:35",0.94632,11,jastegsingh1234
758,16904836,Mario,"2026-09-17 11:04:49",0.94631,4,mario9898
759,16810678,"Kamonashis Halder","2026-09-26 15:40:15",0.94631,5,kamonashis
760,16802382,rockyhg,"2026-09-27 06:10:03",0.94631,65,rockyhg
761,16842060,"Rob C","2026-09-08 00:54:57",0.94631,4,robertcheah
762,16820895,Sybery_AI,"2026-09-06 21:27:10",0.94631,17,syberyai
763,16857868,rehubinggao,"2026-09-14 04:26:42",0.94631,8,rehubinggao
764,16803386,Jatin,"2026-09-18 10:01:40",0.94631,5,jatinkumar2005
765,16906204,big-git-man,"2026-09-25 15:29:38",0.94631,15,biggitman
766,16860307,Araki.rw,"2026-09-12 16:08:41",0.94631,5,arakirw
767,16846892,"Rintaro Tsumugi","2026-09-24 16:22:19",0.94631,10,rintarotsumugi
768,16922940,Beagle_King,"2026-09-20 04:49:31",0.94631,4,alanyulunwu
769,16858075,Carter,"2026-09-16 00:46:07",0.94631,16,caca505
770,16921192,"Heval Önay","2026-09-22 20:17:13",0.94631,7,hevalnay
771,16799438,"Tahseen Aslam","2026-09-23 14:19:12",0.94631,5,tahseenaslam
772,16931713,DancingLumberjack,"2026-09-22 00:02:17",0.94631,7,jamesmcgarryiv
773,16870733,Jingxiang,"2026-09-11 18:30:17",0.94631,5,jingxiango
774,16841843,"Aadit Agrawal","2026-09-06 04:05:51",0.94630,8,aaditagrawal
775,16913962,Sora_JODDD,"2026-09-17 14:08:30",0.94630,5,sorajoddd
776,16833367,"Mihir Argulkar","2026-09-07 08:13:42",0.94630,9,mihirargulkar
777,16798566,Chovy,"2026-09-10 01:00:22",0.94630,20,chovyxu
778,16799786,"Nityashmi sharma","2026-09-05 09:11:32",0.94630,20,"hargunsandhu,nityashmisharma"
779,16845576,CHCV,"2026-09-10 11:57:33",0.94630,3,chcvpz
780,16870701,"Võ Xuân Thùy","2026-09-27 03:45:28",0.94630,8,thyvxun
781,16842677,endobop,"2026-09-14 09:39:08",0.94630,8,krishanukalita
782,16808813,"Muhammet Faruk Erem","2026-09-16 22:02:51",0.94629,36,muhammeterem
783,16959498,wg9103,"2026-09-26 08:26:55",0.94629,7,wg9103
784,16965026,mige551,"2026-09-26 11:22:05",0.94629,9,mige551
785,16870060,Hamachi,"2026-09-11 10:12:54",0.94629,5,hamatz
786,16968885,"Mohammad Abdur Rehman Cheema","2026-09-26 23:39:31",0.94629,1,abdurrehman0095
787,16832837,"Marie-Lou Barnaud","2026-09-13 17:17:35",0.94629,6,marieloubarnaud
788,16805293,r2singh,"2026-09-21 17:44:34",0.94629,5,ratnaraj
789,16954723,imaimai17468,"2026-09-25 01:53:45",0.94628,7,imaitoshiki
790,16916230,VROPEXT,"2026-09-17 19:19:48",0.94628,1,vropext
791,16936510,"Olga Aksenova","2026-09-25 19:51:53",0.94628,10,olgaaksenova
792,16802740,"Just Code","2026-09-11 15:37:11",0.94628,12,justcode1
793,16968019,"Juan David Villate","2026-09-27 00:20:16",0.94628,13,juandavidvillate
794,16805868,"Gaurab Baral","2026-09-04 13:24:59",0.94628,13,itzgauurab
795,16819432,"Ali hussien jawad","2026-09-13 22:06:15",0.94628,18,"alihussienjawad,khalidnidawi"
796,16844686,Abhinandan,"2026-09-06 22:22:09",0.94628,3,abhi8667j
797,16798911,Chiranjeev,"2026-09-06 04:33:06",0.94628,18,abhirajhiwale
798,16832500,"An Pham","2026-09-04 18:40:21",0.94628,8,hoang1711
799,16822664,"Dhruv Tibarewal","2026-09-07 16:24:01",0.94627,5,dhruvtibarewal
800,16943027,False_gen,"2026-09-22 19:34:55",0.94627,10,anikpanja
801,16966085,"safal lohani","2026-09-27 06:41:08",0.94627,1,safallohani
802,16928204,aazutaku,"2026-09-21 08:37:49",0.94627,8,aazutaku
803,16965635,KoYokoyama,"2026-09-27 06:20:48",0.94627,5,koyokoyama
804,16877337,"Felipe Figueiredo02","2026-09-11 23:12:43",0.94627,6,felipefigueiredo02
805,16798623,"Evan Arlen Handy","2026-09-04 01:07:17",0.94627,14,evanarlenhandy
806,16813886,"Animesh Kumar","2026-09-22 08:20:32",0.94627,11,animeshuit98
807,16890566,"Nguyen Nhut Minh","2026-09-17 16:01:42",0.94627,8,nguyennhutminh
808,16805345,彭元彥,"2026-09-02 19:00:00",0.94627,6,pongpong1027
809,16905057,"Bala Baskar","2026-09-26 17:07:43",0.94627,12,balabaskar
810,16951425,fortyone,"2026-09-24 12:05:23",0.94627,8,nurda41
811,16876332,"Milan Ribel","2026-09-26 15:24:40",0.94627,5,milanribel
812,16832851,"Selim Akl","2026-09-05 13:22:49",0.94627,7,selimakl
813,16893809,EricWang,"2026-09-19 00:46:44",0.94627,3,ericwang915
814,16799677,Krisuj,"2026-09-17 09:06:55",0.94627,2,krisuj
815,16798965,"Hussaan Haroon","2026-09-10 15:26:19",0.94626,3,hussaanharoon
816,16926360,"Khai Nguyen","2026-09-21 08:35:37",0.94626,2,chocomica
817,16887345,"ronger zhu","2026-09-17 05:45:46",0.94626,15,rongerzhu
818,16887271,"Utkirbek Azimov","2026-09-14 07:47:01",0.94626,4,azimovu
819,16798905,"DYLAN GUNAWAN13331","2026-09-02 07:40:21",0.94626,11,dylangunawan13331
820,16798795,"(ノ◡ <)","2026-09-13 12:38:27",0.94626,10,nawfeelrahman1124444
821,16894415,"Aquib Ahmad","2026-09-20 11:04:05",0.94626,6,aquibahmad7
822,16808767,"BNBU YUXIANG Jiang","2026-09-27 06:34:59",0.94626,33,yuxiang328
823,16944479,"Yuuki Aikawa","2026-09-23 03:35:25",0.94626,3,yuukiaikawa
824,16806403,"Subhobrata Dey","2026-09-23 11:28:09",0.94626,6,sbcd90
825,16935637,"Vadim Pashkov","2026-09-21 21:09:36",0.94625,5,vpashkov
826,16859512,"Kosuke KUWAHARA","2026-09-22 23:50:26",0.94625,16,kukukucode
827,16961057,SahilIslam111,"2026-09-26 09:54:02",0.94625,6,sahilislam111
828,16891471,"Tomas Oriol","2026-09-24 12:24:25",0.94625,4,tomasoriolds
829,16818192,"Augustine Williams223","2026-09-03 10:48:34",0.94625,1,augustinewilliams223
830,16806807,"Zeyou Zhang","2026-09-26 07:25:45",0.94624,3,zeyouzhang
831,16941466,风之刃e,"2026-09-24 13:44:52",0.94624,2,frzzzzzzzzz
832,16963458,"Abdelhafid AMMARI","2026-09-25 21:28:20",0.94624,6,abdelhafidammari1
833,16828008,"Jayyanth K B","2026-09-09 13:54:18",0.94624,10,jayyanthkb
834,16852781,"Safwan Amin","2026-09-08 17:56:31",0.94624,5,bracu23101281
835,16810087,CaptainNemo,"2026-09-04 17:52:33",0.94624,17,nemokaggler
836,16949189,"Luke Stafford","2026-09-24 00:06:28",0.94623,4,luketstafford
837,16832136,huohuaya,"2026-09-06 02:13:28",0.94623,5,huohuaya
838,16841605,"Sushmit Deb","2026-09-06 21:55:41",0.94623,5,sushm17
839,16847308,"Abdul Hameed","2026-09-21 09:25:50",0.94623,2,ahameed01
840,16814218,人畜无害,"2026-09-04 02:24:16",0.94623,11,slowmo19
841,16919677,"Lev Morozov","2026-09-18 13:18:52",0.94623,2,levmorozov
842,16848276,"Cemal Ataş","2026-09-07 19:30:42",0.94623,5,cemalata
843,16799994,"jidong Wu","2026-09-06 11:57:06",0.94622,6,jidongwu
844,16810147,"Roshan Roy","2026-09-06 12:34:06",0.94622,1,roshanroy333
845,16936743,reality6,"2026-09-24 09:43:44",0.94622,14,reality6
846,16809375,adamdavis99,"2026-09-21 13:15:48",0.94622,5,adamdavis99
847,16885966,Kan,"2026-09-16 13:22:43",0.94622,8,kantamotohashi
848,16951221,Control1,"2026-09-26 22:19:40",0.94622,7,chaoyikang
849,16810885,"Gaiar Baimuratov","2026-09-03 16:35:47",0.94622,11,baimuratov
850,16840877,KLwin,"2026-09-15 13:56:12",0.94622,14,amanmt24013
851,16832041,datarchive,"2026-09-08 16:28:41",0.94622,12,univekqls
852,16961288,HyperNeonByte,"2026-09-27 02:50:25",0.94622,7,hyperneonbyte
853,16827146,wanglei,"2026-09-17 09:43:59",0.94621,20,wellywelly
854,16845056,"Siddharth Patel","2026-09-20 22:35:02",0.94621,6,siddhugp
855,16810511,StephenNedumpally,"2026-09-02 18:06:05",0.94621,1,stephennedumpally
856,16932898,"Kacey Kelley","2026-09-25 08:30:34",0.94621,8,kaceykelley
857,16855395,KennyHTW,"2026-09-08 19:58:46",0.94621,6,kennyhtw
858,16799922,"Anhad Mahajan","2026-09-23 13:37:03",0.94621,47,anhadmahajan06
859,16798898,"David Guzzi","2026-09-24 00:33:25",0.94621,7,davidguzzi
860,16883171,bliutech,"2026-09-13 17:12:42",0.94621,10,bliutech
861,16800168,MAT,"2026-09-07 12:23:00",0.94621,15,mehmetanltays
862,16811220,blacksword812,"2026-09-06 21:16:32",0.94621,19,blacksword8192
863,16804847,"Vladimir Demidov","2026-09-25 23:43:24",0.94621,128,yekenot
864,16877852,InformaBook2,"2026-09-22 16:37:45",0.94621,30,informabook2
865,16833018,AsSidiq,"2026-09-05 04:05:41",0.94621,18,assidiq
866,16915887,"Steve T","2026-09-25 21:12:12",0.94621,6,jamesfitxroi
867,16805721,"Rommel Sharma","2026-09-17 05:53:44",0.94621,12,rommelsharma
868,16809344,Harmesh,"2026-09-25 18:41:08",0.94621,16,harmesh095
869,16946579,"Kamil Ijuin","2026-09-23 16:16:17",0.94621,3,kamillek
870,16915866,"Duranjai V","2026-09-23 10:00:15",0.94621,4,duranjaiv
871,16843561,QiYian,"2026-09-06 15:19:25",0.94620,5,uhduih123
872,16889130,maoxin123,"2026-09-15 12:52:55",0.94620,12,maoxin123
873,16798699,ONODERA,"2026-09-04 12:19:14",0.94620,6,onodera
874,16922507,"Minh HoHoang","2026-09-20 21:43:40",0.94620,1,minhhohoang
875,16892224,"Khuong Duy 01","2026-09-14 15:51:17",0.94620,5,khuongduy01
876,16800504,Foxure,"2026-09-03 11:10:26",0.94620,11,foxure
877,16834628,GagePeppers,"2026-09-06 02:47:52",0.94620,6,gagepeppers
878,16868638,"Win Suthar","2026-09-14 20:44:47",0.94620,7,ashwanidhukra
879,16806494,"Lam Mo Kit ","2026-09-02 16:29:33",0.94620,3,lammokit
880,16801545,william950615,"2026-09-06 00:14:39",0.94619,21,william950615
881,16888814,rand346,"2026-09-15 15:18:07",0.94619,7,rand346
882,16936081,XuanmingBao,"2026-09-21 12:32:28",0.94619,1,xuanmingbao
883,16906069,"Greg Spitz","2026-09-17 08:44:42",0.94619,5,gregspitz
884,16906090,小等等,"2026-09-24 05:34:00",0.94619,26,atwelve
885,16802898,"Dennis SH Lai","2026-09-16 16:48:26",0.94619,16,dshihlai
886,16897957,"dua manusia nol persiapan","2026-09-17 17:42:05",0.94619,9,"banukuncoro,rogernathanael"
887,16847194,"Horikita Saku","2026-09-07 12:28:52",0.94619,3,horikitasaku
888,16965544,"WEE KEN GOH","2026-09-26 14:27:13",0.94619,9,weekengoh
889,16888864,"SAHIL GROVER","2026-09-15 12:00:05",0.94619,4,sahilgrover
890,16868319,Dron5591,"2026-09-23 15:42:00",0.94619,13,dron5591
891,16938281,Jayhawk1900,"2026-09-24 17:43:44",0.94618,12,jayhawk1900
892,16854719,ILUNOSHA,"2026-09-12 16:21:15",0.94618,36,elu7301
893,16893205,kane16,"2026-09-26 20:21:46",0.94618,8,balkankhilmi
894,16808114,"Gaurav kumar","2026-09-26 03:16:45",0.94618,17,gauravkrsinha
895,16893632,"Nicolás Pedemonte","2026-09-18 20:21:08",0.94618,8,nicolspedemonte
896,16941660,"Rashid Khazeiynasab","2026-09-22 20:20:40",0.94618,2,rashidel1988
897,16841220,"Animan khandelwal","2026-09-26 03:45:33",0.94618,11,animankhandelwal
898,16878345,ineumi2_,"2026-09-23 14:45:40",0.94618,11,ineumi2
899,16855215,"Marc Maldonado Lorca","2026-09-16 18:54:35",0.94617,3,marcmaldonado
900,16936290,C.Ronaldo,"2026-09-22 03:16:38",0.94617,1,wzh20050212
901,16969390,rlawoals0529,"2026-09-27 06:41:23",0.94617,9,rlawoals0529
902,16868487,"Manny Peiso","2026-09-21 18:29:29",0.94617,8,mannypeiso
903,16803548,AndyL,"2026-09-21 18:40:41",0.94617,13,androidl
904,16827911,"Araik Tamazian","2026-09-05 19:03:59",0.94617,13,atamazian
905,16858537,VC4,"2026-09-16 01:16:53",0.94616,17,luckyvc
906,16943834,"Mason Zhao","2026-09-23 02:32:01",0.94616,5,leyanzhao
907,16897147,Mizumori59,"2026-09-27 02:14:21",0.94616,9,mizumori59
908,16828369,Galza98,"2026-09-04 14:47:02",0.94616,8,galza98
909,16887683,Viginem,"2026-09-17 18:35:59",0.94616,5,vighneshpawaskar
910,16944307,Lukan,"2026-09-26 02:54:43",0.94616,19,zachary666
911,16803554,PavelLiashkov,"2026-09-03 11:12:12",0.94616,4,bigbag1983
912,16832829,"Ishan Raj","2026-09-26 10:22:16",0.94616,5,mightyjiraiya
913,16961208,"Nada Youssef Amrawy","2026-09-26 08:07:17",0.94616,4,nadayoussefamrawy
914,16919268,hzn,"2026-09-20 02:24:55",0.94616,19,benhzn07
915,16799209,Rakhansyah,"2026-09-05 19:23:42",0.94616,12,rakhansyah
916,16841654,HananFish,"2026-09-07 15:36:23",0.94616,6,hananfish
917,16843189,캐글리언,"2026-09-15 01:11:38",0.94616,12,kaglerian
918,16891375,Nilanjan_Saha123,"2026-09-17 10:39:18",0.94615,15,nilanjansaha123
919,16808616,"amaury lc","2026-09-02 14:53:32",0.94615,3,amaurylc
920,16960343,Wen003,"2026-09-25 10:09:56",0.94615,1,wen003
921,16799154,"Kodai Fukuda","2026-09-17 08:10:39",0.94615,43,kodaifukuda0311
922,16857736,nawggg,"2026-09-16 02:48:33",0.94615,1,nawggg
923,16878061,GarrieD,"2026-09-13 21:49:31",0.94615,5,garried
924,16820017,"Mika SHNHR","2026-09-27 06:58:46",0.94615,27,mikashnhr42261
925,16821052,"Adama Traore","2026-09-03 20:21:28",0.94615,10,adamstra
926,16828042,add_mul,"2026-09-05 05:24:00",0.94615,7,addmul
927,16895283,edward1503,"2026-09-21 06:47:06",0.94615,2,nguynnc
928,16866324,"ravi AK","2026-09-23 15:52:06",0.94615,6,raviak
929,16966159,"apoorva dixit","2026-09-27 01:39:27",0.94615,16,apoorvadixit
930,16894388,소시지햄,"2026-09-23 00:46:13",0.94615,13,haemgu
931,16854013,"Şahin Alp Akosman","2026-09-26 23:31:57",0.94615,19,sahinalpakosman
932,16848214,insunglee0818,"2026-09-08 03:03:07",0.94615,5,insunglee0818
933,16832614,Markus.JM,"2026-09-14 14:47:22",0.94615,5,maiernator
934,16807530,falsenine,"2026-09-14 00:33:32",0.94614,6,koheishima
935,16965556,"Duc Trung Hoang","2026-09-26 06:41:48",0.94614,2,ductrunghoang
936,16919970,"julian andres viejo garrido","2026-09-19 09:51:11",0.94614,5,salmaviejo
937,16799125,"M. Syahrindra","2026-09-12 11:14:32",0.94614,10,mochammadsasuharno
938,16843709,"Azmat Hussain","2026-09-07 16:34:58",0.94614,2,ahussai
939,16881630,"Felipe Colombarolli","2026-09-13 08:42:04",0.94614,1,felipecolombarolli
940,16805359,rampichino,"2026-09-03 16:18:36",0.94613,3,alfreale
941,16894888,"邓睿宸 2311274","2026-09-15 07:42:50",0.94613,1,soraynn
942,16862332,"Jaded Llama","2026-09-12 16:40:00",0.94613,3,jadedllama
943,16811853,"SOUSSOU Koffi Désiré","2026-09-10 09:34:09",0.94613,11,soussoukoffidsir
944,16811109,DaTaro,"2026-09-13 22:34:16",0.94613,10,starokes
945,16848540,fn4ste,"2026-09-19 17:02:38",0.94613,1,fn4ste
946,16811838,caiguoneng,"2026-09-03 09:27:13",0.94612,5,caiguoneng
947,16798804,"Kazuhiro Masuyama","2026-09-15 04:11:09",0.94612,61,kazuhiromasuyama
948,16814987,"Zihan Ni","2026-09-06 06:03:35",0.94612,6,lunangai
949,16814410,"Khara Han","2026-09-04 06:02:26",0.94612,13,"kharahan,zavierchen"
950,16802551,"Anurag Goyal","2026-09-03 11:46:30",0.94612,6,anuraggoyal2203
951,16838761,Wakabourne,"2026-09-23 12:00:39",0.94612,5,wakabourne
952,16935676,"Kevin Rio Harristyando","2026-09-25 09:21:02",0.94612,7,kevinrioharristyando
953,16843671,Soni-KR,"2026-09-07 19:25:39",0.94612,6,mouradkraiem
954,16802312,BIZEN250,"2026-09-04 07:48:36",0.94612,11,bizen250
955,16855993,LR.AIML,"2026-09-17 15:29:52",0.94611,14,"lucasgroot,robkraseu"
956,16823110,"Jan Fidor","2026-09-04 14:58:47",0.94611,19,janfidor
957,16847020,SudoShellz,"2026-09-08 04:01:06",0.94611,3,taryncampbell
958,16877284,"Azamat Sadikov","2026-09-11 22:52:54",0.94611,1,azamatsadikov
959,16808265,IOE,"2026-09-05 12:39:27",0.94611,8,s1teko
960,16822859,Jeeva2470041,"2026-09-04 04:49:13",0.94611,8,jeeva2470041
961,16822442,rootxhacker,"2026-09-04 03:38:10",0.94611,3,rootxhacker
962,16841762,wis-smec,"2026-09-07 04:23:35",0.94611,6,wissmec
963,16885596,"Hessa Khalfan","2026-09-15 11:58:28",0.94610,12,hessakhalfan
964,16839145,"Eshan Mehendale","2026-09-06 18:37:34",0.94610,3,eshanmehendale
965,16866810,"Prudhvi Yelisetti","2026-09-26 13:35:55",0.94610,9,prudhviyelisetti
966,16799698,"Coding made Easy","2026-09-22 02:39:40",0.94610,5,codingmadeeasy
967,16925575,"Katsushi Miyagawa","2026-09-24 13:31:48",0.94610,4,katsushimiyagawa
968,16884630,"Kenzo Okajima","2026-09-19 01:01:51",0.94610,8,kenzookajima
969,16826089,Dule@11,"2026-09-04 18:44:32",0.94610,7,dule11
970,16847483,"StrGenIx | Laurens D'hooge","2026-09-07 11:52:20",0.94610,5,dhoogla
971,16847930,tomohiroikeda,"2026-09-21 14:43:29",0.94610,11,tomohiroikeda
972,16806364,"Matthew Y","2026-09-02 20:54:44",0.94610,4,cidkardi
973,16824050,"Karam Khasawneh","2026-09-04 14:47:51",0.94609,7,karamkhasawneh
974,16799882,"Ákos Pintér","2026-09-12 14:50:30",0.94609,100,kospintr
975,16951567,mitu316,"2026-09-24 09:59:32",0.94609,2,mitu316
976,16920408,"Artur Markosyan","2026-09-21 13:25:14",0.94609,5,arturmarkosyan2
977,16832242,"Pranjal Verma","2026-09-06 07:08:27",0.94609,2,pranjalverma08
978,16817747,"Olatide Bolaji","2026-09-05 20:27:14",0.94609,20,olatidebolaji
979,16948159,gkstmd050823,"2026-09-27 03:03:55",0.94609,17,gkstmd050823
980,16802205,"Paul Shelby","2026-09-04 11:13:37",0.94609,14,paulshelby
981,16822784,"mattéo Mathis","2026-09-16 11:16:21",0.94609,11,mattomathis
982,16898816,Jhonc08200021,"2026-09-18 03:18:59",0.94609,3,jhonc08200021
983,16828977,flag_06,"2026-09-22 13:55:39",0.94608,13,flag06
984,16933350,"I don't know","2026-09-27 06:11:46",0.94608,1,kshitijsinghrawat
985,16802403,noam,"2026-09-03 18:10:34",0.94608,4,noamdwc
986,16799565,"Lâm Huy","2026-09-05 12:35:42",0.94608,15,lamhuy8904
987,16798802,W-Bruno,"2026-09-03 23:49:46",0.94608,15,haoqiangzheng
988,16839540,"Xerx 350","2026-09-14 20:02:14",0.94608,4,xerx350
989,16847043,YeFeng311@outlook.com,"2026-09-23 00:55:48",0.94608,6,yefeng311outlookcom
990,16968833,"Priyanshu Kumar","2026-09-27 06:50:49",0.94607,5,priyanshu2090
991,16855391,Crystal2006,"2026-09-12 02:40:24",0.94607,6,crystal2006
992,16926753,paridhi19,"2026-09-21 10:21:20",0.94607,5,paridhi19
993,16805741,"NextAura AI _ ZU","2026-09-02 08:09:58",0.94607,7,mohandabuayyash1
994,16806584,"Nithin maktha","2026-09-02 05:40:13",0.94607,1,makthanithin
995,16811749,zane666,"2026-09-05 03:40:08",0.94607,2,zane666
996,16911638,"Michael Simony","2026-09-18 08:36:02",0.94607,5,michaelsimony
997,16880221,"Dev Chandra Adhikari","2026-09-21 13:17:52",0.94607,19,devchandraadhikari
998,16947206,"Aron Bakes","2026-09-26 23:55:29",0.94607,10,aronbakes
999,16942061,"la viva la desire","2026-09-24 15:34:24",0.94606,3,gigan11ga
1000,16804378,"Özgür Berke Akyol","2026-09-05 09:21:27",0.94606,13,ozgurba
1001,16855316,"Jaskaran Singh","2026-09-09 18:40:22",0.94606,8,jaskaran20306
1002,16895549,DebugBird,"2026-09-24 08:38:37",0.94606,5,pinecone101
1003,16898077,kminh712,"2026-09-17 15:07:33",0.94606,1,hanashiroanzu
1004,16930804,"T.-C. Chang","2026-09-21 13:51:38",0.94606,12,newlooker
1005,16898644,"Challenge Accepted","2026-09-15 21:45:24",0.94606,3,challengeaccepted111
1006,16811769,lyagushkerr,"2026-09-07 08:18:23",0.94606,7,lyagushkerr
1007,16857742,CalebSChen,"2026-09-11 05:53:51",0.94606,15,calebschen
1008,16908881,"Gabriele M","2026-09-16 23:04:33",0.94606,1,gmartegiani
1009,16944127,"Umid Musaev","2026-09-24 01:30:41",0.94605,8,codingclimber
1010,16802938,Maxim,"2026-09-04 03:05:16",0.94605,5,ektarr
1011,16803921,"Mohammed Rajaa","2026-09-03 09:54:55",0.94605,9,mohammedrajaa
1012,16848171,Satsujinngahara,"2026-09-23 09:24:55",0.94605,7,satsujinngahara
1013,16827164,wangxt1,"2026-09-04 08:19:48",0.94605,3,wangxt1
1014,16799086,LULU,"2026-09-07 14:21:01",0.94605,13,"luluwenhaolulu,qingwending"
1015,16802759,"Georgios Nikolitsis","2026-09-18 11:00:52",0.94604,53,gnikolitsis
1016,16842490,"AYi GUO","2026-09-08 08:42:39",0.94604,5,ayiguo
1017,16838407,"Srivatsav Kannan","2026-09-05 13:16:28",0.94603,4,srivatsavkannan
1018,16942023,hr15de,"2026-09-22 21:03:27",0.94603,1,hr15de
1019,16895855,"Yiman Gao","2026-09-15 15:09:23",0.94602,4,yimangao
1020,16822718,Hoaivo,"2026-09-03 17:03:13",0.94602,3,hoaivo
1021,16821704,James,"2026-09-23 21:09:26",0.94602,2,jamesripoll
1022,16802466,chenshiyo,"2026-09-09 10:30:54",0.94601,5,chenshiyo
1023,16853299,"Artem Deviatov","2026-09-08 12:55:58",0.94601,4,f12s3d45s6
1024,16867066,Furkan,"2026-09-25 20:04:52",0.94601,29,furkanzmez
1025,16799557,CaERu_korokoro,"2026-09-16 12:28:16",0.94601,2,caeru11291129
1026,16800519,"Alibay Alili","2026-09-26 08:46:34",0.94601,19,alibay
1027,16842839,"Hyunil Yoo","2026-09-17 04:53:47",0.94601,5,hyunil91
1028,16892480,"Rithesh Bashetty","2026-09-15 14:39:15",0.94601,10,ritheshbashetty
1029,16882546,"Eric Wang","2026-09-13 19:47:48",0.94600,1,wangeric15
1030,16895907,clouder_121,"2026-09-15 10:35:19",0.94599,1,clouder121
1031,16869716,Jonaid,"2026-09-12 14:24:56",0.94599,12,jonaidshianifar
1032,16843958,Rohan,"2026-09-12 17:45:57",0.94599,9,mathleteutd
1033,16883037,"Mohammad Yaser Hussain","2026-09-16 02:49:39",0.94599,8,mohammadyaserhussain
1034,16912699,"Maks M","2026-09-20 13:50:50",0.94598,1,maksmamaev
1035,16937128,"Akshay Jain_RB","2026-09-21 16:35:23",0.94598,3,akshayjainrb
1036,16839121,WIKXY,"2026-09-25 09:39:44",0.94598,19,beneththeskin
1037,16799748,"Komil Parmar","2026-09-02 07:07:08",0.94598,4,komilparmar
1038,16915407,"Muhammad Zulkifil","2026-09-18 14:26:44",0.94598,8,muhammadzulkifil
1039,16895889,"Nicolás Barceló","2026-09-25 16:20:12",0.94598,3,nicolsbarcel
1040,16798976,"Sadam Torres","2026-09-04 03:04:21",0.94598,8,sadamtorres
1041,16848057,"Yunus Dermencioglu","2026-09-07 13:23:55",0.94597,2,yunusdermencioglu
1042,16833371,"Irkan Alfa","2026-09-05 17:33:19",0.94597,2,irkanalfaraji
1043,16861514,"Yanwei Lu","2026-09-11 10:37:22",0.94597,5,yanweilu
1044,16853538,Keychain,"2026-09-08 15:26:41",0.94597,4,tomoki1126
1045,16946312,"himanshu mittal","2026-09-25 05:16:33",0.94597,2,"tumsbkabaap,vedanshmittal2076"
1046,16802350,"shankar lal","2026-09-01 22:09:48",0.94597,4,shankar3234
1047,16829820,tkdndgus,"2026-09-05 17:27:31",0.94597,5,tkdndgus
1048,16858661,Vishwa,"2026-09-16 07:21:19",0.94597,8,rv1922
1049,16804053,"Gregory Williams","2026-09-24 08:31:41",0.94597,31,gdbwilliams
1050,16849233,Fatemeh_Balaei,"2026-09-18 20:59:24",0.94596,22,fatemehbalaei
1051,16804933,hypecoef,"2026-09-06 15:13:02",0.94596,10,pieego
1052,16806707,"Bissultanov Yernar","2026-09-07 06:53:50",0.94596,3,deasoffice
1053,16919254,Asorac@NCCU_gf0927,"2026-09-20 11:19:22",0.94596,3,gf0927
1054,16958698,lllllll1111,"2026-09-25 05:34:00",0.94596,1,lllllll1111
1055,16892605,zaltark,"2026-09-21 19:30:56",0.94596,6,zaltark
1056,16889558,"Sharath S","2026-09-25 07:49:27",0.94595,3,akicodes
1057,16811538,treflow,"2026-09-03 18:43:36",0.94595,3,treflow
1058,16803260,Kareem,"2026-09-08 17:44:58",0.94594,3,kareemmourad
1059,16908521,"Anish Prakash","2026-09-18 17:45:27",0.94594,1,anishprakash27
1060,16858255,Wheeler,"2026-09-16 02:06:24",0.94594,15,wh1111
1061,16823630,"Ayoola Okunlola","2026-09-14 15:56:47",0.94594,5,ayoolaokunlola
1062,16806170,"Lamaq and Nastija","2026-09-20 12:18:20",0.94594,17,"lamaqdahodwala,nastijakalugina"
1063,16845916,"Toshihiro Noguchi","2026-09-07 11:57:56",0.94594,2,toshihironoguchi
1064,16803133,TBRTRL,"2026-09-22 09:14:48",0.94594,111,tbrtrl
1065,16852863,ooooosik,"2026-09-14 01:44:39",0.94593,4,ooooosik
1066,16798792,Allan,"2026-09-11 05:32:54",0.94593,3,bayntuna
1067,16859100,"Youzhe Yang","2026-09-09 15:31:16",0.94593,4,youzheyang
1068,16807745,"Sheikh Madni","2026-09-23 03:44:41",0.94592,12,sheikhmadni
1069,16802848,Soham,"2026-09-04 18:18:48",0.94592,5,soham308
1070,16916693,"soham samanta","2026-09-18 17:23:56",0.94592,3,sohamsamanta
1071,16956895,Krizalis,"2026-09-26 10:28:31",0.94592,9,deonissx
1072,16920738,"Николай Сергеев","2026-09-19 10:18:14",0.94592,4,s0mes1gn37
1073,16867748,"Shohinur Pervez Shohan","2026-09-10 18:45:16",0.94591,3,shohinurpervezshohan
1074,16950920,kaiwang27,"2026-09-24 08:50:40",0.94591,3,kaiwang27
1075,16798899,"Chekhlov Dmitrii","2026-09-06 15:31:43",0.94591,2,zoli800
1076,16799371,"Rugved Bane","2026-09-16 18:05:20",0.94591,19,rugvedbane
1077,16831248,Kyon,"2026-09-26 14:42:27",0.94591,8,kyazaki
1078,16851333,준입니다.,"2026-09-15 05:00:13",0.94591,2,itsjun
1079,16812064,"Liu Classmate","2026-09-09 04:29:41",0.94591,10,liuclassmate
1080,16889676,rowhit,"2026-09-26 06:43:02",0.94590,4,rohitsrinivasan31
1081,16875647,ShowOne_01,"2026-09-25 08:46:46",0.94590,17,showone01
1082,16833405,islet,"2026-09-27 00:26:16",0.94590,18,kojimar
1083,16927710,JY,"2026-09-21 02:44:20",0.94589,9,junyihjy
1084,16865368,F1star,"2026-09-16 03:19:34",0.94589,10,fistar
1085,16954351,ねこかん,"2026-09-24 15:12:18",0.94589,1,catfood777
1086,16808814,kouchan,"2026-09-19 11:24:43",0.94589,14,kouchan0104
1087,16810711,codehendrix,"2026-09-24 12:11:53",0.94589,24,codehendrix
1088,16811916," Lưu Khải Hưng","2026-09-10 04:57:00",0.94589,5,lukhihng
1089,16944587,"Halil İbrahim Güllük","2026-09-23 21:58:17",0.94589,4,halilbrahimgllk
1090,16929504,"Ali Salih Yıldırım","2026-09-21 20:30:04",0.94589,5,alisalihyldrm
1091,16889975,znzou47,"2026-09-15 05:48:07",0.94589,4,znzou47
1092,16870705,kimzaiyi1,"2026-09-11 05:49:13",0.94589,2,kimzaiyi1
1093,16810230,Nick,"2026-09-17 08:32:01",0.94588,2,mykytadubov
1094,16890244,PhoenixAStar,"2026-09-16 22:22:07",0.94588,8,phoenixastar
1095,16823206,"Erfan Hosseini","2026-09-26 17:28:33",0.94588,8,erfanhos
1096,16803775,JanjibDEV,"2026-09-14 03:00:30",0.94588,1,janjibdev
1097,16877475,OW,"2026-09-12 04:10:40",0.94588,2,oscarwei
1098,16960551,"irtaza malik","2026-09-25 13:06:37",0.94588,2,irtazamalik
1099,16811904,"Hưng Lưu","2026-09-10 03:57:22",0.94588,7,yahhngliu
1100,16798828,AbdullahSafwan333,"2026-09-09 06:20:31",0.94588,9,abdullahsafwan333
1101,16892871,rumoa77,"2026-09-24 19:20:59",0.94587,7,rumoa77
1102,16809469,"Yusuf Ömer Erem","2026-09-04 19:45:11",0.94587,3,yusuferem
1103,16799031,Ye,"2026-09-19 16:40:37",0.94587,10,gimgoon
1104,16798628,"Makoto Furukawa","2026-09-10 01:07:03",0.94587,16,makotofurukawa
1105,16802751,"Hamza Nazim Siddiqui","2026-09-17 08:30:23",0.94587,31,"dtdoww,shreyashsiddharth"
1106,16906208,"Yi-Chi,Tseng ","2026-09-21 14:44:44",0.94586,3,yichitseng
1107,16876760,t-aikaggler,"2026-09-25 14:30:36",0.94586,2,aikawatetsuya
1108,16802874,"mariko f.","2026-09-26 12:03:36",0.94586,16,marikof
1109,16839118,"Julien Heiduk","2026-09-10 22:37:32",0.94586,28,zoupet
1110,16952259,Shujian,"2026-09-24 14:31:26",0.94585,1,lsj0815
1111,16860127,"Jeffery Mei","2026-09-09 16:41:17",0.94584,6,callmejeffery
1112,16891988,Dlmpoq01,"2026-09-14 18:22:47",0.94584,1,d46033461
1113,16848251,Bxckwood,"2026-09-07 21:27:52",0.94584,6,bxckwood
1114,16952174,"Mohammed Sufiyan","2026-09-24 10:38:31",0.94584,4,mohammedsufiyanv
1115,16865509,Danush_Kalyan,"2026-09-12 16:52:06",0.94584,8,danushkalyan
1116,16919353,Sjain,"2026-09-24 11:19:33",0.94584,19,shudhatmajain
1117,16799691,Ern711,"2026-09-10 23:04:51",0.94583,5,ern711
1118,16871875,"Oliver Kinch","2026-09-11 12:56:34",0.94583,2,oliverkinch
1119,16887255,"Weiyuan Du","2026-09-13 17:16:43",0.94583,2,weiyuandu
1120,16843525,"MOSTEFAI MOUNIR","2026-09-18 23:45:09",0.94583,6,mostefaimounir
1121,16849526,"hajiev nail","2026-09-25 05:03:17",0.94583,5,hajievnail
1122,16883379,"Daniel Udekwe","2026-09-24 21:07:38",0.94583,8,danieludekwe
1123,16854218,"Filip Martinek","2026-09-08 21:49:16",0.94583,1,filipmartinek
1124,16802822,hezhiqian,"2026-09-21 02:17:18",0.94582,20,hezhiqian
1125,16824071,永井松太郎,"2026-09-13 15:09:39",0.94582,9,nattomann
1126,16933743,"Tayyab sikandar","2026-09-23 05:11:03",0.94582,2,tayyabsikandar
1127,16944032,"RK Hana Lee","2026-09-26 08:54:17",0.94582,11,rkhanalee
1128,16896806,Caalm,"2026-09-15 14:13:32",0.94582,2,aido05
1129,16822952,tespip,"2026-09-20 13:12:03",0.94581,5,tespip
1130,16815449,Boltuzamaki,"2026-09-03 08:31:19",0.94581,2,boltuzamaki
1131,16945593,"Misty Visty","2026-09-25 08:34:39",0.94581,3,mistyvisty
1132,16808670,"Dr Anil Kumar Dubey","2026-09-06 06:09:29",0.94580,8,dranilkumardubey
1133,16882307,"Yadunandan Raman","2026-09-23 08:31:57",0.94580,12,yadunandanraman
1134,16802989,"Yong Jun Fai","2026-09-14 09:10:02",0.94580,7,yongjunfai
1135,16862572,"William Bickelmann","2026-09-13 12:10:36",0.94580,7,williambickelmann
1136,16887632,M_Muhammad_A,"2026-09-25 05:38:51",0.94580,3,mmuhammada
1137,16962995,AroojAhmed,"2026-09-27 03:50:29",0.94580,4,quresa9
1138,16851695,qianyuatkaggle,"2026-09-08 05:02:26",0.94580,1,qianyuatkaggle
1139,16839860,NynsenFaber,"2026-09-05 14:56:15",0.94579,2,nynsenfaber
1140,16892813,"Divyanshu Sharma","2026-09-15 14:54:14",0.94579,3,divyanshusharma9
1141,16807881,Amaranta,"2026-09-04 03:53:18",0.94579,6,ulyanovantonamaranta
1142,16876087,"Zhu Lin Ch'ng","2026-09-12 12:12:26",0.94579,5,czlcode
1143,16800025,"Ömer Faruk Tekin","2026-09-18 09:37:01",0.94579,5,faruktekin
1144,16960667,dxfl42,"2026-09-25 13:50:42",0.94579,3,dxfl42
1145,16919982,"Nao Matsuda","2026-09-27 03:21:54",0.94579,1,machi70
1146,16960290,"Abdelhafid Ammari","2026-09-25 14:14:29",0.94578,10,abammari
1147,16809871,"Rimba Erlangga","2026-09-06 19:31:07",0.94578,39,rimbax
1148,16799657,Akritas,"2026-09-02 11:43:24",0.94577,6,akritas
1149,16847692,"Aryaveer Gupta","2026-09-24 08:09:46",0.94577,19,aryaveergupta
1150,16822226,"Hande  Nur Uygun","2026-09-05 22:55:27",0.94577,13,handeuygun
1151,16808288,hundun,"2026-09-04 16:25:44",0.94577,23,zhongh4oyang
1152,16799681,S-as-H,"2026-09-25 12:52:05",0.94577,63,sasha1111
1153,16922161,"özgün bakla","2026-09-22 15:23:16",0.94577,8,ozgunbkl
1154,16937130,"Pradhyumnaa G","2026-09-21 17:36:09",0.94577,7,pradhyumnaag
1155,16809558,"Ricardo Pereira","2026-09-04 15:54:14",0.94576,4,rjopereira
1156,16968215,"CESAR ALARCON","2026-09-27 00:03:35",0.94576,2,alarconck
1157,16952428,"HONGLIE ZHANG","2026-09-25 12:22:13",0.94575,3,hongliezhang
1158,16892341,"Morgan Le","2026-09-17 01:26:21",0.94575,2,minhhnle
1159,16832833,"Corbett Austin","2026-09-04 22:32:07",0.94575,2,corbettaustin
1160,16917720,ifashion,"2026-09-24 00:43:35",0.94575,8,ifashion
1161,16805339,"Nikhil Fotedar","2026-09-14 01:57:03",0.94574,7,nikhilfotedar
1162,16858585,"Abdul Manan","2026-09-09 20:53:09",0.94574,9,abdulmanankhalid
1163,16802354,"Alikhan Gavrilov","2026-09-22 13:27:58",0.94574,14,alikhangavrilov
1164,16804406,dangwok,"2026-09-08 14:38:12",0.94574,2,josephdongwookkim
1165,16955383,"Matvei Tarusin","2026-09-25 05:54:33",0.94573,3,matveitarusin
1166,16952650,"Nandakrishnan O","2026-09-27 07:17:43",0.94573,7,nandakrishnan1311
1167,16881904,"Lmntrix Ace","2026-09-12 18:07:28",0.94572,2,lmntrixace
1168,16925784,alirezanasiri778,"2026-09-26 14:18:47",0.94572,4,alirezanasiri778
1169,16867013,Oreb98,"2026-09-22 15:44:53",0.94572,14,oreb98
1170,16856313,"Julianno Rogery","2026-09-09 12:43:34",0.94571,1,juliannorcs
1171,16800431,NatSwamin,"2026-09-04 10:44:04",0.94571,4,natswamin
1172,16894782,Trennon5,"2026-09-16 07:39:12",0.94571,8,trennon5
1173,16802771,"Gyanendra Singh Yadav","2026-09-18 10:30:48",0.94571,5,gyanendrasinghyadav
1174,16801062,tuannm3812,"2026-09-04 13:12:35",0.94570,7,tuannm3812
1175,16805798,"Tys TANA","2026-09-03 00:31:14",0.94570,2,tystana
1176,16822923,UnfriendlyAI,"2026-09-04 18:51:17",0.94570,10,unfriendlyai
1177,16957539,liko12312,"2026-09-25 09:41:26",0.94570,4,liko12312
1178,16925342,"Din Sokheng","2026-09-26 22:08:55",0.94570,3,sokhengdin
1179,16823682,"Shantanu Chopra","2026-09-04 12:30:37",0.94569,2,shanchp
1180,16823623,"Jocelyn Dumlao","2026-09-07 10:33:39",0.94569,2,jocelyndumlao
1181,16805454,"Nishant Dhingra","2026-09-03 05:33:37",0.94568,10,nishantdhingra
1182,16876182,Ricard0Borges,"2026-09-23 20:44:34",0.94568,20,ricard0borges
1183,16879072,"Arpit Jain","2026-09-12 04:50:31",0.94568,1,arpitjain5
1184,16924643,natsu0529,"2026-09-25 13:53:41",0.94567,6,natsu0529
1185,16889210,"Đoàn Nguyễn Ngọc Bảo","2026-09-15 06:43:02",0.94567,7,nguyeba
1186,16843240,"William Gladston","2026-09-11 16:26:42",0.94567,1,williamgladston
1187,16866069,"ROU Senghak","2026-09-10 11:54:40",0.94567,1,rousenghak
1188,16838804,None,"2026-09-07 06:10:05",0.94566,3,mdmorshalinemojumder
1189,16844414,"Akash Pandey","2026-09-22 22:16:41",0.94565,1,akashp7
1190,16839769,WUGAWUGA2,"2026-09-07 11:04:29",0.94565,3,wugawuga2
1191,16916618,Joona,"2026-09-27 04:20:44",0.94565,7,joonalaunonen
1192,16805565,Guenoir,"2026-09-09 03:33:04",0.94565,12,joshuamichael15
1193,16841283,"Black Scholes","2026-09-06 09:17:04",0.94564,3,blackscholz
1194,16832247,"Diya Patel","2026-09-26 00:48:37",0.94564,8,diyapatel02
1195,16952201,"Parth Maniar","2026-09-24 19:33:46",0.94563,2,theteacoder
1196,16830955,"Komarov Andrew","2026-09-13 13:13:43",0.94563,2,lucci01a
1197,16881094,remi_hr,"2026-09-12 15:19:42",0.94562,2,remihrf
1198,16841643,amiakar,"2026-09-06 01:51:26",0.94560,2,amiakar
1199,16862981,"Roberto Zanaboni","2026-09-12 20:25:26",0.94560,7,robertozanaboni
1200,16892369,José,"2026-09-16 18:22:46",0.94560,18,kevinz123456
1201,16939071,Hanpan00,"2026-09-22 06:49:42",0.94560,2,hanpan00
1202,16841803,JasonDTao,"2026-09-13 02:18:25",0.94559,5,jasondtao
1203,16889556,"RZ Lu","2026-09-23 07:32:51",0.94558,1,ruizhaolu
1204,16914652,bautistareynolds,"2026-09-17 14:24:04",0.94558,2,bautistareynolds
1205,16840555,coffeffe,"2026-09-07 20:52:41",0.94557,11,"coffeffe,vatereal"
1206,16852584,InfernoTK,"2026-09-08 22:33:07",0.94557,2,infernotk
1207,16907412," Dennis6886","2026-09-18 06:58:50",0.94556,3,dennis6886
1208,16906224,"Vaishnav Gudipudi","2026-09-27 05:30:01",0.94556,12,vaishnavgudipudi
1209,16848318,"Nathan Jacob","2026-09-08 12:49:03",0.94556,4,nathanjacob
1210,16942122,keyiadiannao,"2026-09-25 16:13:30",0.94555,4,keyiadiannao
1211,16947779,"SHUBH SETH","2026-09-24 15:29:31",0.94555,5,sethshubh
1212,16853145,"Karib Kazi Rafid","2026-09-25 03:55:42",0.94554,16,karibkazirafid
1213,16881846,SuperDubby,"2026-09-12 17:04:29",0.94553,10,superdubby
1214,16853269,"Qiao Ke","2026-09-08 08:43:55",0.94553,1,bridgekk
1215,16832502,"Mohamed Alaa Elboraay","2026-09-04 18:31:11",0.94552,1,mohamedalaa10
1216,16941728,jayadevuha,"2026-09-23 20:39:42",0.94551,11,jayadevuha
1217,16810302,Tathagata_Ghosh_03,"2026-09-06 18:32:23",0.94549,7,tathagataghosh03
1218,16803413,"Kanish Paul","2026-09-01 17:02:01",0.94549,1,kanishpaul
1219,16938935,"John Max","2026-09-22 11:28:14",0.94548,3,john1820430341
1220,16841337,JeeHyungKim,"2026-09-08 23:04:35",0.94548,7,wilshercky
1221,16829258,cherish_zhang,"2026-09-15 07:56:24",0.94548,7,cherishzhang
1222,16828514,"Trọng tâm Nguyễn","2026-09-04 10:18:27",0.94548,1,trngtmnguyn
1223,16892018,Dyl,"2026-09-19 04:37:51",0.94545,5,dylanvatanapradit
1224,16854103,"Yan Slabodich","2026-09-09 12:28:15",0.94544,3,yanskij
1225,16955044,nor,"2026-09-24 19:14:35",0.94543,6,nor33855
1226,16881451,"Kotaro Imamura","2026-09-13 08:48:17",0.94543,2,kotaroimamura
1227,16806870,"nikolaou nikolaou","2026-09-04 06:26:11",0.94542,3,nikolaounikolaou
1228,16812070,"Shuta Takano","2026-09-16 15:20:36",0.94542,7,shutatakano
1229,16839364,"loai fahman","2026-09-12 21:21:24",0.94541,6,loaifahman
1230,16926282,Sa1yam,"2026-09-22 13:13:59",0.94541,8,sa1yam
1231,16830537,NikitaChubai,"2026-09-11 09:41:44",0.94541,1,nikitachubai
1232,16892236,kuchinwei,"2026-09-17 14:59:58",0.94540,3,kuchinwei
1233,16799819,"alex chilton","2026-09-01 20:03:54",0.94540,5,alexchilton
1234,16802997,K.Takahashi-1986,"2026-09-07 13:53:07",0.94540,5,ktakahashi1986
1235,16965964,fufuaaa,"2026-09-26 10:37:53",0.94539,1,fufuaaa
1236,16836084,"Ashok Gaire","2026-09-05 03:36:45",0.94539,1,ashokgaire
1237,16890600,"Viet Tran","2026-09-26 09:07:38",0.94539,7,viettran0110
1238,16818230,"k sheep","2026-09-25 02:06:55",0.94538,5,tomokokyonen
1239,16810797,"Bhavagna Nagisetti","2026-09-11 21:13:29",0.94538,1,bhavagnanagisetti
1240,16803077,"Arizal Muluk","2026-09-26 13:56:33",0.94537,34,arizalfirdaus123
1241,16964967,"Ivan Morozov","2026-09-26 07:55:06",0.94535,1,tomsoier
1242,16903815,"HyeongSeok Lee_KR","2026-09-18 03:56:51",0.94534,8,hyeongseokleekr
1243,16958359,"Badal Rajpoot","2026-09-25 05:29:41",0.94534,8,badalrajpoot
1244,16880836,ManasviniAnand,"2026-09-12 11:24:42",0.94532,1,manasvinianand
1245,16810831,"Mohsen Shahbazi","2026-09-05 18:10:35",0.94531,4,mohsenshahbazi
1246,16798829,"Tian Yan666","2026-09-08 19:21:39",0.94531,8,tianyan666
1247,16817868,TAB0905,"2026-09-27 01:31:54",0.94529,31,tab0905
1248,16799457,Akahachi,"2026-09-20 08:01:35",0.94527,10,wordcards
1249,16943437,Yashvardhan,"2026-09-23 08:12:05",0.94526,5,yuser2010
1250,16844031,"Hansen Zhong","2026-09-06 21:03:52",0.94525,3,onegameonedream
1251,16844149,"[Deleted] d5bb541f-a0f1-4b27-b17b-d498a4c8661d","2026-09-11 12:17:36",0.94524,1,jhaneha18
1252,16876414,TwangyGarlic449,"2026-09-15 21:59:35",0.94523,2,twangygarlic449
1253,16917339,"Zugaj Productions","2026-09-18 16:04:05",0.94518,2,zugajproductions
1254,16842192,"Daksh Lamba","2026-09-15 07:23:51",0.94517,6,dakshlamba
1255,16848429,"Alejandro Gonzalez","2026-09-20 17:55:10",0.94517,3,alejandroglzzap
1256,16882875,BLANDCorporatio,"2026-09-24 22:31:50",0.94516,7,blandcorporatio
1257,16802895,kazkod,"2026-09-05 13:03:36",0.94515,1,kazkod
1258,16885685,"Neglected Turtle","2026-09-13 14:26:20",0.94513,1,pleaselike
1259,16864566,"Bryce Chambers","2026-09-26 00:10:09",0.94509,9,brycechambers
1260,16841856,tyuyoshi,"2026-09-12 11:09:36",0.94508,2,hasegawatsuyoshi
1261,16964782,"Kevin Lai","2026-09-26 11:10:24",0.94507,2,kevinlai4
1262,16806527,Tsubasa_00,"2026-09-02 07:40:23",0.94506,1,tsubasa00
1263,16886096,NSDMLK,"2026-09-14 05:25:04",0.94505,3,nsdmlk
1264,16920112,"Ghaith Sayari","2026-09-20 00:15:49",0.94504,4,ghaithsayari
1265,16932301,"Abdel ZIGHEM","2026-09-20 22:15:50",0.94501,2,abdelzighem
1266,16859470,"Kun J.WANG","2026-09-09 15:52:38",0.94501,2,kunjwang
1267,16921005,bruno.rios1080,"2026-09-18 16:14:04",0.94501,3,brunorios1080
1268,16806639,luochen211,"2026-09-02 06:49:48",0.94501,3,luochen211
1269,16800792,PeterGrundell,"2026-09-10 05:54:53",0.94501,24,petea2z
1270,16888379,"Sebastian Bay","2026-09-22 13:52:18",0.94500,2,sebastianbay
1271,16897549,koseki,"2026-09-26 05:23:00",0.94499,9,eggggplant
1272,16799068,"river August","2026-09-03 02:50:16",0.94498,6,riveraugust
1273,16896783,MihailMV13,"2026-09-16 00:30:54",0.94498,1,mihailmv
1274,16809396,wcwswswws,"2026-09-16 09:50:23",0.94497,39,wcwswswws
1275,16914178,Kajo,"2026-09-17 14:26:23",0.94496,9,kajarnaklokossou
1276,16949820,"Nahata Mohak","2026-09-23 20:57:49",0.94495,1,nahatamohak
1277,16882119,yakitori55,"2026-09-14 02:03:49",0.94495,2,yakitori55
1278,16911664,"Ahonakpon Guy GBAGUIDI","2026-09-17 10:35:44",0.94494,4,guyahonakpongbaguidi
1279,16830291,"Hajime Kumami","2026-09-05 00:34:29",0.94492,1,hajimekumami
1280,16801847,QuedboX,"2026-09-05 13:17:15",0.94491,5,asdfassdf
1281,16943901,"Chris Yin","2026-09-23 17:00:34",0.94491,2,icemeteor01
1282,16946640,Stefan,"2026-09-25 14:45:06",0.94490,2,stefanbschneider
1283,16904197,"Oh that me? Pure Aura","2026-09-17 04:53:16",0.94490,9,electroknight
1284,16935806,"Paul Johnson","2026-09-25 20:03:53",0.94488,2,pauljohnson
1285,16798598,"Trish Cornelissen","2026-09-23 15:26:56",0.94488,57,tcspecialist
1286,16826620,"Keya Dobriyal","2026-09-26 06:43:48",0.94484,5,keyadobriyal
1287,16892166,"Nilanjan Saha","2026-09-17 11:10:09",0.94484,3,nilanjansaha123hello
1288,16831227,Marton,"2026-09-05 08:59:35",0.94484,3,martonfuck
1289,16909683,"Cyrus Namjoo","2026-09-24 01:30:35",0.94483,7,sirousnamjoo
1290,16802777,"S Aishvarya","2026-09-05 13:32:13",0.94482,7,saishvarya
1291,16861797,"Ishank Gupta","2026-09-23 19:26:24",0.94481,3,ishankgpt02
1292,16864500,"Yueheng ZENG","2026-09-19 06:59:20",0.94481,17,yuehengzeng
1293,16800002,Async,"2026-09-19 20:36:51",0.94480,48,k1y0sh1
1294,16891505,renfei0202,"2026-09-27 05:20:17",0.94480,13,renfei0202
1295,16805197,"Atharva Parab","2026-09-05 04:20:11",0.94480,12,atharvaparab
1296,16937905,"Daniel Peng","2026-09-23 07:41:57",0.94480,8,codewithdaniel1
1297,16877155,"Alem Memic","2026-09-22 20:28:15",0.94480,24,alem88
1298,16968076,"RAMACHANDRA J","2026-09-27 06:48:18",0.94479,3,rock0707
1299,16946729,"Jake Lin","2026-09-24 02:53:01",0.94477,5,jakelinai
1300,16922413,Gullal,"2026-09-22 07:25:36",0.94477,9,gullalchm
1301,16916543,NorthOcean,"2026-09-18 06:46:59",0.94474,3,northocean
1302,16807971,casati8,"2026-09-22 09:01:04",0.94474,9,casati8
1303,16861800,蛤密呱,"2026-09-13 16:25:51",0.94471,12,strengle2357
1304,16798836,"Wei Hsiang Lin111","2026-09-11 01:06:14",0.94471,17,weihsianglin111
1305,16798937,"Nirmal Patel","2026-09-02 07:16:28",0.94470,4,nirmalpatel02
1306,16806120,"Koh Saito","2026-09-03 16:16:24",0.94468,6,kohsaito
1307,16832333,"Karan Tanshukh","2026-09-04 17:20:05",0.94468,1,karantanshukh
1308,16906907,KAGUYA810,"2026-09-20 04:15:21",0.94466,4,kaguya810
1309,16803089,"Worst Team Ever","2026-09-24 15:24:47",0.94465,76,bogdandoicin
1310,16931631,"Alexie Huynh","2026-09-22 16:29:01",0.94464,6,alexiehuynh
1311,16923052,lxrnb666,"2026-09-21 13:26:45",0.94463,11,lxrnb666
1312,16950710,"Mitansh Dev","2026-09-24 17:08:39",0.94462,5,mitanshdev
1313,16808762,"Hiroko Tsuchida","2026-09-26 13:16:33",0.94462,24,hirokotsuchida
1314,16808989,"Mohammad Alnajdawi","2026-09-02 14:59:44",0.94462,3,mohammadalnajdawi
1315,16861663,"Ali Uysal","2026-09-11 12:57:18",0.94461,2,aliuysal11111
1316,16854740,lizh2025,"2026-09-09 13:23:06",0.94459,3,lizh2025
1317,16939899,"Pratibha Tamak","2026-09-23 10:20:45",0.94458,1,pratibhatamak
1318,16801808,"Mahabub Hasan Mamun","2026-09-19 19:57:09",0.94456,10,mahabub001cs
1319,16802105,"SN JAI VISHNU","2026-09-14 07:41:47",0.94456,5,"jaivishnu2006,saiharishsaids,svimalrajan"
1320,16807903,"Utkarsh Agrawal","2026-09-04 15:55:32",0.94455,3,n0va007
1321,16884795,"Vikas kumar Singh","2026-09-19 04:33:56",0.94455,2,vikassingh01
1322,16927184,"Vijay Kumar","2026-09-23 06:08:40",0.94455,7,vijaykr0701
1323,16805596,zuoyi666,"2026-09-26 23:39:44",0.94454,6,zuoyi666
1324,16956823,"Navneet Prabhat","2026-09-26 20:28:35",0.94453,1,navneetprabhat
1325,16808743,"Mehmet Sami Boz","2026-09-04 14:37:33",0.94452,24,mehmetsamiboz
1326,16822206,"Advait ","2026-09-13 18:41:31",0.94451,4,advai1
1327,16808128,Yangzhenyu,"2026-09-02 09:33:47",0.94451,2,rubyq0v0p
1328,16810539,"Oleg Zagorulko","2026-09-02 19:00:12",0.94451,1,altersystem
1329,16799920,"Aloe moon","2026-09-04 20:10:14",0.94451,4,aloemoon
1330,16799947,"OJO EMMANUEL","2026-09-09 15:14:47",0.94450,18,ojoemmanuelnifemi
1331,16846751,jimmy5566,"2026-09-09 07:36:16",0.94449,4,jimmy5566
1332,16929746,"Sahil Athwani","2026-09-20 14:28:24",0.94448,9,sahilathwani
1333,16860702,Kurapapa,"2026-09-13 13:28:50",0.94448,3,kurapapa52
1334,16823835,kakuteki,"2026-09-04 08:25:25",0.94447,1,kakuteki
1335,16802480,"Владислав Мурник","2026-09-09 11:55:18",0.94447,7,adik23twhrs
1336,16859106,"piggy adorable (piggy)","2026-09-20 01:31:41",0.94447,6,piggyadorablepiggy
1337,16805449,"amirhossein karimiee","2026-09-18 20:35:26",0.94446,9,amirhosseinkarimiee
1338,16839516,恵輔平川,"2026-09-26 11:13:29",0.94445,18,hirakawa0k
1339,16919421,"Eliott Kalfon","2026-09-18 17:48:17",0.94445,3,eliottka
1340,16799549,"Avinash Maurya","2026-09-02 14:21:26",0.94444,5,avinash2009
1341,16848519,"Ubeen Sim","2026-09-08 12:22:00",0.94444,4,ubeensim
1342,16827628,"Arisa Fukuda","2026-09-15 05:36:03",0.94443,4,arisafukuda
1343,16894739,Choonghan,"2026-09-20 09:11:27",0.94443,1,choonghan
1344,16848583,"haru fuji","2026-09-11 16:44:54",0.94443,8,harufuji
1345,16894574,"Atif Mazhar","2026-09-19 16:55:04",0.94441,3,atifmazhar
1346,16947236,K_DHEERAJ_11,"2026-09-23 15:19:58",0.94441,2,kdheeraj11
1347,16908010,"Vaibhav Karsh","2026-09-17 11:05:35",0.94441,2,vaibhavkarsh
1348,16852156,OneduckOneduck,"2026-09-09 04:27:33",0.94441,7,oneduckoneduck
1349,16885477,"Samet Coşkun","2026-09-13 20:43:38",0.94440,8,sametsssx
1350,16828700,"Yueran Cao 2001","2026-09-15 03:39:19",0.94439,5,yuerancao2001
1351,16853222,"Sherwin Dias","2026-09-17 06:15:08",0.94439,2,sherwindias
1352,16808218,"Asmita Khaitan","2026-09-22 17:40:53",0.94437,16,khaitanasmita
1353,16921404,LTLONG8090,"2026-09-22 02:44:45",0.94436,2,ltlong8090
1354,16866310,"Vishal Khomane","2026-09-11 09:58:40",0.94436,1,vishal567
1355,16845940,"Yug Parikh","2026-09-07 08:51:42",0.94436,2,yugparikh
1356,16803082,"Rafael Cunha","2026-09-23 21:53:45",0.94435,5,rnascunha
1357,16896385,"Faruk Adedeji","2026-09-24 21:58:25",0.94435,1,farukadedeji
1358,16895542,"Daniil Iakupov","2026-09-15 09:25:31",0.94435,2,daniiliakupov
1359,16832262,DavidToma03,"2026-09-21 21:45:16",0.94434,1,davidtoma03
1360,16857084,"tetsuya takahashi","2026-09-17 23:29:32",0.94432,7,tetsuyatakahashi
1361,16822460,"Vansh Kumar 16","2026-09-25 15:47:12",0.94429,20,vanshkumar16
1362,16928419,HR_Chu1,"2026-09-20 13:41:37",0.94428,4,hrchu1
1363,16798914,"Shinichi Monden","2026-09-27 00:04:58",0.94428,69,shinichimonden
1364,16897967,"Geronimo Basso Sosa","2026-09-19 20:01:42",0.94428,2,geronimobasososa
1365,16799984,"Erwin Huizenga","2026-09-27 03:09:05",0.94427,73,erwinh
1366,16915676,"Arjun Hans","2026-09-17 20:02:41",0.94427,3,arjunhans
1367,16838684,"Prathamesh Mistry","2026-09-08 20:21:34",0.94426,2,prothomeshmistry
1368,16841870,"Yamin Hossain","2026-09-06 05:04:33",0.94425,1,yaminh
1369,16799561,miyu.k1aras@gmail.com,"2026-09-27 05:12:19",0.94425,55,miyuk1arasgmailcom
1370,16889348,"Praneel Chetty","2026-09-20 05:05:41",0.94424,7,praneelchetty
1371,16908671,"Shintaro Ito","2026-09-26 13:36:01",0.94423,12,sito17
1372,16826494,"Justine Lopez","2026-09-07 15:26:51",0.94423,6,justinelopez
1373,16926444,"Shivam Sourav","2026-09-19 22:49:47",0.94423,2,shivamsourav2002
1374,16941350,"Акбар Исаков","2026-09-23 09:18:16",0.94421,2,aisako
1375,16799138,"Malco Qoo","2026-09-19 21:56:44",0.94421,19,malcoqoo
1376,16799345,Devashish,"2026-09-20 12:19:07",0.94421,1,devashish001
1377,16840999,Emirhan,"2026-09-23 23:17:32",0.94419,8,xpylon
1378,16831000,nobuya,"2026-09-18 13:01:29",0.94419,55,kakiginobuya
1379,16928540,PRIYANSH,"2026-09-20 16:21:53",0.94419,3,pricodes
1380,16804786,"Pravin Takpire","2026-09-18 03:19:57",0.94419,4,pravintakpire
1381,16877532,RodneyV,"2026-09-12 08:10:47",0.94418,6,mamkwebu
1382,16937131,"DHRUVA GOWDA","2026-09-21 19:35:13",0.94418,1,dhruvagowda2006
1383,16965060,nkome,"2026-09-27 00:27:37",0.94417,13,nnkaply
1384,16845692,"Gojo satoru","2026-09-22 08:50:00",0.94416,4,gibeomshin
1385,16849473,"Bobby Clare","2026-09-08 11:33:02",0.94416,1,bobbyclare
1386,16941989,"Clariel Cruz","2026-09-22 16:36:11",0.94415,2,clarielcruz
1387,16942713,"Spoorthi KS","2026-09-23 15:51:33",0.94414,3,spoorthiiiiks
1388,16871309,Xoz17,"2026-09-19 04:52:43",0.94414,12,ajay990
1389,16804087,JMAscacibar,"2026-09-15 13:10:54",0.94411,10,jmascacibar
1390,16925068,JChang_coder,"2026-09-19 15:03:35",0.94411,4,jchangcoder
1391,16841215,"Deepak #2","2026-09-06 10:03:37",0.94410,3,deepakup85
1392,16930683,"Nikhil Kenjale","2026-09-20 15:23:02",0.94409,1,kenjalenikhil14
1393,16965832,"Vittal Badami","2026-09-26 11:29:09",0.94409,2,vittalbadami
1394,16919824,Ibaina,"2026-09-18 10:51:30",0.94408,1,ibaina
1395,16909987,ETtheArtist,"2026-09-27 04:05:37",0.94407,6,ettheartist
1396,16820576,"Kuba Kościan","2026-09-10 19:49:50",0.94406,26,kubakocian
1397,16890501,Raja051105,"2026-09-21 17:15:31",0.94402,16,raja051105
1398,16863006,"Oleksandr Barskyi","2026-09-09 22:24:27",0.94401,2,oleksandrbarskyi
1399,16805185,"Juan Felipe Huan Lew Yee","2026-09-15 16:05:25",0.94398,15,felipelewyee
1400,16845683,"ska B222","2026-09-23 05:03:42",0.94398,5,skab222
1401,16938394,CemGB,"2026-09-22 10:53:40",0.94397,1,adsefef
1402,16839520,"Srishanth Sriramula","2026-09-05 12:41:21",0.94397,1,srishanthsriramula
1403,16937548,"Josh Hurlburt","2026-09-23 22:48:55",0.94396,4,joshhurlburt
1404,16947472,KelvinXwk,"2026-09-24 09:49:27",0.94395,7,kelvinxwk
1405,16862236,_v_sneha2002,"2026-09-09 18:54:48",0.94394,4,vsneha2002
1406,16906480,"Sahil kumar","2026-09-17 18:57:39",0.94394,7,sahilkumar03212
1407,16809850,"Minghao Xia","2026-09-05 05:54:20",0.94393,3,minghaoxia
1408,16845714,Joey,"2026-09-09 15:24:09",0.94392,16,joeyb114020045
1409,16845174,"Dren Hakaj","2026-09-15 01:41:34",0.94392,16,drenhakaj
1410,16946597,"ali samadian","2026-09-24 20:01:07",0.94391,3,alisamadian
1411,16837657,"Ashton Peng","2026-09-18 03:51:26",0.94391,33,ashtonpeng
1412,16813612,"RISHU RAJ","2026-09-03 20:38:04",0.94391,4,rishi412
1413,16845371,Kazuhiro_Yogo,"2026-09-24 22:51:14",0.94389,4,kazuhiroyogo
1414,16925895,MinNguyenn,"2026-09-24 13:53:01",0.94386,7,nguyncmin
1415,16931843,Yoshio,"2026-09-21 18:10:58",0.94386,1,yoshinobuhamasaki
1416,16960202,"Mrutyunjay Joshi","2026-09-25 17:09:50",0.94386,3,mrutyunjayjoshi
1417,16954873,"Fahmid Arman","2026-09-24 17:21:05",0.94385,3,fahmidarmankaggle
1418,16808689,"Stephen Tarter","2026-09-24 19:36:53",0.94380,28,stephentarter
1419,16798565,"Gaurav Dutta","2026-09-24 16:59:30",0.94380,33,gauravduttaiiitb
1420,16929876,"Yashika panchal","2026-09-26 08:04:05",0.94379,2,yashikapanchal71
1421,16967916,"Saib hossain","2026-09-26 19:25:04",0.94379,8,saibhossain
1422,16909365,MuBereket,"2026-09-17 20:57:35",0.94378,1,mubereket
1423,16911891,"Nitin Kumar 2024","2026-09-24 09:53:37",0.94377,3,nitinkumar2024
1424,16798635,"Cengiz Gurel","2026-09-09 22:45:37",0.94376,2,cengizgurel
1425,16856903,"Roko Torbarina","2026-09-08 23:46:05",0.94376,2,rokotorbarina
1426,16817999,"Satyam Tiwari","2026-09-24 09:11:24",0.94376,8,satyamkes
1427,16965432,"Sayali Bandvalkar","2026-09-26 05:35:01",0.94376,2,sayalibandvalkar
1428,16947108,"Ariz Tahoor","2026-09-26 15:50:58",0.94375,16,ariztahoor
1429,16914983,ADNOH,"2026-09-27 06:41:51",0.94375,3,adnoh2003
1430,16966993,Hironori,"2026-09-27 04:31:39",0.94373,1,hironoritakagishi
1431,16935971,aktk,"2026-09-21 15:16:14",0.94373,4,aniltk
1432,16955354,Shash,"2026-09-24 18:42:57",0.94372,1,shashcoder
1433,16885747,Nimabcd,"2026-09-21 15:08:22",0.94372,2,nimabcd
1434,16868051,"Jain Hemang","2026-09-20 09:55:04",0.94371,4,jainhemang
1435,16968386,.,"2026-09-27 00:23:04",0.94371,7,unknownheip
1436,16806667,Angelina986,"2026-09-25 13:52:23",0.94370,60,angelina986
1437,16840184,02,"2026-09-13 19:15:46",0.94370,3,avik090
1438,16937488,Nuke_Master,"2026-09-23 16:13:29",0.94370,2,inukemaster
1439,16938893,"Hiroki Kohara","2026-09-27 06:28:37",0.94369,7,hirokikohara
1440,16802394,"LEVAN KANKADZE","2026-09-25 11:26:20",0.94369,7,synchrocyclotron
1441,16865716,"dimitrios tsiakoulias","2026-09-25 15:37:56",0.94369,2,dimitriostsiakoulias
1442,16919598,"Omar Faruq","2026-09-18 10:39:07",0.94368,1,stellaromar
1443,16857729,rejk,"2026-09-09 05:17:25",0.94368,9,rejk11
1444,16860820,Sadit,"2026-09-13 17:41:53",0.94368,11,sadit12
1445,16827183,asterask,"2026-09-07 08:31:01",0.94367,5,cherrycokecero
1446,16922934,"Arthur lins","2026-09-19 16:00:32",0.94367,3,arthurlins07
1447,16883680,LeadingTheAbyss,"2026-09-14 11:50:11",0.94367,4,masochistic
1448,16807619,arno,"2026-09-21 09:47:06",0.94366,1,arnogils
1449,16840715,"SaiPrasanth S Naidu","2026-09-13 05:12:20",0.94365,8,saiprasanthsnaidu
1450,16831054,LYH2401,"2026-09-16 08:11:43",0.94364,4,lyh2401
1451,16897839,dsfghjghgdfsfdgfgh,"2026-09-15 17:09:05",0.94363,2,dsghjhjkhgfddfgh
1452,16905647,"SJ Gamsyy","2026-09-25 06:35:45",0.94363,4,sjgamsyy
1453,16867920,KodHod,"2026-09-14 15:23:25",0.94363,7,"bbqplaza,taimahasuwan,wathit"
1454,16844490,"Ibrahim Amoo","2026-09-09 10:11:28",0.94359,3,ibrahimamoo
1455,16858945,"thuan nguyen159","2026-09-09 10:51:38",0.94358,4,thuannguyen159
1456,16831018,"Mir Abir Hossain","2026-09-04 20:05:15",0.94357,4,mirabirhossain
1457,16934187,"M Asghar Shakir","2026-09-21 09:10:02",0.94356,4,masgharshakir
1458,16820506,"Kei Masuda","2026-09-27 06:47:20",0.94355,17,keimasuda
1459,16894448,"Kim Huỳnh","2026-09-16 02:55:13",0.94354,5,kimhunh
1460,16868781,"Srujan Nyamagoud","2026-09-11 03:04:09",0.94353,1,srujannyamagoud
1461,16865758,"Marco Rava92","2026-09-13 23:43:45",0.94353,9,marcorava92
1462,16807740,"Latent Drive","2026-09-15 00:44:35",0.94352,5,carlmakt
1463,16939057,"Hoàng Phúc","2026-09-23 16:26:39",0.94350,1,cp12021
1464,16818074,VnHGTBoy,"2026-09-03 12:53:31",0.94350,7,vnhgtboy
1465,16808168,Corruptors,"2026-09-02 11:22:21",0.94347,2,corruptors
1466,16892878,fahimMK,"2026-09-23 18:16:51",0.94342,7,fahimmk
1467,16906403,mawsohn,"2026-09-21 11:28:27",0.94342,8,mawsohn
1468,16883443,"ِAli Barakat","2026-09-26 14:24:12",0.94342,1,alibarakat7215454
1469,16925223,"Abhinav Khatana","2026-09-19 13:01:40",0.94341,1,abhinavkhatana17
1470,16952354,"Shubham Shashwat","2026-09-24 10:17:39",0.94341,1,yourshashwat
1471,16951483,"P. Sewmuthu Abewickrama Singhe","2026-09-24 13:28:12",0.94340,2,psewmuthu
1472,16808970,"Татьяна Кафьян","2026-09-25 16:56:10",0.94340,8,kafyantatyana
1473,16798789,Shailesh,"2026-09-12 14:33:54",0.94338,3,shailesh5430
1474,16926612,"GEORGE DOUKAS","2026-09-20 12:33:47",0.94338,5,georgedoukas
1475,16894562,"Debasish Behera wabtec","2026-09-17 08:15:03",0.94337,1,debasishbeherawabtec
1476,16898473,"RABİA GURDAL","2026-09-27 06:34:27",0.94335,2,rabagurdal
1477,16968536,Ilman,"2026-09-26 20:32:07",0.94334,5,muhammadilman896
1478,16799875,"Siddhu Jaykay","2026-09-02 12:14:21",0.94334,5,siddhujaykay
1479,16961311,Asad,"2026-09-26 18:28:05",0.94334,3,aash787
1480,16798825,"Jason Lam","2026-09-11 06:03:55",0.94332,43,jlam83
1481,16798809,yanyyyzt,"2026-09-08 14:04:44",0.94330,11,yanyyyzt
1482,16803933,001eander,"2026-09-03 00:27:11",0.94329,2,o01eander
1483,16852777,"Göktürk Çolak","2026-09-12 08:06:27",0.94329,15,gokturkcolak
1484,16911303,"Vashu Saini55","2026-09-21 14:37:12",0.94328,4,vashusaini55
1485,16860056,"pranay gaurav","2026-09-09 19:53:14",0.94325,1,pranaygaurav
1486,16877653,"Veronika Nuretdinova","2026-09-13 06:16:27",0.94325,1,nikotino
1487,16804647,"NAMAN TRISOLIYA","2026-09-03 13:52:52",0.94320,10,namantrisoliya
1488,16805784,"Andrew Tang","2026-09-04 07:04:39",0.94320,9,andrewtangg
1489,16847849,"ROHAN Exploit","2026-09-07 14:22:15",0.94320,2,rohanexploit
1490,16840155,"Qudsiya Siddique","2026-09-22 15:46:28",0.94318,7,"pt21kaggle,qudsiyasiddique"
1491,16894981,bezul,"2026-09-26 20:32:03",0.94318,11,bezul2
1492,16840369,Jeremy,"2026-09-05 16:34:41",0.94313,2,jeremybetz
1493,16941775,"Hao LI98","2026-09-25 11:35:43",0.94313,10,haoli98
1494,16909541,"Uday Prattap","2026-09-22 06:08:53",0.94312,10,udayprattap
1495,16868144,"firat yavas","2026-09-11 14:21:00",0.94312,2,firatyavas
1496,16803964,"Avinash Changrani","2026-09-16 03:55:09",0.94312,2,nabobery
1497,16832225,"salih turgut","2026-09-21 19:35:32",0.94310,4,salihturgut
1498,16888097,Grigorii,"2026-09-14 02:00:26",0.94309,1,grigorii1410
1499,16822666,Om,"2026-09-23 10:19:45",0.94308,5,opmeenaji
1500,16876709,SoungbinCho,"2026-09-25 21:43:04",0.94307,1,soungbincho
1501,16839477,"ANSHIKA JOISAR","2026-09-15 12:09:37",0.94305,2,anshikajoisar
1502,16809093,yanis_lou,"2026-09-02 12:24:28",0.94304,10,yanislou
1503,16882524,"Sonal Welihinda","2026-09-27 05:31:30",0.94300,13,sonalwelihinda
1504,16879141,"Neha Maurya","2026-09-17 15:32:03",0.94300,6,nehamaurya1
1505,16844568,ayse,"2026-09-17 03:33:22",0.94300,21,aysenursolmaz
1506,16808083,"Jerónimo Paiva","2026-09-02 20:48:21",0.94297,1,jernimopaiva
1507,16801664,ZAOUI_Yassine,"2026-09-26 09:59:58",0.94297,46,zaouiyassine
1508,16845815,change167,"2026-09-19 13:03:19",0.94297,8,change167
1509,16799128,DuDuDu0,"2026-09-12 07:36:43",0.94295,8,dududu0
1510,16913511,"Silver Surfer","2026-09-17 23:58:15",0.94294,3,hausch11
1511,16917247,"Jr Champ","2026-09-17 22:36:53",0.94291,7,jrchamp
1512,16840941,Daeren,"2026-09-06 12:50:55",0.94291,1,daeren
1513,16946715,monstercows,"2026-09-25 07:41:18",0.94290,12,"lemondish,rahulr0623"
1514,16798876,daihui16,"2026-09-25 02:20:45",0.94290,12,cmt1127
1515,16925377,"NEHA SHARMA","2026-09-19 16:27:07",0.94290,4,nehash0123gmailcom
1516,16961047,tristannew,"2026-09-25 14:17:20",0.94289,1,tristannew
1517,16799978,"Kian Maghsoodi","2026-09-04 19:17:55",0.94286,6,kizmodo
1518,16801850,松田,"2026-09-15 13:17:39",0.94286,9,nekonekonekone
1519,16867614,"Davi Méaille","2026-09-11 09:11:32",0.94286,4,davimaille
1520,16802042,"Praveen Kumar Mohan","2026-09-15 12:16:32",0.94286,3,praveenkumar1818
1521,16805225,Tigerpiotta,"2026-09-23 16:27:30",0.94283,14,tigerpiotta
1522,16799878,"Hữu Bình Nguyên Nguyễn","2026-09-08 03:36:48",0.94282,20,hubnhnguynnguyn
1523,16842740,"Mykyta Terentiev","2026-09-09 16:05:19",0.94282,2,mykytaterentiev
1524,16931620,Muneerali199,"2026-09-21 19:53:12",0.94281,4,muneerali199
1525,16800246,"ARIFUDDIN R","2026-09-08 02:57:05",0.94281,7,arifuddinr
1526,16905707,"Harshavardhan Srinivas Pentakota","2026-09-22 10:29:29",0.94281,3,"coldice0,gaganeswarb,yeswanthsaiyadla"
1527,16916615,JCLOSA,"2026-09-20 20:10:14",0.94280,11,wulzy2k
1528,16897831,"Amit Behura","2026-09-16 04:06:28",0.94280,3,amitbehura2
1529,16885490,Dingjunpeng,"2026-09-15 08:11:45",0.94278,11,avid147
1530,16810411,"aggressive_elimination = True","2026-09-26 01:35:07",0.94275,5,"mcprorolexs,paperxd"
1531,16855204,"Anshul Chikhale","2026-09-25 03:59:53",0.94274,5,anshulchikhale
1532,16911878,"Maddala Hema Narasimha Harsha Pavan","2026-09-24 12:37:43",0.94271,2,harshapavan2005
1533,16885206,MiddleSon,"2026-09-27 03:54:47",0.94271,53,middleson
1534,16808093,"Raiyana Rufaida","2026-09-13 18:31:43",0.94269,3,shes1r
1535,16839883,Darth_vader_090605,"2026-09-15 16:40:01",0.94268,5,priyanshujha090605
1536,16891903,"Victor Loaiza","2026-09-21 20:54:13",0.94267,6,victorloaizam
1537,16866496,Fidel,"2026-09-23 17:37:17",0.94267,6,fidellusianaputri
1538,16828280,"Shardul Pingale","2026-09-06 00:26:06",0.94263,2,shardulpingale
1539,16924895,noisyislands,"2026-09-20 20:16:18",0.94263,5,noisyislands
1540,16881234,"kommu anil","2026-09-20 10:53:58",0.94260,2,kommuanil
1541,16960341,"Daniel Mineev","2026-09-25 13:38:12",0.94259,5,nilpotent1
1542,16887277,SongJH21,"2026-09-20 14:27:22",0.94258,8,songjh21
1543,16817337,"Dharmik patel Patel","2026-09-26 10:44:52",0.94254,12,dharmikpatelpatel
1544,16838435,"C.E.73 STARGAZER","2026-09-17 13:14:20",0.94253,7,hasawei
1545,16798953,Obzngs,"2026-09-24 12:48:18",0.94253,42,obzngs
1546,16811091,"Eymen Akb","2026-09-08 22:34:18",0.94253,24,eymenakb
1547,16798874,"Syafrian Abra Hutabarat","2026-09-22 07:00:40",0.94252,17,syafrianabra
1548,16848978,"Berşan Şatır","2026-09-09 12:47:13",0.94247,4,bersanstr
1549,16802704,"Jun Nohara","2026-09-21 11:56:56",0.94247,2,junnohara
1550,16855223,datafluxlab,"2026-09-21 17:43:51",0.94246,9,datafluxlab
1551,16805628,Fabbasso,"2026-09-26 19:45:37",0.94246,59,fabrizio78
1552,16840560,"Renārs Paiders","2026-09-11 22:06:12",0.94245,9,renrspaiders
1553,16811914,"Michael Daniel EKKA","2026-09-03 07:35:06",0.94244,4,michaeldanielioai
1554,16798622,Wildata,"2026-09-20 15:14:43",0.94241,23,wildata
1555,16896225,"Shah Muhmmad Fazle Rabbi","2026-09-16 07:08:19",0.94241,1,engineerfrabbi
1556,16823812,"Ryukichi INOUE","2026-09-13 07:44:37",0.94241,10,ryukichiinoue
1557,16871385,平木優花,"2026-09-16 08:14:41",0.94241,37,hiraki132131
1558,16885522,"Карп Мафиози","2026-09-13 13:08:13",0.94240,1,maruuv
1559,16859985,"Konrad Łykowski","2026-09-14 14:34:06",0.94239,14,konradykowski
1560,16907161,"Ambre Le Breton Rippe","2026-09-23 15:42:23",0.94239,2,ambrelebretonrippe
1561,16944663,"Arya Vaidya","2026-09-23 03:59:46",0.94238,1,aryavaidya
1562,16810834,ArnoldRosielle,"2026-09-05 20:40:26",0.94238,3,arosielle
1563,16930328,"Md Shafiul Islam 0191","2026-09-22 16:32:56",0.94238,14,mdshafiulislam0191
1564,16818752,JetJetGo,"2026-09-04 13:51:25",0.94233,3,psykrishna
1565,16808752,Tom8710,"2026-09-27 02:08:08",0.94233,40,tomactlog
1566,16853306,"Shoko SH","2026-09-26 09:53:48",0.94232,17,shokos64
1567,16838662,"Mahindra Ram pathuri","2026-09-22 16:30:11",0.94232,10,mahindrarampathuri
1568,16827542,NoMala_Malatang,"2026-09-27 02:26:51",0.94231,1,"abhishekmee,adastroabyssosque"
1569,16798973,FanRuijie,"2026-09-07 06:58:27",0.94231,24,ruijiefancn04
1570,16803280,"Pixel Pirates","2026-09-24 13:53:41",0.94230,26,"ayushkumawat108,kamalkata,piyush419"
1571,16891485,"jiale li1989","2026-09-21 04:30:41",0.94229,9,jialeli1989
1572,16948637,Arooran,"2026-09-26 06:50:00",0.94228,12,arooransivakarunai
1573,16840628,luicaru,"2026-09-08 15:19:47",0.94226,2,luicaru
1574,16832904,Rushikesh,"2026-09-04 22:55:28",0.94226,1,rushii23
1575,16817857,"Brishav Mondal","2026-09-10 09:18:49",0.94226,6,brishavmondal
1576,16803015,"Marcos Silveira","2026-09-07 15:23:14",0.94225,25,msilve
1577,16849966,"Kawsar Ahmmed","2026-09-13 11:52:23",0.94224,4,kawsarahmmednabil
1578,16876318,"Avaya Thapa","2026-09-23 12:58:15",0.94223,9,"avayathapa,lewisball480"
1579,16917128,Here,"2026-09-18 12:15:27",0.94222,4,here78682
1580,16911925,ydh318,"2026-09-20 07:15:18",0.94222,10,ydh318
1581,16849059,"Manuel Santiago Atencio","2026-09-25 00:38:50",0.94222,20,manuelsatencio
1582,16915912,"Famojuro Mathew","2026-09-18 12:13:21",0.94221,2,famojuromathew
1583,16823527,"Michał Pasiowiec","2026-09-08 20:12:19",0.94219,4,michapasiowiec
1584,16923669,Idaji0707,"2026-09-21 11:37:20",0.94219,17,idaji0707
1585,16832051,"Ray Smith","2026-09-20 17:27:45",0.94219,7,rsmith851
1586,16848326,Elowry,"2026-09-10 20:22:12",0.94219,3,elowry
1587,16798983,malibu_orange,"2026-09-01 06:22:33",0.94218,3,malibuorange
1588,16913346,Vin'S,"2026-09-17 14:11:13",0.94218,3,vins416
1589,16876870,"Badrul Alam Leon","2026-09-12 20:20:30",0.94218,2,badrulalamleon
1590,16860226,"xie daoyun","2026-09-15 13:04:17",0.94216,2,xiedaoyun
1591,16809585,mgoto51004,"2026-09-10 13:38:10",0.94216,16,mgoto51004
1592,16865421,"Greg Lipman","2026-09-20 20:16:48",0.94216,8,greglipman
1593,16814800,"Darío López Ramos","2026-09-07 07:26:55",0.94215,6,dariolr
1594,16952101,"Kamlesh Kumar","2026-09-25 14:28:51",0.94215,12,devilkumar042
1595,16896755,"Sujan Das","2026-09-18 13:45:17",0.94215,2,sujandas2023
1596,16799233,hirondelle_ken,"2026-09-01 06:10:54",0.94215,3,hirondelleken
1597,16846807,"Bijay Syangtan","2026-09-09 11:11:01",0.94215,4,bijaybijay
1598,16928162,"Allan Tan","2026-09-27 07:09:44",0.94214,4,allantan
1599,16832958,mohamedahmed,"2026-09-07 16:32:28",0.94214,5,markeb
1600,16857480,dtHL123,"2026-09-11 10:27:52",0.94214,4,dthl123
1601,16875625,"astro not learning","2026-09-13 07:49:17",0.94213,12,zzzzzzzzyh
1602,16798956,Taka-344,"2026-09-14 06:04:53",0.94212,3,taka344
1603,16826989,Evander,"2026-09-08 15:39:55",0.94212,9,jiaoweishen
1604,16799660,seung12,"2026-09-05 15:10:54",0.94212,15,seung123
1605,16802552,Systum_Phar_Denge,"2026-09-07 20:09:52",0.94212,10,jamiussiddiqui
1606,16891244,"vijay thurimella","2026-09-26 17:14:58",0.94212,22,vijaythurimella
1607,16853124,hhnn,"2026-09-10 14:32:22",0.94211,2,hhnn77
1608,16846910,Afsal448,"2026-09-25 10:54:02",0.94210,3,afsal448
1609,16865483,鍵山勇太,"2026-09-10 13:36:34",0.94210,4,kagiyama0730
1610,16832297,user_8128,"2026-09-07 16:34:37",0.94209,2,user8128
1611,16850907,FalkTobias,"2026-09-08 00:59:56",0.94209,2,falktobias
1612,16805092,"Parth Sarnobat","2026-09-26 18:32:06",0.94209,14,parthsarnobat
1613,16885091,"siddharth chandra","2026-09-13 17:00:18",0.94209,9,siddharthchandra2007
1614,16893592,Kodai,"2026-09-25 02:44:43",0.94208,9,oootitiu
1615,16894200,"Tú Hoàng","2026-09-15 09:55:55",0.94207,9,grizmo
1616,16862898,WBF_USA_NYC,"2026-09-10 00:48:04",0.94207,2,wbfranci
1617,16869432,"Kélian Pons","2026-09-15 20:20:47",0.94207,14,"gwenn05,klianpons"
1618,16866957,"Ke Zihao k","2026-09-13 08:12:29",0.94207,4,boyilunk
1619,16850727,"Max Tenenbaum","2026-09-12 01:50:55",0.94207,2,maxtenenbaum
1620,16803027,"Andrea Moschetti","2026-09-03 19:50:37",0.94207,9,andreamoschetti
1621,16887988,"Ashwin Prakash","2026-09-16 05:00:18",0.94206,5,ashwinprakashml
1622,16907756,VSB,"2026-09-17 03:54:33",0.94206,2,bcnadh
1623,16823031,"Ziad Mohamed","2026-09-05 00:48:03",0.94206,7,ziadmoelsayed
1624,16824679,"Akansh Verma","2026-09-05 03:55:46",0.94206,1,illuzionzz
1625,16917275,"Ali Sajwani","2026-09-18 18:13:24",0.94206,14,alisajwani
1626,16961144,"Qiankang Wang","2026-09-25 18:40:09",0.94205,2,qiankangwang520
1627,16891586,"Mathe Matics2","2026-09-27 06:07:14",0.94205,9,mathematics2
1628,16805133,"Aryan Yadav","2026-09-01 23:40:23",0.94205,1,simplexcomplex
1629,16800643,Shivam,"2026-09-19 17:21:25",0.94205,23,shivamgravity
1630,16808267,"Simone Mazzoli","2026-09-05 13:17:19",0.94205,16,simonemazzoli
1631,16799715,"poignant padaeng","2026-09-02 12:24:56",0.94204,1,poignantpadaeng
1632,16846119,"Waqar Ahmed","2026-09-07 08:16:37",0.94204,2,waqarahmed55
1633,16927274,"taqi shuja","2026-09-21 01:25:02",0.94204,4,taqishuja
1634,16801532,"Uğur Atlı","2026-09-01 11:15:59",0.94204,1,uuratl
1635,16803201,Yuzu,"2026-09-01 22:40:41",0.94204,2,yuzuoctopus
1636,16963425,"Laith Altawil","2026-09-26 09:23:22",0.94203,2,laithaltawil
1637,16854209,"LI ZHIGANG","2026-09-09 05:02:47",0.94203,2,leezhigang
1638,16808910,"Muhammad Shoaib Altaf","2026-09-03 22:35:49",0.94203,1,muhammadshoaibaltaf
1639,16801031,"yann sadowski","2026-09-01 15:47:52",0.94203,3,yannsadowski
1640,16808792,"Kerem Meriç","2026-09-06 17:15:21",0.94203,4,keremmeric
1641,16843857,Meshwa,"2026-09-07 21:02:40",0.94203,2,meshwapatel4287
1642,16803062,"Sarvesh Chhetri","2026-09-24 15:37:08",0.94203,19,sarveshchhetri
1643,16848100,"Gonçalo Cravinho","2026-09-09 15:06:54",0.94203,1,gonalocravinho
1644,16802048,last2k4,"2026-09-01 20:40:48",0.94203,1,last2k4
1645,16867168,"Artyom Oganesyan","2026-09-12 15:35:27",0.94202,5,artyomoganesyan
1646,16860228,"Ufuk Can Ilgin","2026-09-09 12:43:26",0.94202,1,ufukcanilgin
1647,16805764,"Ali Shahi","2026-09-19 12:06:01",0.94202,2,k1shahi
1648,16802106,"Farid Pangestu Aji","2026-09-02 20:50:10",0.94202,8,faridpangestuaji
1649,16805166,"Masoom Singh","2026-09-25 19:36:22",0.94201,13,masoomsingh0112
1650,16859064,"SDIT030A-Shubham Oza","2026-09-11 11:02:10",0.94201,2,sdit030ashubhamoza
1651,16876230,_tripathi_ji_1,"2026-09-11 15:36:57",0.94201,2,tripathiji1
1652,16887005,LINKIT,"2026-09-13 15:41:46",0.94201,2,lin1027
1653,16804981,"Emirhan Kadan","2026-09-22 20:01:20",0.94200,10,emirhankadan
1654,16813778,"Gorakh Nath Singh","2026-09-03 20:26:53",0.94200,1,gorakhnathsingh
1655,16845268,"Yves Emmanuel","2026-09-07 20:03:38",0.94200,6,emmanuelyves
1656,16876294,hongquann,"2026-09-16 07:05:36",0.94200,7,hongquann
1657,16848597,"Minh Quân Đào","2026-09-07 16:28:03",0.94200,4,minhquno
1658,16805395,"Alfredo Chavelas","2026-09-09 19:13:30",0.94200,7,alfredochavelas
1659,16941925,"Vlad Kapitsa","2026-09-23 14:26:21",0.94199,2,vladkapitsa
1660,16845896,Tiv,"2026-09-08 13:11:55",0.94199,3,tivdiss
1661,16841179,"rahul yadav","2026-09-05 21:47:13",0.94199,2,rahullalu
1662,16838817,"Roy Smith","2026-09-07 08:32:15",0.94199,3,roysmithkkkkkkkkk
1663,16851222,"Henrique Ceccatto","2026-09-14 18:32:06",0.94199,4,henriquececcatto
1664,16843048,"Deep Patil","2026-09-06 09:58:03",0.94199,2,deeppatil1
1665,16868544,"Tisha Jadhav ","2026-09-11 12:59:17",0.94199,1,tishajadhav
1666,16802932,"Nicole Patterson","2026-09-10 00:24:33",0.94198,3,nicolepatterson8910
1667,16944970,Van,"2026-09-26 15:38:20",0.94198,3,jiwuliu
1668,16861950,"Abhishek Gupta","2026-09-11 08:30:43",0.94198,2,abhishekgupta56447
1669,16875436,"Mubashir Ul Hassan","2026-09-13 16:45:38",0.94198,1,mubashirulhassan00
1670,16802808,"Rohit Prakash Singh","2026-09-05 04:14:11",0.94198,3,rpsingh21
1671,16893989,"Klenn Dungaran","2026-09-24 08:53:24",0.94198,5,klekzee
1672,16872289,"Tarun R","2026-09-25 05:43:14",0.94197,4,tarunrclg
1673,16937320,"Pongpol Pt","2026-09-24 11:12:45",0.94197,5,pongpolpt
1674,16811231,Hussain99,"2026-09-04 09:36:22",0.94197,15,hussain99
1675,16881522,"Muhammad Toufiq","2026-09-16 14:39:15",0.94197,10,muhammadtoufiq
1676,16890457,"Tony He","2026-09-18 12:44:41",0.94197,7,tonyyang0504
1677,16887263,"Md Anisujjaman","2026-09-15 12:25:30",0.94197,13,shohan06
1678,16799733,"Anant jain","2026-09-02 06:31:50",0.94197,4,anantjain159
1679,16951764,"Darth Glennium","2026-09-25 14:01:34",0.94196,6,glennmkipanga
1680,16805290,Govind,"2026-09-05 13:11:01",0.94196,8,shekeloatmeal
1681,16799188,"Tuấn Anh","2026-09-07 15:35:13",0.94196,7,tuananhdata
1682,16820518,"Dávid Straka","2026-09-10 12:07:43",0.94196,2,dvidstraka
1683,16920404,"giyogoio hlrlqll","2026-09-18 12:55:12",0.94196,3,giyogoiohlrlqll
1684,16965301,engine_bn,"2026-09-27 02:10:43",0.94196,7,enginebn
1685,16843364,"Ruby Hall","2026-09-13 11:40:19",0.94195,2,rubyhall
1686,16922129,takdf056,"2026-09-23 07:04:53",0.94195,2,takdf056
1687,16915408,"Ordekha Mykola","2026-09-23 17:40:26",0.94195,1,ordekhamykola
1688,16843976,"Shaun the Sheep ","2026-09-24 17:22:02",0.94195,9,badlandsram
1689,16809861,Junkonno,"2026-09-25 23:47:27",0.94195,7,junkonno
1690,16828407,"SAMARTH ZAVERI","2026-09-21 13:56:57",0.94195,4,samarthzaveri
1691,16856301,"Ege Karaismailoğlu","2026-09-12 11:19:54",0.94195,25,ekarais
1692,16872812,"Shubham Sengupta","2026-09-13 07:03:20",0.94194,5,senguptashubham
1693,16858086,"Hiroyuki Fujimaki","2026-09-09 14:33:20",0.94194,2,hiroyukifujimaki
1694,16854450,"Neel Pavale","2026-09-13 20:35:05",0.94194,5,neelpavale
1695,16942184,BlueWhale,"2026-09-22 19:32:27",0.94194,2,lcnguynkh
1696,16912843,๖ۣۜƊark๖ۣۜ山arrior,"2026-09-17 13:05:37",0.94194,4,arkarrior
1697,16838773,dak7sh,"2026-09-05 10:16:12",0.94193,2,dak7sh
1698,16800942,"Ziad Roshdy","2026-09-13 10:53:53",0.94193,10,ziadzika
1699,16831283,"Bob Kunanda","2026-09-04 18:08:55",0.94193,10,bobkunanda
1700,16892647,"Nat Merz","2026-09-21 16:39:17",0.94193,6,beisha23
1701,16905436,"Yee Chern","2026-09-17 14:27:14",0.94193,1,yeechern
1702,16828565,"Kalpesh Koli","2026-09-06 05:32:06",0.94193,7,knightkai
1703,16848554,Vishal7870,"2026-09-08 14:33:39",0.94193,1,vishal7870
1704,16948713,"PrithivRaj V","2026-09-26 16:13:18",0.94193,1,"prithivrajv,shrikarman"
1705,16891812,"يوسف الساده","2026-09-14 21:31:49",0.94193,7,josephalsadh
1706,16800055,AKASH_21_033_A,"2026-09-01 14:58:11",0.94193,5,akash21033a
1707,16846664,PRATHAM,"2026-09-16 20:49:54",0.94192,2,prathameshkolhe6099
1708,16826172,"PoseidonYash ","2026-09-20 03:33:29",0.94192,11,poseidonyash
1709,16863007,Ilya,"2026-09-10 11:42:58",0.94192,5,imitusov
1710,16894819,DanWil,"2026-09-15 06:54:42",0.94192,1,danwilique200
1711,16886237,Ayush4728,"2026-09-23 14:36:21",0.94192,9,ayush4728
1712,16852578,bardiagood,"2026-09-11 03:10:18",0.94191,3,bardiagood
1713,16822983,"Jobin thavu varghese","2026-09-21 15:48:56",0.94191,2,jobinv12
1714,16807907,"Ababil Khoerul Imam","2026-09-18 02:11:17",0.94191,3,ababilkhoerulimam
1715,16798634,"Yuji Fukumoto","2026-09-14 05:17:45",0.94191,1,yujitest
1716,16810323,"Riya Raj","2026-09-20 12:46:18",0.94191,7,riyaraj9
1717,16855628,"esraa akram","2026-09-13 12:53:57",0.94191,1,esraaakram2005
1718,16847512,"Umut Doruk Öztürk","2026-09-07 15:14:18",0.94190,4,umutdorukztrk
1719,16802383,"zuhal yıldırım","2026-09-02 13:34:39",0.94190,4,zuhalyldrm7
1720,16854889,"Rick Clauser","2026-09-08 15:13:25",0.94190,1,rickclauser
1721,16888063,"Aditya Dube","2026-09-13 21:48:02",0.94190,1,dubeaditya
1722,16811953,ChaYiTian,"2026-09-24 08:19:25",0.94190,3,chayitian
1723,16802249,Zack_AI_Qu,"2026-09-17 14:40:57",0.94190,6,zackaiqu
1724,16798823,privatebell,"2026-09-07 23:40:45",0.94190,2,privatebell
1725,16843546,"Ilmari Leiviska","2026-09-06 14:09:51",0.94190,4,ilmarileiviska
1726,16843779,"Arnav Tripathi","2026-09-06 20:04:38",0.94190,1,arnavtripathi17
1727,16841020,dev_devika_2929,"2026-09-08 21:58:56",0.94190,6,devdevika2929
1728,16845475,rkoirala129,"2026-09-18 12:40:43",0.94189,6,rkoirala129
1729,16839957,stevvvpy,"2026-09-13 13:37:21",0.94189,2,stevenliwang
1730,16802937,"Mikhail Ushakov","2026-09-01 20:12:11",0.94189,7,syndicate2k
1731,16840902,AnkitJangir01,"2026-09-12 18:17:45",0.94189,3,ankitjangir01
1732,16907684,"Rudra Vitukade","2026-09-21 18:47:00",0.94188,4,rudravitukade
1733,16800066,"SYED HANZALA ALI SHAH","2026-09-06 16:26:16",0.94188,20,syedhanzalaalishah
1734,16886962,"Abhinav Meshram","2026-09-21 17:16:27",0.94188,3,abhinavmeshram
1735,16855338,"Gonzalo Garcia43","2026-09-09 11:30:28",0.94188,9,gonzalogarcia43
1736,16848496,greenflazh,"2026-09-12 23:31:23",0.94188,1,greenflazh
1737,16875432,"Kibrewossen Tesera","2026-09-11 15:31:01",0.94188,4,kibrewossentesera
1738,16826051,Ansh_Gupta2702,"2026-09-09 11:56:32",0.94188,17,anshgupta2702
1739,16891792,Akshit27,"2026-09-15 03:14:12",0.94188,2,akshit27
1740,16909537,zaighamkazmi,"2026-09-19 04:45:28",0.94188,2,zaighamkazmi
1741,16903883,"Vivek Patnaik","2026-09-19 13:23:06",0.94187,2,lrdcmndrjonsnow
1742,16859241,"Daniel Moraleda Sánchez","2026-09-19 13:14:46",0.94187,6,danielmoraleda
1743,16842693,dtsroy,"2026-09-06 10:27:51",0.94187,1,dtsroy
1744,16856016,"Ejiro Ugolor","2026-09-11 15:56:36",0.94187,2,ejirougolor
1745,16897133,deepgopal,"2026-09-24 17:50:09",0.94187,6,deepgopal
1746,16807162,"Ari Yehuda Betser","2026-09-02 08:10:50",0.94187,3,ariyehudabetser
1747,16847926,Vince&Holden,"2026-09-25 19:13:09",0.94187,5,"holdenspratt,vincent1006"
1748,16830488,"Mohammad Barraj","2026-09-10 05:51:40",0.94187,3,mohammadbarraj
1749,16881487,FFFishes7,"2026-09-13 08:59:36",0.94186,2,fffishes7
1750,16891193,"Peem Sutthi","2026-09-15 13:42:48",0.94186,2,peemsutthi
1751,16798954,"Aritra Dasgupta","2026-09-01 05:45:03",0.94186,10,ardagmus
1752,16941904,KagAcc184,"2026-09-23 08:20:47",0.94186,9,fojdo34e
1753,16801009,SunSeeker染汐,"2026-09-02 11:25:59",0.94186,2,sunseekerrx
1754,16825095,Brayner,"2026-09-14 03:05:10",0.94186,1,brayner
1755,16953399,nasjoq,"2026-09-25 16:20:48",0.94186,1,nasjoq
1756,16850604,"Frank Bohm","2026-09-08 09:42:49",0.94186,2,frankbohm
1757,16807990,"Anuj Saha","2026-09-08 11:36:44",0.94186,9,anujsaha0123456789
1758,16808862,Morris_kaggle,"2026-09-07 08:11:48",0.94186,10,keisukekaggle
1759,16810933,"Corey Michaud","2026-09-10 16:01:40",0.94186,4,coreymichaud
1760,16843648,"Christopher Mungiria","2026-09-24 21:32:13",0.94186,20,christophermungiria
1761,16922000,"Panchajanya Banerjee (Pancham)","2026-09-21 13:36:29",0.94185,1,delayedkarma
1762,16808614,imjamj01,"2026-09-19 08:42:56",0.94185,21,takemayuj01
1763,16840156,"Nabil NOUALI","2026-09-05 17:51:11",0.94185,2,nabilnouali
1764,16898779,"Sameer Rawat","2026-09-24 01:13:46",0.94185,8,sameerrawat1904
1765,16805142,donkedo,"2026-09-26 15:32:55",0.94185,23,donkedo
1766,16806532,"Abhijit Pise","2026-09-02 08:28:38",0.94185,8,abhijitpise
1767,16882874,"Callum Stephen Connell","2026-09-14 18:48:45",0.94185,1,callumstephenconnell
1768,16892995,tivory27,"2026-09-18 14:09:59",0.94185,1,tivory27
1769,16906610,Jayaram,"2026-09-16 14:48:22",0.94185,3,jayaram
1770,16839950,"Furkan Sipahi","2026-09-06 19:22:59",0.94185,1,furkansipahi
1771,16811766,"Yunchi Wu","2026-09-04 09:39:48",0.94185,8,yunchiwu
1772,16882402,"Muhammad Atif","2026-09-15 20:31:01",0.94184,2,atifkhan12
1773,16802897,zyq277,"2026-09-02 05:20:13",0.94184,1,zyq277
1774,16844257,"Mohammad Elsayed","2026-09-26 21:01:05",0.94184,12,someotherbody
1775,16849900,ZhaoWang_Leon,"2026-09-09 10:45:51",0.94184,6,zhaowangleon
1776,16881599,JoeBBateman,"2026-09-12 18:35:03",0.94184,6,joebbateman
1777,16926189,igloramus,"2026-09-24 19:19:07",0.94184,6,igloramus
1778,16888228,jacques-oliveira-eng,"2026-09-17 19:39:00",0.94184,11,jacquesoliveiraeng
1779,16898830,"Arunangshu Pal123123","2026-09-18 18:52:39",0.94184,4,arunangshupal123123
1780,16833413,"yumi sato","2026-09-05 03:22:43",0.94184,2,yumisato1234
1781,16825461,Krishnakdk,"2026-09-04 06:26:34",0.94184,9,krishnakdk
1782,16853480,"Nisma Kauser","2026-09-18 16:28:43",0.94184,2,nk2003
1783,16914092,"Himanshu Raghav","2026-09-26 17:28:17",0.94184,2,himanshuraghav07
1784,16841415,Osmond,"2026-09-05 23:15:34",0.94184,5,osmond20006
1785,16809883,"Lorenzo Mansi","2026-09-05 13:34:09",0.94184,4,lollo0900
1786,16799766,"Lisha Chaudhari","2026-09-13 11:01:51",0.94184,1,lishachaudhari
1787,16935907,"parag vadgama","2026-09-21 13:22:47",0.94184,2,paragvadgama
1788,16916373,farhanntu,"2026-09-17 20:22:55",0.94184,1,mufarhans
1789,16831343,"Razan Ihab","2026-09-06 15:58:19",0.94183,1,razanihababdellatif
1790,16943036,"Bjaoui Sara","2026-09-23 17:45:47",0.94183,1,bjaouisara
1791,16848352,KL0620,"2026-09-13 15:37:20",0.94183,6,kimlunl
1792,16910356,futurel,"2026-09-17 08:03:10",0.94183,1,futurel
1793,16884263,"Saeer Noorani","2026-09-17 01:14:14",0.94183,2,saeernoorani
1794,16798715,Catadanna,"2026-09-25 16:22:54",0.94183,11,catadanna
1795,16808251,"Iftekhar ahmmed","2026-09-15 12:09:21",0.94183,11,iftekhar1ahmmed
1796,16888365,Steve,"2026-09-13 23:49:53",0.94183,1,steve5438
1797,16880378,"Rebecca Shirievo","2026-09-14 06:03:15",0.94183,8,rebeccashirievo
1798,16832410,"Jainish Kumar","2026-09-10 18:08:47",0.94182,2,jainishkumar
1799,16949276,"Maxim Boguslavskiy","2026-09-24 09:13:10",0.94182,10,maxbogus
1800,16885894,Ekansh200,"2026-09-20 05:55:47",0.94182,2,ekansh200
1801,16861339,JunGeMa1,"2026-09-11 19:16:24",0.94182,5,jungema1
1802,16870912,"Nitesh Kanojiya","2026-09-14 07:14:09",0.94182,4,niteshk4nojiya
1803,16894934,"Kam Mehr","2026-09-15 10:48:23",0.94182,1,kammehr
1804,16913176,"Deepak GD","2026-09-17 10:14:01",0.94182,2,gddeepak
1805,16880107,"Subhankar Kanrar","2026-09-24 09:03:53",0.94182,2,subhankarkanrar
1806,16838603,ajimihao,"2026-09-07 10:04:42",0.94182,2,ajimihao
1807,16932423,"Vall Rynskov","2026-09-23 10:38:39",0.94182,7,vallrynskov
1808,16809976,"Esma Oğuz","2026-09-06 22:54:36",0.94181,5,eoguzz
1809,16806407,"Kaustubh Mukdam","2026-09-14 04:46:02",0.94181,9,kaustubhmukdam
1810,16918255,Gapdoicanxi,"2026-09-25 04:04:58",0.94181,1,gapdoicanxi
1811,16877327,simplepotato,"2026-09-20 20:00:20",0.94181,3,harshmaurya01
1812,16914232,"Moustafa Younes","2026-09-19 12:51:34",0.94181,6,mostafaibrahimyounes
1813,16854024,"Ruben Garcia","2026-09-15 09:55:11",0.94181,5,rubengarcia2309
1814,16799456,"Rayk Kretzschmar","2026-09-03 06:32:01",0.94181,4,raykkretzschmar
1815,16815031,"Rutang Patel","2026-09-05 05:58:38",0.94180,4,rutangpatel
1816,16831984,golugoodboy,"2026-09-08 16:09:15",0.94180,1,prabhatkagglelearn
1817,16849384,"Artyom Sayapin","2026-09-10 23:19:18",0.94180,1,spielmeister
1818,16799076,"Do Hyun Nam","2026-09-02 00:29:59",0.94180,4,dollis
1819,16802553,"Anurag malik00","2026-09-04 10:52:44",0.94180,3,anuragmalik00
1820,16816687,momiji_free,"2026-09-17 06:55:05",0.94180,25,momijifree
1821,16800061,C3PO,"2026-09-16 13:05:23",0.94180,3,alunji
1822,16803310,"Mirko Caroleo","2026-09-06 16:48:09",0.94180,10,mirkocaroleo
1823,16802856,"Joao Pedro Nascimento de Sousa","2026-09-01 16:37:26",0.94180,1,joaopedrosousan
1824,16907092,Debjyoti6007,"2026-09-17 09:47:06",0.94179,8,debjyoti6007
1825,16830469,"Louis GERVILLE-REACHE","2026-09-10 08:16:50",0.94179,6,louisgerville
1826,16802667,"Syed Rayyan Haider","2026-09-18 12:16:38",0.94179,59,"abdulrafay2525,mabdulrafay2,syedrayyanhaider"
1827,16891705,"Rahul vats","2026-09-16 14:15:17",0.94179,3,rahulvats20
1828,16800647,Nesime,"2026-09-19 13:31:25",0.94179,10,monkeybox
1829,16893171,"Osama Hamdi","2026-09-14 21:28:27",0.94178,3,osamahamdi0
1830,16801049,"hyhien lu","2026-09-02 12:52:36",0.94178,1,hyhienlu
1831,16807170,"Sadettin Şamil Verdil","2026-09-21 10:41:18",0.94178,3,sadettinamilverdil
1832,16807201,"Prosotas dubiosa","2026-09-09 17:51:50",0.94178,1,prosotasdubiosa
1833,16876350,krak0s,"2026-09-18 13:31:57",0.94178,2,krak0s
1834,16806579,kangmingyu,"2026-09-27 03:06:50",0.94178,2,ertqqdd
1835,16937581,Grheetioum,"2026-09-22 16:54:07",0.94178,3,herczeggyrgy
1836,16926856,"Renaldi Dwi Nanda P","2026-09-19 19:56:13",0.94178,1,renaldidnp
1837,16881489,"Mohit  Gawali","2026-09-14 12:39:34",0.94178,11,mohitsharadraogawali
1838,16852348,KALP_LAD,"2026-09-17 09:47:06",0.94178,15,kalplad
1839,16937639,"Sanghamithra Namboodiri","2026-09-22 13:31:56",0.94177,2,sanghamithra2006
1840,16880866,"KRISHNA SIMHA","2026-09-13 07:34:35",0.94177,9,krishnasimha
1841,16935633,"Nicolas Le Bozec","2026-09-21 13:07:27",0.94177,1,nicolaslebozec
1842,16805465,mike_L,"2026-09-01 22:49:54",0.94177,7,mikeloncaric
1843,16810998,"De Marchi Fabio","2026-09-26 20:50:58",0.94177,13,obiaf88
1844,16892711,NaufalAqil18,"2026-09-16 08:22:11",0.94177,5,naufalaqil18
1845,16818709,khanhtran,"2026-09-04 07:22:25",0.94177,12,carlostran
1846,16929708,Irene2014,"2026-09-23 23:14:08",0.94177,1,irene2014
1847,16962551,"Taimoor Rauf","2026-09-25 18:43:04",0.94177,1,taimoorrauf607
1848,16854142,"Marco Nardone","2026-09-10 21:01:23",0.94176,1,marconardone
1849,16811586,rlrlrlrlrl,"2026-09-04 06:50:48",0.94176,1,rlrlrlrlrl
1850,16849189,danishlaraib,"2026-09-08 02:07:22",0.94176,3,danishlaraib
1851,16889400,RAFAY__1212,"2026-09-16 04:59:04",0.94176,22,rafay1212
1852,16811960,"Mike Johnson","2026-09-12 02:36:00",0.94176,2,mrjohnsonsea
1853,16798798,BrentL,"2026-09-03 04:43:12",0.94176,3,brentl
1854,16843247,"Gunnika Aggarwal","2026-09-06 16:14:47",0.94176,8,gunnikaggarwal
1855,16844421,"Eleni Stamkou","2026-09-25 19:26:43",0.94176,1,elsta444
1856,16859162,"Aymen Mhirit","2026-09-16 10:56:17",0.94175,2,aymenmhirit
1857,16866334,"Zihang Yu","2026-09-26 15:16:23",0.94175,4,zihangyu26
1858,16860742,"Christos Basdekis","2026-09-14 10:48:19",0.94175,4,christosbasdekis
1859,16885612,"Agniva Ghosh","2026-09-15 15:59:42",0.94175,4,agniva2006
1860,16806569,"Ramuni Lalith Vishnu","2026-09-06 12:30:49",0.94175,1,ramunilalithvishnu
1861,16907523,Ca22o,"2026-09-19 14:00:50",0.94175,1,ankithalder244
1862,16969868,MackLiu,"2026-09-27 03:07:32",0.94175,1,mackliu
1863,16860410,"Kir Bor","2026-09-09 17:12:36",0.94175,5,abkir1
1864,16812667,AaradhyaGupta,"2026-09-03 04:45:51",0.94175,1,aaradhyaguptaai
1865,16802729,"Akash Jadhav","2026-09-21 11:42:49",0.94175,3,EagleOnAI
1866,16889634,NITISH_GOYAL1,"2026-09-25 05:20:01",0.94175,8,nitishgoyal1
1867,16904374,"Oluwaseun O Adeya","2026-09-16 13:00:07",0.94175,3,oluwaseunoadeya
1868,16884925,"Idrees Asghar","2026-09-26 02:05:35",0.94174,1,adiladil1275
1869,16806555,Dev_Patel,"2026-09-02 07:36:03",0.94174,2,devpateldev
1870,16842541,Rutang,"2026-09-06 09:28:44",0.94174,1,rutang2
1871,16854394,as_mild_ny,"2026-09-08 14:59:56",0.94174,1,asmildny
1872,16810047,"Egor Kirovich","2026-09-23 08:06:22",0.94174,6,"egorkirovich,levlok"
1873,16856824,Taha,"2026-09-24 16:02:56",0.94174,35,tahaaf
1874,16809706,"Parth Kumbhar","2026-09-03 19:11:45",0.94174,2,parthkumbhar131106
1875,16811806,"Waihei Yuk","2026-09-03 06:02:27",0.94174,1,waiheiyuk
1876,16953769,"Hamna Munir","2026-09-26 07:15:41",0.94174,2,hmcodes27
1877,16896762,"Vikram S Jaswal","2026-09-22 06:46:33",0.94174,2,vikramsjaswal
1878,16855889,"Manish Parmar","2026-09-18 00:54:03",0.94174,1,manishparmar4102
1879,16798921,"Mehreen Rahman","2026-09-01 16:56:24",0.94174,1,mehreenrahman
1880,16929844,yuliangcheng,"2026-09-20 14:45:19",0.94174,4,yuliangcheng
1881,16937054,Ayush526,"2026-09-25 13:38:52",0.94173,3,ayush526
1882,16881459,"FARES AISSAOUI","2026-09-12 14:28:59",0.94173,1,faresls
1883,16913284,"VENKATA SAI GUMMADELLI","2026-09-19 15:24:27",0.94173,1,"sindhuchowdaryg,venkatasaigummadelli"
1884,16918515,"JleHuBblu nJlR}l{HuK","2026-09-19 20:34:46",0.94173,5,kashin
1885,16841455,Knowledge_seeker,"2026-09-27 01:07:34",0.94173,40,keerthi0908
1886,16799117,"Chirapathleo Saelim","2026-09-14 11:35:24",0.94173,7,chirapathleosaelim
1887,16863936,SRSKhan,"2026-09-10 05:38:45",0.94173,1,srskhan
1888,16840733,"Jason Jeon","2026-09-19 04:36:58",0.94172,1,jasonjeon203
1889,16807687,Dawnej,"2026-09-24 22:26:54",0.94172,41,dawnej
1890,16891679,"Chuah Jong Sik","2026-09-22 16:36:20",0.94172,7,cjosik
1891,16844167,"Aleksandr Artamonov","2026-09-08 17:49:00",0.94172,6,arutamonofu
1892,16893452,canjinyu,"2026-09-15 04:21:06",0.94172,1,canjinyu
1893,16808308,"Edosuyi Enosakhare","2026-09-04 09:11:18",0.94172,7,edosuyienosakhare
1894,16857361,mmcuda,"2026-09-09 05:00:14",0.94172,2,mmcuda
1895,16842976,"Aseel AL-Mozahem","2026-09-15 21:38:09",0.94172,2,anonymousdns
1896,16918959,GuangyuanWang,"2026-09-19 09:11:52",0.94172,1,guangyuanwangkaggle
1897,16858028,"Hai Duong","2026-09-25 00:55:00",0.94172,2,haixd3
1898,16830827,"Quantum Autumn","2026-09-06 10:38:06",0.94172,15,autumnquantum
1899,16914441,Shreed7,"2026-09-17 19:35:36",0.94172,10,shreed7
1900,16802621,Sarthak,"2026-09-12 15:46:11",0.94172,11,sarthak914
1901,16847756,"Tsyban Valery","2026-09-26 11:26:10",0.94172,2,tsybanvalery
1902,16817796,Xplug-xmc,"2026-09-09 14:15:49",0.94172,2,xplugxmc
1903,16802079,"Soichiro Shido","2026-09-01 10:05:49",0.94172,1,soichiroshido
1904,16859192,"ARUNAGIRINATHAN K","2026-09-11 00:51:20",0.94171,9,arunsworkspace
1905,16906451,"Saiyyad Ahmed","2026-09-19 16:21:53",0.94171,5,saiyyadahmed
1906,16798799,"KOUSHIK KUMAR DINDA","2026-09-01 03:36:18",0.94171,1,koushikkumardinda
1907,16879077,"Diganta Roy Drik","2026-09-20 18:15:05",0.94171,1,digantaroydrik
1908,16897339,"osama ebaid","2026-09-26 15:59:58",0.94171,27,osamaebaid
1909,16799630,"Rohit Kumar","2026-09-24 16:35:12",0.94171,19,rohit4468
1910,16881138,"Akkapop Prasompon","2026-09-14 10:37:41",0.94171,3,akkapopprasompon
1911,16819926,"Sharon.n Gichira","2026-09-22 15:09:06",0.94171,28,sharonngichira
1912,16841249,Royal_Mustaches,"2026-09-05 20:11:01",0.94171,1,royalmustaches
1913,16933022,akiba120,"2026-09-27 04:25:41",0.94171,3,akiba120
1914,16949456,"Miguel G.","2026-09-24 18:03:27",0.94171,7,koyomiaragi
1915,16897886,"Trisha Nadar","2026-09-17 12:45:24",0.94171,5,trishanadar
1916,16959645,Hylb77,"2026-09-26 10:37:58",0.94170,5,hylb77
1917,16846589,"Joseph D","2026-09-07 18:27:30",0.94170,2,navigatordj
1918,16802216,zouxiheng,"2026-09-01 14:35:26",0.94170,10,zouxiheng
1919,16970156,alpha_particle,"2026-09-27 05:53:43",0.94170,1,aadi065
1920,16805378,"Chirag Desai","2026-09-13 19:27:20",0.94170,3,cid007
1921,16897123,Patience_Star,"2026-09-20 07:06:57",0.94170,2,patiencestar
1922,16831055,Talhai212565,"2026-09-08 22:01:04",0.94170,1,talhai212565
1923,16799785,HuiJuan.Yu,"2026-09-01 08:18:09",0.94170,4,chuyuni
1924,16810744,"Muhammad Adnan Shahzad","2026-09-02 21:48:27",0.94170,1,muhammadadnanshahzad
1925,16932013,"Juliano Batistim","2026-09-23 14:49:58",0.94170,11,julianobatistim
1926,16808354,"Hifza Ansari","2026-09-03 12:21:51",0.94170,1,hifzaansari
1927,16958927,sen01,"2026-09-25 17:43:24",0.94169,1,piyushy04
1928,16802326,"Avik Das","2026-09-02 06:11:07",0.94169,2,avikdas567
1929,16799185,"Satyajeet Kumar","2026-09-01 06:01:13",0.94169,2,m4rcuseryx
1930,16828595,"Keep Motivated","2026-09-04 11:44:40",0.94169,2,keepmotivated
1931,16847403,suiban410219,"2026-09-08 11:46:31",0.94169,5,suiban410219
1932,16803985,"Seungjun Lee","2026-09-02 00:26:07",0.94169,1,seungjunleeofficial
1933,16847728,"Emanuele Latino","2026-09-21 13:13:40",0.94169,14,emanuelelatino
1934,16802681,Fousekhs,"2026-09-01 12:56:08",0.94169,1,fousekhs
1935,16907800,"Ramesh Neupane","2026-09-18 10:29:09",0.94169,2,rameshneupane2025
1936,16799546,"Sean Connolly","2026-09-02 02:48:38",0.94169,4,seanconnolly
1937,16876158,"Mobeen Fatima","2026-09-17 17:24:49",0.94169,2,mobeenfatimah
1938,16926192,"Alexander Nord","2026-09-19 16:30:16",0.94169,1,alexandernord123
1939,16932162,"Fernando Bohlhalter","2026-09-24 14:56:37",0.94169,10,fernandobohlhalter
1940,16800537,e271828,"2026-09-02 01:15:14",0.94169,4,e271828ai
1941,16866677,jinruixu,"2026-09-11 13:27:50",0.94169,1,jinruixu11
1942,16910631,3as6Bl,"2026-09-22 01:41:45",0.94169,1,segusegu
1943,16876064,Gjones01,"2026-09-14 00:36:07",0.94169,1,gjones01
1944,16854479,"Muarifatul husna","2026-09-08 15:59:44",0.94169,2,muarifatulhusna
1945,16799649,DongJunKim,"2026-09-01 11:12:13",0.94169,4,kkiljh
1946,16833151,"Vikas Seth","2026-09-12 20:08:42",0.94169,2,vikassethv
1947,16969051,"Omar Hassan Elsayed","2026-09-26 23:00:11",0.94169,2,omarhassanelsayed
1948,16935056,"Егор Романов","2026-09-23 06:45:21",0.94169,3,egor2005
1949,16968879,"Arthur Chia","2026-09-27 05:21:06",0.94169,1,arthurchia
1950,16880764,AkiraFujieda,"2026-09-12 23:59:35",0.94169,3,akirafujieda
1951,16808986,Yukino487,"2026-09-02 14:52:37",0.94168,4,yukino487
1952,16893738,"Cương Trần","2026-09-22 07:24:02",0.94168,1,cuontran
1953,16885809,bsenst,"2026-09-14 15:09:52",0.94168,3,bnzn261029
1954,16969223,dibagrov,"2026-09-27 07:33:37",0.94168,1,dibagrov
1955,16891405,Jiratchaya007,"2026-09-14 15:00:21",0.94168,4,jiratchaya007
1956,16835960,kansyo,"2026-09-10 11:28:43",0.94168,2,kansyo
1957,16798783,Hkawanishi,"2026-09-25 18:21:38",0.94168,4,hkawanishi
1958,16865886,Akshai_0,"2026-09-11 10:07:31",0.94168,8,akshai0
1959,16817493,yihang1717,"2026-09-04 12:58:02",0.94168,1,yihang1717
1960,16959823,"Paul Badman","2026-09-26 09:20:02",0.94168,1,sanestcoder
1961,16815012,RayHuang,"2026-09-03 12:15:48",0.94168,4,rayhuang0124
1962,16798691,おかゆん,"2026-09-22 02:17:25",0.94168,2,okayun
1963,16956357,TonyD,"2026-09-24 20:13:29",0.94168,1,delsorbo
1964,16823385,"Carol Wu","2026-09-06 19:46:56",0.94168,1,phr0gg
1965,16862277,"Al Hadj Hmida Chadi","2026-09-09 21:00:18",0.94168,2,alhadjhmidachadi
1966,16808044,cropperash,"2026-09-04 08:46:46",0.94168,11,cropperash
1967,16853048,"Logeshwari Somasundaram","2026-09-24 06:06:04",0.94168,3,logeshwari12345
1968,16839327,Leeguang98,"2026-09-08 17:24:38",0.94167,2,leeguang98
1969,16823986,"orchid Liu","2026-09-09 09:03:31",0.94167,1,orchidliu
1970,16841382,"Phyo Wai Aung1","2026-09-07 22:36:25",0.94167,14,"kyawphonethant,phyowaiaung1"
1971,16809973,TobiST10,"2026-09-06 22:45:29",0.94167,15,tobist10
1972,16948089,"Isla Mukheef","2026-09-25 01:12:22",0.94167,4,islamukheef
1973,16852992,"yoonoh oh","2026-09-26 03:46:19",0.94167,2,yoonohoh
1974,16893000,Bath-Water,"2026-09-16 09:09:29",0.94167,5,bathwater
1975,16818882,"Abdallah Hashad","2026-09-05 19:59:59",0.94167,2,abdallahhashad0
1976,16798853,Marius,"2026-09-09 23:09:40",0.94167,3,mariusborel
1977,16798955,skbhai07,"2026-09-02 10:22:17",0.94167,1,skbhai07
1978,16883743,"Kenneth Mccarthy","2026-09-13 05:47:47",0.94167,4,kennethmccarthy
1979,16968933,"Soleil Hub","2026-09-26 19:50:13",0.94167,1,xsoleil
1980,16851683,junseo1231,"2026-09-20 11:44:11",0.94167,2,junseo1231
1981,16842160,ricky5932,"2026-09-06 12:57:10",0.94167,3,ricky5932
1982,16885386,sidhfe,"2026-09-16 08:27:38",0.94167,2,sidhfe
1983,16885397,DAIKU,"2026-09-21 01:15:59",0.94166,7,daikusan
1984,16938537,"Aly Dhedhi","2026-09-22 23:27:55",0.94166,1,alydhedhi
1985,16879656,"Roaa Khalaf","2026-09-13 09:03:50",0.94166,4,roaakhalaf
1986,16799088,"Sharanya Nagar","2026-09-15 19:05:50",0.94166,6,sharanyanagar07
1987,16958593,"Fery Adi Wibowo","2026-09-25 07:54:23",0.94166,1,feryadiwibowo
1988,16831225,"Trinh Tuan Anh","2026-09-07 19:37:43",0.94166,2,trinhtuananh
1989,16832693,"Oktavian Prasetya Adi","2026-09-06 05:55:57",0.94166,6,oktavianprasetyaadi
1990,16855112,Qwe_,"2026-09-09 12:07:26",0.94166,1,annchern
1991,16808674,"Vignesh Nehru","2026-09-10 14:31:20",0.94166,2,vigneshnehru
1992,16822295,"S Fukushi","2026-09-06 06:21:52",0.94166,1,sfukushi
1993,16903957,"Menelik Zafir","2026-09-16 03:19:01",0.94166,1,monibeefudgekins
1994,16806342,"Umar Tabbsum","2026-09-02 04:15:41",0.94166,1,umartabbsum
1995,16891780,"Mega Gobb","2026-09-14 14:04:24",0.94166,1,megagobb
1996,16917410,"Takuya Nagata","2026-09-23 23:36:19",0.94166,2,naggty
1997,16884549,Edgar2025,"2026-09-13 04:48:41",0.94165,1,edgar2025
1998,16878455,"Tianle Xiang","2026-09-12 04:06:09",0.94165,6,tianlexiang
1999,16966936,ChandramouliNagasundaram,"2026-09-26 15:45:37",0.94165,1,mouliindian
2000,16937326,"Jacobo Tlacaelel Mina Rodriguez (jako)","2026-09-27 00:49:04",0.94165,4,jakomina
2001,16958476,AbdurRahim001,"2026-09-25 07:11:16",0.94165,1,abdurrahim001
2002,16806889,dagentui,"2026-09-24 01:18:52",0.94165,3,xuyang2024
2003,16944133,Mamun@1234,"2026-09-23 08:18:03",0.94165,4,mamun1234
2004,16809666,Ksuke29,"2026-09-13 06:53:37",0.94165,5,keisuke20040529
2005,16809501,rdcastroinvest,"2026-09-16 22:20:59",0.94165,3,rdcastroinvest
2006,16804713,Dzhemz,"2026-09-18 16:34:50",0.94165,5,dzhemz
2007,16904519,Shaun,"2026-09-20 05:55:40",0.94165,5,slmf1995
2008,16871250,liulian123,"2026-09-11 07:23:44",0.94165,2,liulian123
2009,16893683,"João Felipe Aguiar","2026-09-15 02:01:47",0.94165,1,joofelipeaguiar
2010,16810013,rainday,"2026-09-02 15:42:17",0.94164,1,leezhenhong10
2011,16889656,"Amir Braham","2026-09-14 07:08:40",0.94164,1,amirbrahamm
2012,16852684,"Pritesh Raj","2026-09-08 06:00:19",0.94164,1,priteshraj10
2013,16799759,hideaki_mizoue,"2026-09-01 06:53:36",0.94164,1,hideakimizoue
2014,16808343,"Ukasha Nadeem","2026-09-04 11:50:42",0.94164,9,ukashanadeem
2015,16893366,"saumin bhagatwala","2026-09-15 03:21:33",0.94164,2,sauminbhagatwala
2016,16800057,Sofia_Gilka,"2026-09-07 07:30:45",0.94164,3,sofiagilka
2017,16862342,"Yiğit Can","2026-09-09 20:16:36",0.94164,6,yiiitcan
2018,16945749,"Rajat Kumar Sunda","2026-09-23 14:26:50",0.94164,5,rajatkumarsunda
2019,16885025,"Musen Lin","2026-09-27 02:42:04",0.94164,6,musenlin
2020,16916134,"Piyush kumar","2026-09-26 21:43:08",0.94164,5,piyush295
2021,16841935,ytani,"2026-09-06 11:58:00",0.94164,3,dreamvly
2022,16881225,"Sarthak Srivastava","2026-09-12 13:53:13",0.94164,2,codebugged
2023,16923090,"Dibya S. Barik","2026-09-19 04:37:04",0.94164,2,darkdevil18
2024,16886781,"Omar Tarek Abdelkader Ahmed El Belbeisy","2026-09-14 12:31:18",0.94164,1,patmux
2025,16799363,"Jay Soni","2026-09-03 06:19:16",0.94164,3,jaysoni4
2026,16854906,"Aman Vishwakarma","2026-09-22 13:06:09",0.94164,4,amanvishwakarma01
2027,16940157,panda,"2026-09-22 12:48:52",0.94164,3,pandapanda1234
2028,16798617,"Anim Samuel K.","2026-09-03 03:42:35",0.94163,4,animsamuelk
2029,16826542,mascham,"2026-09-04 10:20:57",0.94163,2,nchamid
2030,16862187,"Tejas Nisar","2026-09-10 18:54:28",0.94163,8,tejasnisar
2031,16799475,ZiYiMing,"2026-09-26 06:14:02",0.94163,6,ziyiming
2032,16895258,"Parv Goyal","2026-09-15 10:44:42",0.94163,6,parvgoyal215
2033,16913764,sofiyamasl,"2026-09-17 10:01:01",0.94163,1,superduperspacezebra
2034,16913493,"vinicius souza quadros","2026-09-17 13:18:58",0.94163,9,viniciussouzaquadros
2035,16860385,fengduan555,"2026-09-10 14:28:07",0.94163,2,fengduan555
2036,16890014,"Raitul Hasan Priyo","2026-09-14 08:48:48",0.94163,3,raitulhasan
2037,16916069,­최성민,"2026-09-17 18:33:50",0.94163,7,blazeykits
2038,16823209,Lynatine,"2026-09-21 09:55:01",0.94163,4,lynatine
2039,16848969,"Zoha Khawaja","2026-09-10 12:14:46",0.94163,3,zohakhawaja
2040,16838719,Residual,"2026-09-06 15:23:48",0.94163,5,debrupsarkar30111
2041,16911349,"Marius Zavistanavicius","2026-09-27 06:56:32",0.94163,6,zavista
2042,16818252,"Wondering Luffy","2026-09-03 11:38:59",0.94163,9,anhadmh
2043,16904062,"Vimal Sahani","2026-09-24 09:24:41",0.94163,5,nvimalcbn05
2044,16941175,"Sergey Andreev","2026-09-23 07:30:59",0.94162,1,shozha
2045,16925581,"Murod Fayziyev","2026-09-21 04:47:22",0.94162,2,murodfayziyev
2046,16914112,ohirokio16,"2026-09-26 07:39:52",0.94162,5,ohirokio16
2047,16899241,sseeiiggoo,"2026-09-18 17:57:03",0.94162,3,sseeiiggoo
2048,16848218,"Thiago L.","2026-09-18 17:13:32",0.94162,13,thaago
2049,16967302,"Nikhil sai Soma","2026-09-26 17:23:45",0.94162,3,nikhilsaisoma
2050,16840271,"Pedro Rafael Sousa","2026-09-05 16:56:42",0.94162,2,pedrorafaelsousa
2051,16842041,SAURABH257,"2026-09-09 11:47:11",0.94161,4,saurabh257
2052,16925088,"Anshul Trehan","2026-09-19 11:39:38",0.94161,2,anshultrehan
2053,16806591,"Dear Shark","2026-09-02 04:55:23",0.94161,1,dearshark
2054,16912770,"BHORE YASHRAJ CHANDRAKANT","2026-09-17 08:01:05",0.94161,1,bhoreyash
2055,16862316,"Simon mateli","2026-09-21 17:51:50",0.94161,1,simonmateli
2056,16945040,tyson,"2026-09-23 04:49:29",0.94161,1,tysonwashere
2057,16880553,"Ryosuke Yoshikawa","2026-09-13 12:30:48",0.94161,3,ryosukeyoshikawa
2058,16859294,PuChang,"2026-09-09 09:28:11",0.94161,1,dennychang
2059,16818169,"Vinitha Raj","2026-09-26 10:32:58",0.94161,9,vinurajesh
2060,16809393,"Parastoo F","2026-09-18 18:49:13",0.94161,3,prfa9877
2061,16855830,"Samuel Patton","2026-09-09 23:23:30",0.94161,7,samuelpatton22
2062,16834874,lumarigoz,"2026-09-26 03:03:18",0.94161,12,lumarigoz
2063,16802702,"Lis Hdez","2026-09-21 09:06:03",0.94161,4,lishdez
2064,16939749,"Gukhyun Moon","2026-09-26 06:00:05",0.94161,1,moongukhyun
2065,16907135,Str1k3rFl0,"2026-09-17 13:35:38",0.94160,1,str1k3rfl0
2066,16931125,njhthinker,"2026-09-20 15:45:54",0.94160,1,njhthinker
2067,16806946,"Srishti Gauraha","2026-09-03 04:50:19",0.94160,4,srishtigauraha
2068,16833035,"Abderraouf Saleh Kihel","2026-09-07 13:29:59",0.94160,5,abderraoufsalehkihel
2069,16965982,"Nazar Mohammed","2026-09-26 12:10:29",0.94160,1,nazarmohammed
2070,16850565,"Muna Mohamed Hassan","2026-09-10 19:33:24",0.94160,5,munamohamedhassan
2071,16960065,Loxiss,"2026-09-26 22:57:52",0.94160,3,loxiss
2072,16820717,Dexter_ML,"2026-09-03 15:35:24",0.94160,2,dexterml
2073,16824996,"Aditya kumar Jha","2026-09-12 04:47:31",0.94160,2,adityakumarjha08
2074,16933804,"Kkk Kkksad","2026-09-21 19:38:08",0.94160,1,kkkkkksad
2075,16930867,"Harsha Singh","2026-09-20 15:39:12",0.94160,5,harsha1215
2076,16870465,"Kenan Zhang9","2026-09-11 03:02:05",0.94160,1,kenanzhang9
2077,16857639,"Raja' Huwaydah Nassar","2026-09-09 05:34:35",0.94160,5,rajahuwaydahnassar
2078,16799638,"Chaitanya Jamble","2026-09-01 06:24:58",0.94160,4,chaitanyajamble
2079,16938991,"Fasai Tamrit","2026-09-22 09:48:45",0.94160,1,iamfoat
2080,16893920,"meng m","2026-09-18 01:27:44",0.94160,6,meng0011
2081,16940247,Shivam_Innsbruck,"2026-09-22 21:12:30",0.94160,10,shivaminnsbruck
2082,16861396,"Phoenix #2","2026-09-09 15:25:54",0.94159,1,seanht1
2083,16828047,"Pierpaolo Bellusci","2026-09-08 21:27:35",0.94159,1,pierpaolobellusci
2084,16956046,"Marcos Oldani","2026-09-24 19:41:07",0.94159,1,marcosoldani1360
2085,16820202,"Daniel Legorreta","2026-09-24 03:23:06",0.94159,5,legorreta
2086,16905236,"Alfred Shingai","2026-09-16 17:36:00",0.94159,4,alfredshingai
2087,16856486,"Digant Tiwari","2026-09-25 18:16:01",0.94159,1,diganttiwari
2088,16804927,"Krishna Mohan","2026-09-01 18:32:39",0.94159,1,km2006
2089,16869107,fEULER30,"2026-09-11 02:03:05",0.94159,3,feuler30
2090,16819773,dongfangdaguo,"2026-09-04 14:37:43",0.94159,2,dongfangdaguo
2091,16914706,INF2_josallo4_anpego3,"2026-09-17 12:28:26",0.94159,1,josepsalvador
2092,16815208,"jason vetter","2026-09-05 04:39:45",0.94159,1,jasonvetter
2093,16851351,brunoarpa,"2026-09-09 16:23:38",0.94159,2,brunoarpa
2094,16799741,"Abhishek Mishra112","2026-09-03 13:10:53",0.94159,2,abhishekmishra112
2095,16855508,"Sriram Lingavel","2026-09-25 08:20:12",0.94159,6,sriramlingavel01
2096,16799537,dig987,"2026-09-01 10:33:12",0.94159,1,digvijayahirrao
2097,16844666,"Tleukhanov Yeraly","2026-09-06 20:03:58",0.94158,1,tleukhanovyeraly
2098,16917362,"Pavel Dior","2026-09-24 13:29:20",0.94158,6,paveldior
2099,16939267,"Madhav Yadav","2026-09-24 11:05:17",0.94158,1,madhav55
2100,16885579,bob112250,"2026-09-13 12:09:00",0.94158,2,bob112250
2101,16894561,"Rishaan Rathore","2026-09-15 11:03:22",0.94158,1,rishaanrathore
2102,16811217,"Maks Prinko","2026-09-03 15:49:51",0.94158,1,maksprinko
2103,16898496,"Harsh Gupta","2026-09-18 07:54:44",0.94158,5,harshgupta4444
2104,16841002,"Carlos Alves","2026-09-08 19:21:50",0.94158,1,carlosone
2105,16921710,Lupusin2,"2026-09-18 18:35:03",0.94158,1,lupusin2
2106,16858643,"Aarav Shanker","2026-09-09 08:32:30",0.94158,3,aaravshanker7
2107,16832722,"Danylo Kucherenko","2026-09-15 12:57:38",0.94158,10,danylo0501
2108,16857773,"Thousand Valley Field","2026-09-14 13:41:20",0.94158,11,hatakuncom
2109,16889789,"Sachin Yadav #2","2026-09-26 04:51:01",0.94158,3,"ankitkumawatankit,chhotoosolanki,sachinyadav2967"
2110,16809611,"Mohammed arfan shafin","2026-09-15 17:30:26",0.94158,14,mohammedarfanshafin
2111,16927796,VictorHsu,"2026-09-20 08:21:32",0.94158,1,victorhsu1122
2112,16843329,"Saksham Singh","2026-09-07 08:04:48",0.94158,8,sakshamsingh0806
2113,16876131,"Karl Kallavus","2026-09-18 12:56:16",0.94158,1,karlkallavus
2114,16910285,Gradient9,"2026-09-25 00:23:24",0.94157,2,gradient9
2115,16802770,s22990038,"2026-09-20 05:35:06",0.94157,18,s22990038
2116,16807309,stpete_ishii,"2026-09-03 05:42:31",0.94157,7,stpeteishii
2117,16806154,"Arun Kumar Oraon","2026-09-02 04:52:12",0.94157,1,arunkumaroraon
2118,16839965,"Sairaj Adhav","2026-09-26 01:47:13",0.94157,6,sai10py
2119,16925349,fufucheese,"2026-09-19 12:32:49",0.94157,1,fufucheese
2120,16814770,ShivamSharma,"2026-09-05 02:57:02",0.94157,2,shivamsharma89989880
2121,16799015,kitayama,"2026-09-25 14:12:37",0.94157,10,kkityama
2122,16887316,"Luke Lifton","2026-09-13 23:10:38",0.94157,1,lukelifton
2123,16894357,"Payal Ashok Pawar","2026-09-20 06:04:29",0.94157,1,payalashokpawar
2124,16915125,chengyy03,"2026-09-17 14:00:38",0.94157,1,chengyy03
2125,16847250,KunyinSun01,"2026-09-07 11:33:53",0.94157,1,kunyinsun01
2126,16847425,"Team Slavia","2026-09-07 10:32:35",0.94157,1,"harshpatill08,jainmanthanarvind,kambleshravanganesh"
2127,16865303,qqq12332111,"2026-09-10 11:10:14",0.94157,1,qqq12332111
2128,16883330,"Murilo Prado","2026-09-13 00:51:07",0.94157,2,muriloprado
2129,16809235,"Factual Explorer","2026-09-04 14:11:38",0.94157,1,factualexplorer
2130,16870386,Abhay_GenAi,"2026-09-27 06:39:06",0.94157,1,abhaygenai
2131,16811275,"Leonardo Melniski","2026-09-03 01:18:08",0.94157,1,leonardomelniski
2132,16966979,TazawaShiryu,"2026-09-26 11:46:58",0.94157,1,tazawashiryu
2133,16809110,anonymous134275,"2026-09-03 09:25:13",0.94157,13,anonymous134275
2134,16830896,Prasanna,"2026-09-04 14:04:01",0.94157,2,prasanna25
2135,16894533,"Wincent Zhang","2026-09-15 08:35:12",0.94156,1,wincentzhang
2136,16855619,"Bhumika Goyal","2026-09-08 19:59:47",0.94156,1,bhumikag27
2137,16841417,SANTOS,"2026-09-05 23:11:51",0.94156,2,sandocorp23santos
2138,16847786,"Alfez Khan","2026-09-25 10:18:52",0.94156,1,alfezkhan71
2139,16809593,RudraSingh0001,"2026-09-17 03:55:42",0.94156,19,rudrasingh0001
2140,16841004,"Husain Bohra","2026-09-06 08:23:36",0.94156,1,husainbohra05
2141,16844434,"Ranga Sai Shreyas7","2026-09-08 16:11:34",0.94156,1,rangasaishreyas7
2142,16816738,Kapil,"2026-09-04 05:20:52",0.94156,10,kapil3
2143,16799082,江口ゼミ,"2026-09-03 02:00:53",0.94156,1,"boritannsenzinn,ublfublf"
2144,16876453,"Shaheer Alam","2026-09-11 16:55:26",0.94156,1,mshaheeralam
2145,16860117,"Shair Khan","2026-09-22 15:30:28",0.94156,1,datascikhan
2146,16883655,"Trey Cobb","2026-09-13 01:01:02",0.94156,1,tcobb775
2147,16804938,Koostik126,"2026-09-01 20:50:55",0.94156,1,kostya138
2148,16853999,Srinija,"2026-09-22 17:23:13",0.94156,10,madisrinija
2149,16824571,"Will Smith","2026-09-07 23:28:01",0.94155,1,wcsmith26
2150,16921829,tanmi1573,"2026-09-18 17:09:19",0.94155,1,tanmi1573
2151,16948852,"Ayse Payci","2026-09-23 18:21:11",0.94155,3,ayepayc
2152,16841059,"Ярослав Третьяк","2026-09-06 20:28:42",0.94155,7,berch123
2153,16811627,traumt,"2026-09-03 01:39:24",0.94155,1,traumt
2154,16933185,"Risikesan Yogeswaran","2026-09-21 03:55:23",0.94155,1,risikesanyogeswaran
2155,16860611,znikola45,"2026-09-10 15:17:11",0.94155,1,zabicnikola45
2156,16938069,NosyRuby2187,"2026-09-21 20:51:45",0.94155,5,djsksbrbf
2157,16871525,"Gautam kumar","2026-09-14 06:44:56",0.94155,3,gautamkumarpatel
2158,16915563,"Sandeep Kumar","2026-09-17 19:00:02",0.94155,1,sandeepkumar121995
2159,16825802,"geeta bamhane","2026-09-04 06:08:26",0.94155,1,geetabamhane
2160,16823641,"Sayan Mukherjee","2026-09-26 07:54:49",0.94155,1,jicomukherjee
2161,16809681,"Tráng Phùng Văn","2026-09-03 17:16:21",0.94155,1,phungtrang
2162,16831212,Ben,"2026-09-06 04:47:35",0.94154,2,shadowjr
2163,16865438,"RAKSAKANTH J","2026-09-10 08:26:51",0.94154,3,raksakanthj
2164,16880037,"Habib Bashir Lawal","2026-09-12 10:36:09",0.94154,2,lbashirhabib
2165,16850067,"SHANMUKHA DATTA BODA","2026-09-11 12:21:18",0.94154,3,shanmukhadattaboda
2166,16870434,zchen,"2026-09-12 13:02:58",0.94154,2,zchen2357
2167,16946274,chennuo,"2026-09-23 11:44:58",0.94154,2,cleverfkn
2168,16934244,"Futa Sho","2026-09-22 06:36:23",0.94154,3,futasho
2169,16924775,dimdie3064,"2026-09-19 10:59:29",0.94154,3,dimdie3064
2170,16925865,ds_01,"2026-09-26 07:06:06",0.94154,3,baibhavbittutiwari
2171,16934703,"Gül BİLMEZ","2026-09-22 17:56:26",0.94153,11,glblmez
2172,16862585,"Syed Faizaan Ahmad","2026-09-21 08:41:16",0.94153,5,syedfaizaanahmad
2173,16906869,"Qinhui Tian","2026-09-16 16:43:37",0.94153,1,qinhuitian
2174,16895035,"JIN ZHENRUI","2026-09-16 14:22:21",0.94153,1,jinzhenrui
2175,16909445,EasyM0ney,"2026-09-17 02:27:17",0.94153,1,easym0ney
2176,16861460,desptet,"2026-09-11 10:38:44",0.94153,1,desptet
2177,16825601,"Sh Gong","2026-09-23 07:06:49",0.94153,4,shgong
2178,16806526,"Prince Radadiya","2026-09-03 12:18:52",0.94153,5,princeradadia
2179,16936119,linglinglingqi,"2026-09-21 13:48:50",0.94153,2,linglinglingqi
2180,16863464,"Muhamad Alexander","2026-09-10 16:52:47",0.94153,3,herons202
2181,16911319,"Johnny Wilson Dougherty","2026-09-17 05:47:25",0.94153,1,johnnydougherty
2182,16857606,"Emmanuel King Chris","2026-09-09 23:49:24",0.94153,2,emmanuelkingchris
2183,16871764,"Guneeth K","2026-09-11 08:48:04",0.94153,1,guneethk
2184,16848674,imandysaurus,"2026-09-07 19:31:05",0.94153,2,imandysaurus
2185,16864928,"Abanoub Reda Shehad","2026-09-12 14:05:10",0.94153,2,abanoubredashehad
2186,16918725,SnskrtMali,"2026-09-18 07:27:52",0.94152,1,snskrtmali
2187,16876046,"Bensu Kocatepe","2026-09-11 16:59:28",0.94152,2,bensukocatepe
2188,16908737,VenturaRaee,"2026-09-16 21:50:37",0.94152,1,venturaraee
2189,16832122,sameer7888,"2026-09-08 04:02:22",0.94152,1,sameer7888
2190,16859239,"David SanRu","2026-09-18 10:14:11",0.94152,1,davidsanru
2191,16809599,"Yuvanshu Dadhich","2026-09-14 03:52:30",0.94152,2,yuvanshudadhich
2192,16941784,"Arjun Janamatti","2026-09-23 05:02:27",0.94152,4,arjunjanamatti
2193,16807809,"Vlad Baranceanu","2026-09-02 08:32:49",0.94152,1,vladbaranceanu
2194,16884895,dawn0618,"2026-09-22 09:14:23",0.94152,3,dawn0618
2195,16932212,"Carlos Perea","2026-09-20 20:19:49",0.94152,1,carlospereavega
2196,16909225,"Pragya Sharma","2026-09-23 01:02:54",0.94152,1,"pragyasharma1993,saithaneesh"
2197,16896389,neetish_ss,"2026-09-15 11:34:58",0.94152,2,neetishss
2198,16823792,"Rohit Wayal","2026-09-10 23:44:19",0.94152,4,rohitwayal12
2199,16849647,korlakunta,"2026-09-08 17:52:01",0.94152,1,korlakunta
2200,16893730,"Zenun Chowdhury","2026-09-15 17:19:51",0.94152,1,zenunchowdhury
2201,16967067,"Kshitij Chaudhari","2026-09-26 17:26:40",0.94152,1,kshitijchaudhari7
2202,16847681,"Ferhat Metin","2026-09-07 12:56:07",0.94152,3,ferhatmetin34
2203,16862365,"Hien Nguyen","2026-09-16 23:20:27",0.94151,1,nguyehi1
2204,16893763,"Gabriel Guzman","2026-09-15 02:09:53",0.94151,1,ggguzm
2205,16854391,"Meshack Mbeswa","2026-09-23 11:12:45",0.94151,2,meshackmbeswa
2206,16810718,"Akshita Sharda","2026-09-11 18:48:33",0.94151,1,akshitasharda01
2207,16944215,"Denise B","2026-09-24 03:22:24",0.94151,2,denisebruce
2208,16867481,"Royer Elvis Moreano Condorcuya","2026-09-25 20:15:07",0.94151,9,royerelvis
2209,16906347,Kylianvn,"2026-09-16 14:10:14",0.94151,5,kylianvn
2210,16846070,"mino sussin","2026-09-09 15:23:56",0.94151,1,minosussin
2211,16832047,Egunuraka,"2026-09-07 05:01:04",0.94151,1,egunuraka
2212,16833121,Kagura_UT,"2026-09-19 02:49:03",0.94151,15,tatsuhikou
2213,16934352,toshidesu,"2026-09-26 10:49:05",0.94151,6,toshidesu
2214,16845688,"Bruno JI","2026-09-24 07:22:27",0.94151,1,brunoji
2215,16832052,Dhruv1029,"2026-09-04 18:14:58",0.94151,1,dhruv1029
2216,16856334,"Mariyyyaa ella","2026-09-08 21:44:33",0.94150,1,mariyyyaaella
2217,16844137,"Rohit Kumar #2","2026-09-24 09:58:13",0.94150,3,rohitraj264
2218,16806192,EmmaL09,"2026-09-03 00:54:57",0.94150,3,emmal09
2219,16826984,"Olivia Redd","2026-09-04 10:02:45",0.94150,1,oliviaredd
2220,16909505,"Rajarshi nag (shreya)","2026-09-25 11:56:06",0.94150,2,rajarshinagshreya
2221,16809908,"Praharsha Thapa","2026-09-17 13:25:09",0.94150,2,praharshathapa
2222,16829721,"Manushi Bombaywala","2026-09-04 11:34:41",0.94150,1,manushibombaywala
2223,16798564,"Ιωάννης Σταμελιάς","2026-09-03 13:47:24",0.94150,3,giannhsstamelias
2224,16952855,"Chrizz K","2026-09-24 11:41:27",0.94150,2,chrizzk
2225,16799782,"Diogo R. Ferreira","2026-09-01 11:35:25",0.94150,4,diogoff
2226,16843583,"Davin LeClair","2026-09-14 16:55:10",0.94150,5,davinleclair
2227,16856983,kaypto,"2026-09-10 11:34:50",0.94150,2,kaypto
2228,16854461,TerenceLSH,"2026-09-18 14:19:25",0.94150,2,terencelsh
2229,16808747,"Александр Трифонов","2026-09-02 13:16:50",0.94150,1,cybrvibe
2230,16894172,Adrian1212Ken,"2026-09-19 08:25:59",0.94150,6,adrian1212ken
2231,16964950,"cheng jialuo","2026-09-26 04:11:53",0.94150,1,chengjialuo
2232,16800048,okuub11,"2026-09-01 08:31:04",0.94150,1,okuub11
2233,16868278,"Avian Ross","2026-09-10 18:44:25",0.94150,2,avianross
2234,16811711,feng,"2026-09-11 13:55:50",0.94149,1,guofungwong
2235,16964693,MhalTeddy,"2026-09-26 06:42:57",0.94149,1,mhaltaj
2236,16934874,"Jaron Althoff","2026-09-21 10:19:41",0.94149,8,jaronalthoff
2237,16891697,houssemhashos,"2026-09-15 16:46:41",0.94149,1,houssemhashos
2238,16887412,aditya117b,"2026-09-13 18:04:34",0.94149,1,aditya117b
2239,16800003,Itpl16,"2026-09-01 15:44:15",0.94149,4,itpl16
2240,16802686,"Argus Kern","2026-09-01 12:10:54",0.94149,1,arguskern
2241,16969012,"Khanh Huynh","2026-09-26 21:16:59",0.94149,1,dizzykhanh
2242,16899305,"Nour Alhalwagy","2026-09-27 05:07:09",0.94149,2,nouralhalwagy
2243,16807701,Rishabh979,"2026-09-23 15:31:33",0.94149,3,rishabh979
2244,16844341,"William Chang","2026-09-06 18:02:10",0.94149,1,williamchangyl
2245,16948992,"Suman Kumar Rana","2026-09-25 18:48:25",0.94149,2,sumanranaaaaa
2246,16892365,Kamogawa_Horumo,"2026-09-14 16:48:42",0.94149,1,xia464
2247,16855108,"Ahmed Hossam Elhawary","2026-09-11 06:16:28",0.94149,1,ahmedapolo
2248,16853247,WangDongwei15,"2026-09-10 08:14:55",0.94149,2,wangdongwei15
2249,16855094,"Anandhini ep","2026-09-10 13:59:24",0.94149,4,anandhiniep
2250,16806460,enenenhhh,"2026-09-09 04:07:29",0.94148,3,enenenhhh
2251,16960103,"Yenigella Gnandeep","2026-09-26 13:06:48",0.94148,4,yenigellagnandeep
2252,16934654,"Devinoh Hafni","2026-09-21 13:08:42",0.94148,1,devinohhafni
2253,16843018,"Sieg Sola","2026-09-07 14:30:26",0.94148,4,siegsola
2254,16890126,XZXZZX,"2026-09-16 12:08:47",0.94148,7,xzxzzx
2255,16897049,"Sammy Anagavah","2026-09-23 12:35:01",0.94148,2,sammyanagavah
2256,16960352,sidbansal65,"2026-09-25 10:18:25",0.94148,1,sidbansal65
2257,16946246,"Hakam Avicena ","2026-09-23 13:33:32",0.94148,1,hakamavicena
2258,16928109,coco,"2026-09-20 07:33:00",0.94148,1,cocoshe
2259,16827498,zhangby5555,"2026-09-04 08:26:19",0.94148,1,zhangby5555
2260,16805629,"Bikhyat Adhikari","2026-09-02 02:24:47",0.94148,1,bikhyatadhikari
2261,16924475,"Eidan Cohen","2026-09-20 12:46:06",0.94148,1,eidanch
2262,16907915,Swayam_0010,"2026-09-19 13:23:35",0.94148,1,swayam0010
2263,16808527,"Vikas Rajpurohit","2026-09-10 13:22:13",0.94147,3,vikasrajpurohit
2264,16898582,"Vladislav Ilyukhin","2026-09-20 12:44:22",0.94147,3,vladislavilyukhin
2265,16864874,"Arjjun s","2026-09-10 07:19:42",0.94147,1,arjjuns
2266,16848247,"Thanh Mân123","2026-09-08 09:22:20",0.94147,3,thanhmn123
2267,16802136,Manish,"2026-09-22 09:15:19",0.94147,12,manishpatil115
2268,16941754,SatadalS,"2026-09-23 08:03:06",0.94147,1,ssdd09
2269,16802461,"Md Sarwash Ahmed","2026-09-26 05:42:41",0.94147,1,mdsarwashahmed
2270,16811820,"Diego Alonso Meza Delgado","2026-09-11 02:41:32",0.94147,5,diegoamd
2271,16921641,H12838,"2026-09-20 11:21:15",0.94147,1,h12838
2272,16841262,"Yahaya Kabir","2026-09-06 12:25:18",0.94147,1,yahayakabir02
2273,16849030,Ameyyy,"2026-09-07 20:03:01",0.94146,1,ameyvichave01
2274,16926682,"Ritam Kishore23","2026-09-23 19:19:05",0.94146,3,ritamkishore23
2275,16887692,pyroeg0_1dx,"2026-09-16 08:00:11",0.94146,4,phongabc
2276,16887633,"Jonibek Abdurahmonov","2026-09-14 19:03:09",0.94146,4,jonibekabdurahmonov
2277,16799274,"valentine mwai","2026-09-08 11:31:28",0.94146,3,valentinemwai
2278,16828419,"gui shan111","2026-09-04 09:35:06",0.94146,1,guishan111
2279,16883902,"ABDUL Rehman","2026-09-13 03:17:36",0.94146,1,datawithabxrehman
2280,16881851,nisarg107,"2026-09-16 06:21:59",0.94146,1,nisarg107
2281,16933154,"Atlas Black","2026-09-24 06:47:31",0.94146,1,"atlasblack,gongbai"
2282,16804064,PANDEY21,"2026-09-02 17:43:45",0.94146,1,vivek2113
2283,16858688,"Nguyễn Bình Phú","2026-09-09 09:05:26",0.94146,2,phunguyen15456
2284,16886215,mexjpn91,"2026-09-14 15:00:37",0.94146,2,mexjpn91
2285,16839687,"Mudit Agrawal","2026-09-25 17:36:11",0.94146,10,mudit1711
2286,16853298,Rafif,"2026-09-08 09:23:30",0.94146,1,muhammadrafifdanuja
2287,16799718,"Vishal Kishore","2026-09-02 13:36:45",0.94146,1,kishorevishal
2288,16904618,"Fahmi Alfayadh","2026-09-16 11:07:04",0.94146,2,fahmialfayadh
2289,16838768,400297-จีระศักดิ์,"2026-09-05 10:37:18",0.94146,2,jeerasakananta
2290,16854937,Mordred,"2026-09-17 21:15:39",0.94146,2,mordred6
2291,16898997,"Ashkan Rafiee","2026-09-26 16:38:32",0.94145,30,ashkanrafiee2005
2292,16829671,Meri_Petrosyaaann,"2026-09-05 18:02:27",0.94145,6,meripetrosyaaann
2293,16965549,Harish.V1234567,"2026-09-26 18:06:59",0.94145,5,harishv1234567
2294,16799469,Lelouch,"2026-09-01 13:12:21",0.94145,1,aayushh13
2295,16852972,"Akihiro koga","2026-09-09 09:15:35",0.94145,8,akihirokoga
2296,16799889,Dhairyasheel05,"2026-09-13 12:59:56",0.94145,2,dhairyasheel05
2297,16913592,"Kaisei Kikuchi","2026-09-17 15:01:39",0.94145,1,kaiseikikuchi
2298,16879498,"Андрей Мехоношин","2026-09-12 08:21:11",0.94145,1,andrewamn
2299,16867554,lins6767,"2026-09-13 00:49:41",0.94145,2,lins6767
2300,16818228,abdulkader1,"2026-09-22 01:03:25",0.94145,11,abdulkader1
2301,16859229,"Evel Fu","2026-09-09 14:46:49",0.94144,1,evelfu
2302,16832027,ryuksm01,"2026-09-08 06:53:41",0.94144,7,shashwatamukherjee
2303,16968054,SHUlpt,"2026-09-27 04:12:22",0.94144,1,shulpt
2304,16814169,Raphdraft,"2026-09-03 09:21:11",0.94144,1,raphdraft
2305,16892614,"Pal Savani","2026-09-18 07:31:42",0.94144,1,palsavani
2306,16858788,"Khadka PARLEE","2026-09-09 13:38:09",0.94144,2,khadkaparlee
2307,16882312,"Ferchichi Wassim","2026-09-13 18:49:40",0.94144,4,ferchichiwassim
2308,16934510,"Lekang Makake","2026-09-21 07:38:01",0.94144,3,lekangmakake
2309,16894899,DauntingX,"2026-09-16 06:34:08",0.94144,1,dauntingx
2310,16839456,Ryulmoon,"2026-09-27 05:31:28",0.94144,1,ryulmoon
2311,16870719,"Thanh Vũ","2026-09-11 06:54:35",0.94143,1,messithanh2k
2312,16942781,"Gongyao Xu","2026-09-23 02:48:52",0.94143,1,gongyaoxu
2313,16829041,dhseries,"2026-09-25 05:06:55",0.94143,11,hoang001
2314,16809429,"samhith nadig","2026-09-03 10:46:51",0.94143,1,samhithnadig
2315,16894531,"zishan rayan","2026-09-15 07:09:45",0.94143,1,zishanrayan
2316,16840951,"Saksham Kumar","2026-09-25 09:14:44",0.94143,1,tenaxx
2317,16831254,"João Felix","2026-09-14 15:56:17",0.94143,5,joaosilvafelix
2318,16803701,"Carolin DJ","2026-09-08 11:31:43",0.94143,1,carolindj
2319,16839058,রোদশী,"2026-09-05 08:56:25",0.94143,1,nuzhatbintenazim
2320,16945478,"Anshul Jain","2026-09-23 10:30:04",0.94143,1,anshul0703jain
2321,16844094,fragcoder,"2026-09-06 16:09:00",0.94143,1,fragcoder
2322,16858376,zhangglinhann,"2026-09-15 03:16:00",0.94143,1,zhangglinhann
2323,16848130,P76131042蔡炘晏,"2026-09-07 13:29:06",0.94143,1,p76131042
2324,16906686,GregH,"2026-09-18 19:45:08",0.94143,4,eosgreg
2325,16839263,SHIFT_R,"2026-09-05 10:00:54",0.94143,1,ryoichiro
2326,16922591,matiyas,"2026-09-22 20:31:28",0.94143,6,matiyas
2327,16848320,shohtani,"2026-09-11 00:39:00",0.94143,3,shohtani
2328,16929660,"dhanush valiveti","2026-09-21 14:57:34",0.94143,1,dhanushvaliveti
2329,16817901,"Praful Tiwari1","2026-09-06 09:40:47",0.94142,23,prafultiwari1
2330,16831046,"jukai zhu","2026-09-05 02:37:47",0.94142,1,jukaizhu
2331,16852982,"Aditya Sasidhar","2026-09-08 12:41:54",0.94142,2,tadityasasidhar
2332,16936227,"Alessandro Falanga","2026-09-21 12:27:39",0.94142,1,slifer1
2333,16818644,"Felix Berget","2026-09-15 08:41:57",0.94142,21,jovialkar
2334,16805343,"Andre Endress","2026-09-06 19:49:54",0.94142,3,andreendress
2335,16892557,"Михаил Седов","2026-09-20 10:31:20",0.94142,2,teacher32
2336,16804526,"SAMPAT PRAJAPAT","2026-09-03 12:33:32",0.94142,2,sampatprajapat
2337,16930901,mseokq,"2026-09-20 15:14:53",0.94142,1,mseokq
2338,16811442,"Estevao Smith","2026-09-03 00:51:35",0.94142,1,estevaosmith
2339,16840538,"Dharun Suryaa","2026-09-20 05:13:35",0.94141,2,dharun4772
2340,16885370,LargeLiang,"2026-09-13 09:06:53",0.94141,1,largeliang
2341,16885564,"Zhilei Qiu","2026-09-13 09:09:29",0.94141,1,amatlas
2342,16875741,Hiroshi,"2026-09-20 03:03:48",0.94141,1,shonohiroshi
2343,16872137,"Riad Hossain","2026-09-11 11:14:46",0.94141,2,riadhhossain
2344,16805930,"Duyen Nguyen","2026-09-02 01:47:33",0.94141,1,catherine246
2345,16849241,"Matias Loukojärvi","2026-09-07 19:26:05",0.94141,1,matiasloukojrvi
2346,16962882,"Davy Williams","2026-09-25 22:50:51",0.94141,1,davywilliams
2347,16799151,SUMMER:3,"2026-09-22 13:45:53",0.94141,1,yuqingxia
2348,16917515,LyraWang0506,"2026-09-18 01:38:00",0.94141,2,lyrawang0506
2349,16831836,"Ayşe Yaşar","2026-09-04 20:21:16",0.94141,3,ayeyaar
2350,16815045,_AshwinMahawar_,"2026-09-03 11:01:10",0.94141,1,ashwinmahawar
2351,16822467,IDK_409,"2026-09-03 16:47:46",0.94141,1,idk409
2352,16930414,staticalpirate,"2026-09-20 22:37:28",0.94141,4,statisticalpirate
2353,16853549,"Yeswanth Pothala","2026-09-22 09:18:30",0.94141,1,yeswanthpothala
2354,16802526,"Mala Yadav","2026-09-04 03:35:55",0.94141,3,mail2malayadav
2355,16799442,"Raghav Sharma 2002","2026-09-02 09:42:00",0.94140,1,raghavsharma2002
2356,16844489,"Rohit Gupta","2026-09-06 18:02:45",0.94140,1,rohitgupta1027
2357,16889919,"Jiraphat Kaewdee","2026-09-14 07:01:50",0.94140,1,jiraphatkaewdee
2358,16970829,"KANGKAN KALITA","2026-09-27 07:29:06",0.94140,1,kangkankalita
2359,16876681,Kiriesh,"2026-09-11 21:56:43",0.94140,1,kiriesh
2360,16804884,"Robby Internet","2026-09-01 18:09:21",0.94140,2,robbyinternet1
2361,16970187,"David Lu","2026-09-27 04:57:42",0.94140,1,davidlutx
2362,16899324,vxtsbsn,"2026-09-16 00:55:13",0.94140,1,vxtsbsn
2363,16878614,"Aidan Ridderhof","2026-09-13 03:43:59",0.94140,1,aidanridderhof
2364,16835567,"Chani Leon","2026-09-06 03:00:06",0.94140,4,leonchani
2365,16855269,"Mohitraj Rathor","2026-09-10 08:22:42",0.94140,4,mohitrajrathor
2366,16807887,wcsarita,"2026-09-07 04:24:05",0.94140,2,wcsarita
2367,16799745,"Kübra Arığ","2026-09-02 07:19:44",0.94140,4,kbraar
2368,16810012,"Aryan Gupta","2026-09-12 09:53:24",0.94139,4,abacilla
2369,16949852,maruhiko,"2026-09-23 22:04:42",0.94139,1,maruhiko
2370,16854533,"Gnach Deraj","2026-09-10 05:10:11",0.94139,1,gnachderaj
2371,16798754,Matts6591,"2026-09-15 15:07:23",0.94139,4,mathwithmatt
2372,16824054,"James Mills","2026-09-23 23:33:43",0.94139,1,jamesmills1975
2373,16966059,"Chintu sharma","2026-09-26 19:27:42",0.94139,4,chintusharma4
2374,16813111,Annekyl,"2026-09-03 05:38:08",0.94139,3,annekyl
2375,16811006,yuuu-okazaki,"2026-09-02 21:15:18",0.94139,1,yuuuokazaki
2376,16823045,"Akanksha Sahai","2026-09-03 22:31:35",0.94139,2,akgoesplaces
2377,16811029,tquinn6,"2026-09-14 15:24:02",0.94139,4,tquinn6
2378,16956582,"Love Ratnawat","2026-09-24 21:17:56",0.94139,1,loveratnawat
2379,16936045,AGordeev,"2026-09-22 06:42:24",0.94138,2,agordeev
2380,16959049,"Antariksh Tamuly","2026-09-26 06:31:36",0.94138,9,tamulyantariksh
2381,16806097,"Krishna Anandan Ganesan","2026-09-02 02:58:56",0.94138,2,vulcanpint
2382,16844432,"Utkarsh Singh","2026-09-11 03:54:11",0.94138,1,utkarshx27
2383,16963196,"Jason Noriega","2026-09-25 21:34:35",0.94138,1,jasonnoriega
2384,16801812,"Jonathan Gusching","2026-09-01 12:57:24",0.94138,6,jonathangusching
2385,16809591,"Saurab Godse","2026-09-07 10:56:47",0.94138,2,godsesaurab
2386,16819730,"Robo Maven","2026-09-03 14:28:44",0.94138,1,robomaven
2387,16889157,"Đỗ Quang Phong","2026-09-15 14:45:11",0.94138,8,wangpo06
2388,16826579,xuanxuan496,"2026-09-05 13:34:09",0.94138,1,xuanxuan496
2389,16910923,jwenwu,"2026-09-23 09:00:48",0.94138,1,jwenwu
2390,16916891,"Divyansh Bagla","2026-09-17 22:07:41",0.94138,10,divyanshbagla
2391,16912796,"DANIELLE CHOI","2026-09-26 13:02:48",0.94137,5,daniellec927
2392,16839583,"Jordan Mukaddam","2026-09-05 12:10:09",0.94137,1,jordanmukaddam
2393,16803617,VGekko,"2026-09-01 16:43:40",0.94137,1,vgekko
2394,16930724,"RISHAB KUMAR","2026-09-20 15:14:47",0.94137,1,rishabkumar27
2395,16814721,"Kartik Sharma","2026-09-10 20:05:03",0.94137,3,kartiksharma4656
2396,16823857,"Sabit Al Juma","2026-09-08 00:04:52",0.94137,2,sabitaljuma
2397,16877502,vanokaggler,"2026-09-15 20:04:17",0.94137,3,vanokaggler
2398,16936176,"Sukhbold Ch","2026-09-21 14:12:59",0.94137,2,sukhboldch
2399,16798774,"Chih-Neng Tung","2026-09-07 06:59:25",0.94137,6,chihnengtung
2400,16866274,"Manisha Gupta","2026-09-10 13:55:08",0.94137,3,manishagupta123
2401,16937993,"Денис Бондарев","2026-09-24 19:27:57",0.94136,1,loosy2
2402,16827487,JKTAN827,"2026-09-09 11:02:52",0.94136,6,jktan827
2403,16928188,"yue Huan","2026-09-20 10:57:20",0.94136,1,yuehuan
2404,16840039,karthickraja,"2026-09-05 17:42:39",0.94136,3,karthickrajas
2405,16942216,Hikaru,"2026-09-25 13:15:38",0.94136,4,hikarumatsu
2406,16799222,izumi600,"2026-09-01 09:09:00",0.94136,4,izumi600
2407,16840226,"Suyog Bewle","2026-09-05 19:43:35",0.94136,1,suyogbewle
2408,16862245,"Sohith Patha","2026-09-09 20:18:05",0.94136,1,sohithpatha
2409,16925863,"Ruba Meftah","2026-09-19 16:17:05",0.94135,6,rubameftah
2410,16805897,kunal_singh,"2026-09-10 13:27:39",0.94135,2,kunalsingh100
2411,16898341,"Yashita Kumar","2026-09-24 06:56:31",0.94135,14,yk1409
2412,16800049,"Hoshi Hinata","2026-09-01 09:18:44",0.94135,1,hoshihinata
2413,16807588,"Batuhan Sülün","2026-09-07 13:01:54",0.94135,4,batuhansln
2414,16912591,"Vishwam Patel","2026-09-18 03:03:07",0.94135,9,vishwamp
2415,16822411,"half sugerrr","2026-09-17 12:58:30",0.94135,11,halfsugerrr
2416,16810673,"BT boilerplate","2026-09-02 20:29:31",0.94135,1,btboilerplate
2417,16882999,"Sofia Naushad","2026-09-13 19:33:44",0.94135,3,sofianaushad
2418,16803104,"Muhammad Robith","2026-09-12 14:06:35",0.94134,8,muhammadrobith
2419,16892790,"Arijeet das 04","2026-09-22 03:03:23",0.94134,2,arijeetdas04
2420,16881802,"Byron Leukemans","2026-09-12 16:12:15",0.94134,2,byronleukemans
2421,16838405,"Goutam sharma","2026-09-09 17:26:00",0.94134,1,goutamsharma12
2422,16854910,baro_nht,"2026-09-08 16:51:54",0.94134,3,baronht
2423,16802288,a3amaT02,"2026-09-25 23:17:29",0.94134,27,a3amat02
2424,16802355,"Felicity Onwano","2026-09-16 12:32:51",0.94134,1,felicityonwano
2425,16893232,ElectroMind,"2026-09-14 23:54:09",0.94134,3,"ayashalmoliky,benalsanaani,mohammed77880"
2426,16806164,SaipraneethReddyOne,"2026-09-02 02:51:54",0.94133,1,saipraneethreddyone
2427,16875482,PSRlegend7,"2026-09-11 20:44:32",0.94133,2,psrlegend7
2428,16816958,"Zobayer Abdullah","2026-09-13 09:10:54",0.94133,5,zobayerabdullah
2429,16865274,sileighty,"2026-09-15 07:15:03",0.94133,1,sileighty
2430,16969741,"Dũng Lường","2026-09-27 05:51:45",0.94133,3,dungluonh
2431,16904639,"MULANI SANIYA JAHANGIR","2026-09-25 13:25:09",0.94133,2,mulanisaniyajahangir
2432,16919290,"ILHAM TESA ","2026-09-18 09:43:05",0.94133,1,"ilhamtesa,ndz55zdn,rifafairuz"
2433,16835635,messibeatgravity,"2026-09-05 03:43:41",0.94133,1,messibeatgravity
2434,16814657,"Akash Prajapati 01","2026-09-11 16:42:51",0.94133,7,akashprajapati01
2435,16805852,computersoul,"2026-09-22 02:57:16",0.94133,2,computersoul
2436,16866083,"Shravani Bavkar","2026-09-10 12:01:35",0.94132,2,shravbavkar1705
2437,16853573,CNPolaris521,"2026-09-08 08:49:43",0.94132,2,cnpolaris521
2438,16853489,JIAWEILI0001,"2026-09-24 03:57:06",0.94132,90,jiaweili0001
2439,16885965,"K N FARHAN NAZIM","2026-09-20 05:44:54",0.94132,2,knfarhannazim
2440,16844988,"Branko Adziev","2026-09-06 21:56:06",0.94132,2,brankoadziev
2441,16896971,"Bhavesh Kumar","2026-09-18 05:13:13",0.94132,1,bhaveshyadav111
2442,16842209,Soham_Deshpande,"2026-09-11 04:55:55",0.94132,4,sohamdeshpande11
2443,16934684,ymaeda1125,"2026-09-21 15:05:47",0.94132,7,ymaeda1125
2444,16847005,"Andreas Granhøy-Lieng","2026-09-07 08:38:11",0.94131,1,andreasgranhylieng
2445,16898023,"Sagar Agrawal","2026-09-16 09:41:09",0.94131,7,sagawal123
2446,16940055,WUDEXING,"2026-09-22 08:19:57",0.94131,1,wudexing
2447,16801836,DevashishSoni123,"2026-09-01 18:47:48",0.94131,1,devashishsoni123
2448,16807196,i-za-world,"2026-09-10 01:28:49",0.94131,3,kizawa
2449,16824070,"Kimberly Sultan","2026-09-08 00:30:09",0.94130,2,ksultan
2450,16940579,Singhbohdivydishu,"2026-09-22 17:51:36",0.94130,1,singhbohdivydishu
2451,16879055,"Prashanta Das","2026-09-14 08:49:01",0.94130,4,prashantadas27
2452,16860647,Ievasss,"2026-09-09 13:52:39",0.94130,4,ievasss
2453,16905192,Gary,"2026-09-17 05:37:12",0.94130,1,garywangchenyue
2454,16865553,Severanceee,"2026-09-10 09:27:07",0.94130,1,severanceeeq
2455,16915494,"Cornelius Kristianto","2026-09-20 01:12:57",0.94130,2,corneliuskristianto
2456,16807955,acw511,"2026-09-02 08:34:11",0.94130,2,acw511
2457,16967082,rahfar,"2026-09-26 11:59:01",0.94129,1,airmech
2458,16798805,"Jim Gruman","2026-09-19 00:12:37",0.94129,20,jimgruman
2459,16843778,"riko okada","2026-09-06 13:42:59",0.94129,1,leehu2837
2460,16823975,GN,"2026-09-05 18:02:26",0.94129,2,gns100
2461,16953785,"Asra Zibaie","2026-09-26 10:48:21",0.94129,1,asrazibaie
2462,16799430,"Zanan Pech","2026-09-02 17:37:42",0.94129,2,zananpech
2463,16932570,BalconesKeys,"2026-09-26 01:52:34",0.94129,1,balconeskeys
2464,16945027,"Tanish C","2026-09-23 09:06:44",0.94128,1,tanishc27
2465,16852647,"Syed Abue Tayeb Al-Zeyed","2026-09-08 05:39:04",0.94128,2,syedabuetayebalzeyed
2466,16821028,kapilsingh09,"2026-09-25 08:52:17",0.94128,5,kapilsingh99893
2467,16910921,Artyom,"2026-09-17 09:29:17",0.94128,3,ffggje
2468,16802071,Karan,"2026-09-05 17:07:11",0.94128,5,karan9351
2469,16822559,"Muntasir Mamun396","2026-09-04 14:54:19",0.94128,2,muntasirmamun396
2470,16889213,"Struggler Omi","2026-09-14 08:15:30",0.94128,2,omkar98
2471,16933114,"shangze wu111","2026-09-21 06:19:33",0.94128,1,shangzewu111
2472,16959010,"PARTH DEWAL","2026-09-25 07:47:13",0.94128,1,parthdewal
2473,16866066,"joshi malav","2026-09-10 11:05:37",0.94128,2,joshimalav
2474,16859319,jesusvivo,"2026-09-13 10:53:12",0.94128,1,jesusvivo
2475,16880367,jaswanthkrishna04,"2026-09-27 04:06:31",0.94128,50,"bhuvanesh55,jaswanthkrishna04"
2476,16924469,"Luke Smith","2026-09-26 05:02:33",0.94127,1,lukesmith44
2477,16832701,"Aikantic Maitra","2026-09-05 16:04:53",0.94127,3,aikanticmaitra
2478,16840350,"Mikołaj Dybizbański","2026-09-08 12:33:12",0.94127,1,mikoajdybizbaski
2479,16868033,"Vivek Teja","2026-09-14 20:37:06",0.94127,4,vivektejaraju
2480,16888375,PhalacrocoraxCarbo,"2026-09-15 00:54:27",0.94127,6,phalacrocoraxcarbo
2481,16865297,hcbyun0408,"2026-09-20 04:39:02",0.94127,3,hcbyun0408
2482,16944199,Hakid999,"2026-09-23 22:32:00",0.94127,4,hxakxids
2483,16885843,"chutian Chen","2026-09-13 12:40:55",0.94127,2,chutianchen123
2484,16921073,"Smati Anis","2026-09-23 08:55:11",0.94126,14,smatianis
2485,16969977,"Dale Kube","2026-09-27 03:52:47",0.94126,1,dalekube
2486,16806818,"Nidhi Tiwari","2026-09-03 04:00:39",0.94126,1,nidhitiwari4
2487,16849958,LicheA13,"2026-09-10 06:05:01",0.94125,2,lichea13
2488,16862372,"Gigin George Mathew","2026-09-09 18:22:38",0.94125,2,gigingeorgemathew
2489,16858774,"Muhammad Zalan","2026-09-13 06:32:00",0.94125,1,mohammadzalan1
2490,16855421,"REVANTH CHOWDARY AREKATLA","2026-09-09 17:07:24",0.94125,2,revanth3897
2491,16807250,"Arin Avanoosyan","2026-09-02 21:51:46",0.94125,2,arinavanoosyan
2492,16918386,AquamarinHoshino,"2026-09-26 07:20:23",0.94124,23,aquamarinhoshino
2493,16918389,"Harrison Law","2026-09-18 09:44:48",0.94124,3,harrisonlaw
2494,16802779,"Đào Minh Thuấn 🎖️","2026-09-20 03:57:15",0.94124,2,thuandao
2495,16910709,Athreya2007,"2026-09-17 07:31:26",0.94124,5,athreya2007
2496,16842401,Nidhal,"2026-09-06 12:26:29",0.94123,3,znidhal
2497,16884710,"Dipali maurya","2026-09-17 13:15:04",0.94123,1,dipalimaurya565
2498,16904932,"Huang Shih Lun","2026-09-16 08:00:38",0.94123,3,scu05170230
2499,16927403,"Harish Varma Chintalapati","2026-09-20 22:54:06",0.94123,2,hvc007
2500,16939776,"Md.Mahfujul Karim Sheikh","2026-09-24 04:58:06",0.94123,7,mdmahfujulkarim
2501,16938781,Cachurro,"2026-09-22 21:17:57",0.94122,2,cachurro
2502,16895095,Fede977,"2026-09-15 12:34:11",0.94122,1,fede977
2503,16852836,"Shrutika Bhiungade","2026-09-17 18:51:26",0.94122,4,shrutikabhiungade
2504,16884423,ravina,"2026-09-14 05:46:26",0.94122,12,piratesofmonotony
2505,16799500,"Muhammad Awais Tariq","2026-09-06 02:33:36",0.94122,2,muhammadawaistariq87
2506,16801470,"Rohan Dsouza","2026-09-01 09:24:01",0.94122,1,rohandsouza003
2507,16854418,"Trọng Lê","2026-09-08 18:35:20",0.94122,2,fuchonghihihi
2508,16923506,"Dilsha A","2026-09-19 12:59:16",0.94122,2,dilshaminnu
2509,16803904,"NAGIREDY SURYA","2026-09-03 15:24:29",0.94122,5,nagiredysurya
2510,16878522,twofacedfour,"2026-09-13 17:29:46",0.94121,3,twofacedfour
2511,16799135,"Aqib Raza","2026-09-01 04:02:20",0.94121,1,aqibrazadev
2512,16855616,Eagle888,"2026-09-08 18:04:22",0.94121,3,eagle888
2513,16941972,"Ben Voss","2026-09-22 16:52:10",0.94121,1,blvoss
2514,16846637,"Saad M Khan","2026-09-08 14:04:22",0.94121,1,saadkhanxdcatalyst
2515,16809386,"Shobhit kumar","2026-09-03 08:23:06",0.94121,1,shobhitkumar29
2516,16844030,rodea0952,"2026-09-10 14:41:24",0.94120,2,ryutohosokawa
2517,16893236,"احمد احمد","2026-09-14 22:52:50",0.94120,4,pic66474
2518,16969710,Buchi_Cat,"2026-09-27 07:36:58",0.94120,3,buchicat
2519,16842405,"Arnav Shendurnikar","2026-09-09 05:55:58",0.94120,6,arnavshendurnikar
2520,16950699,hpp666,"2026-09-24 06:28:33",0.94120,1,ppplovepeace
2521,16954038,"Yakovleva Tamara","2026-09-24 15:54:05",0.94120,5,yakovlevatamara
2522,16938934,Kanade147359,"2026-09-22 02:27:16",0.94120,1,kanade147359
2523,16866216,k240042Manahil,"2026-09-10 11:27:55",0.94120,1,k240042manahil
2524,16957814,samuelson,"2026-09-25 02:59:03",0.94119,1,samuelson1004
2525,16893370,IvanYakovl,"2026-09-23 23:04:14",0.94119,1,ivanyakovl
2526,16930954,"michele fresneda","2026-09-20 19:31:06",0.94119,1,michelefresneda
2527,16954593,Coding-Smurf,"2026-09-24 16:39:40",0.94119,2,codingsmurf
2528,16888726,"Ankit Kumar","2026-09-14 06:12:09",0.94119,1,e404ankitfound
2529,16823765,"Arda Baran Baytar","2026-09-04 02:32:04",0.94119,1,ardabaranbaytar
2530,16954305,merthyn,"2026-09-24 15:52:45",0.94119,1,merthyn
2531,16944431,"Teresa Ferrill","2026-09-23 04:28:56",0.94118,1,teresaferrill
2532,16839214,field996,"2026-09-06 01:36:13",0.94118,1,field996
2533,16888820,"Kirill Gubkin","2026-09-14 04:33:21",0.94118,1,kirillgubkin
2534,16929421,"Anjali Ajith","2026-09-27 03:01:16",0.94117,3,anjaliajith99
2535,16936312,"Daniel Khusainov","2026-09-23 16:33:35",0.94117,1,danielkhusainov
2536,16822737,"Shaurya Handu","2026-09-03 18:26:58",0.94117,2,shauryahandu
2537,16856820,"Kolybalova Anastasia ","2026-09-09 18:38:48",0.94117,7,kolybalovaanastasia
2538,16931015,"Adi Nath Bhawani","2026-09-21 08:42:08",0.94116,10,adinathbhawani
2539,16951488,Martial_Gautam,"2026-09-24 14:44:44",0.94116,2,martialgautam
2540,16894470,mynameisrafay,"2026-09-18 04:59:45",0.94116,21,mynameisrafay
2541,16958918,"Parth Pathak","2026-09-25 06:06:00",0.94115,1,piyush047
2542,16922040,sdfdfgh,"2026-09-19 19:17:17",0.94115,8,torshkadasdas
2543,16810086,"Akash Babu","2026-09-10 20:57:53",0.94115,2,akashbabu17
2544,16803861,jakeyjokey,"2026-09-01 17:33:47",0.94115,4,jakeyjokey
2545,16890960,aonama,"2026-09-15 15:34:17",0.94115,1,aonama
2546,16864551,jonattanrv,"2026-09-10 06:06:53",0.94115,3,jonattanrv
2547,16868880,"Denis Zhuk","2026-09-11 08:25:41",0.94115,1,dead4an
2548,16843285,yamauchi,"2026-09-08 06:35:51",0.94115,4,yamauch1
2549,16907118,TPranavl231269,"2026-09-16 17:15:20",0.94114,1,tpranavl231269
2550,16798912,"Elnur Bairamov","2026-09-10 02:34:03",0.94114,5,elnurbairamov
2551,16865529,"David C. Langat","2026-09-24 08:49:09",0.94114,1,davidlangatkirui
2552,16805389,"Emir Delipınar","2026-09-01 20:55:22",0.94114,3,emirdelipnar
2553,16846395,"Davit Khantadze","2026-09-11 13:42:39",0.94114,11,davitkhantadze
2554,16822564,"Linus Henneberger","2026-09-24 18:27:58",0.94113,16,linushenneberger
2555,16868039,"Lev Beloussov","2026-09-11 20:18:40",0.94113,5,lev1106
2556,16846909,qqq123321,"2026-09-07 08:26:10",0.94113,1,qqq123321
2557,16805576,Orochimaru,"2026-09-18 22:07:34",0.94113,6,ishan8061
2558,16799355,"Mr Robot","2026-09-01 06:16:42",0.94110,3,hngnguynnn
2559,16844637,Azzam,"2026-09-06 19:23:22",0.94110,1,iltizamhasann
2560,16934430,"Shreyansh Singh #2","2026-09-22 04:20:28",0.94110,2,shreyanshsingh7777
2561,16897422,Nao,"2026-09-24 02:49:04",0.94110,4,noelnyx
2562,16839806,"Довыдовский Назар","2026-09-05 18:20:56",0.94110,1,nazzzrr
2563,16960772,"Александр Павлов","2026-09-25 16:12:30",0.94109,1,aapv17
2564,16881055,Kentsik,"2026-09-12 12:30:30",0.94109,1,kentsik
2565,16891446,Actuallyhrishi,"2026-09-15 13:48:51",0.94109,2,actuallyhrishi
2566,16926251,"Артём Мелёхин","2026-09-19 17:54:53",0.94109,2,milonity
2567,16943357,kpsarn,"2026-09-22 20:43:33",0.94108,1,kpsarn
2568,16933392,"Sk Mastansaheb ","2026-09-21 04:03:06",0.94108,1,skmastansaheb
2569,16876744,"Angella Semu","2026-09-11 22:31:29",0.94108,1,angellasemu
2570,16810459,"Hoso Badalyan","2026-09-26 11:37:21",0.94108,6,hosobadalyan
2571,16805233,"Ryan Dave Fernandes","2026-09-06 08:23:47",0.94107,5,ryandavefernandes
2572,16894893,roa0605,"2026-09-15 08:42:18",0.94107,1,roa0605
2573,16879834,蔵田雄基,"2026-09-25 23:30:47",0.94107,2,crutch1126
2574,16810461,"Bekama Regasa Negewo","2026-09-03 06:20:41",0.94107,1,bekamaregasanegewo
2575,16799142,mcotton,"2026-09-08 21:16:09",0.94107,1,mcotton
2576,16940780,"Ashmit Rana","2026-09-23 12:20:50",0.94107,10,ashmitrana110
2577,16908690,"özgür can doğan","2026-09-16 21:29:11",0.94106,1,zgrcandoan
2578,16823384,Vanshika0902,"2026-09-16 04:11:51",0.94106,10,vanshika0902
2579,16889915,"Anunake Yaipongsakorn","2026-09-14 07:13:53",0.94106,2,anunakeyaipongsakorn
2580,16845270,"Kacper Lipiec","2026-09-07 08:09:20",0.94106,1,kacperlipiec
2581,16839273,"Junya _318","2026-09-09 14:32:49",0.94105,2,junya318
2582,16808632,"Emmanuel Felix","2026-09-02 14:39:40",0.94105,1,manuelfelix
2583,16838573,"huanxian chen","2026-09-10 07:50:31",0.94105,2,huanxiachen
2584,16852940,bmax16634,"2026-09-11 18:42:47",0.94105,2,bmax16634
2585,16867511,"[Mali12]Aboubacar Diarra","2026-09-10 15:40:24",0.94105,1,aboubacardiarra1810
2586,16832100,Stormy.kaggle,"2026-09-04 19:08:15",0.94105,2,stormykaggle
2587,16893034,600944_ธนวัฒน์,"2026-09-15 11:32:14",0.94104,2,tanawatrun
2588,16897011,"Shivansh Mehrotra","2026-09-17 12:18:47",0.94104,1,shivanshmehrotra23
2589,16864916,THARUNC,"2026-09-10 06:20:59",0.94104,1,tharunc2006
2590,16846170,Sentinels,"2026-09-07 06:40:58",0.94104,1,vaishnavik1409
2591,16848414,"Yossef Elshamy","2026-09-08 04:49:51",0.94103,3,yossefelshamy
2592,16897238,AskaMitakaska,"2026-09-15 18:17:09",0.94103,1,askamitakaska
2593,16879457,"Shiddu Kuppast","2026-09-22 14:33:58",0.94103,3,shiddukuppast
2594,16925917,Ayush90Sharma,"2026-09-19 16:37:52",0.94103,1,ayush90sharma
2595,16803869,"Kevin Villeda De Leon","2026-09-01 17:50:31",0.94102,4,kevinvilledadeleon
2596,16823984,"Ibhi Yassine","2026-09-14 11:43:39",0.94102,5,ibhiyassine
2597,16895816,Akrome,"2026-09-22 00:19:44",0.94102,15,akrome
2598,16859703,"Giorgos Lymperis","2026-09-13 22:47:46",0.94102,1,giorgoslyberis
2599,16808669,SriAliasBobby,"2026-09-21 19:23:41",0.94102,22,srialiasbobby
2600,16927528,석유한사발,"2026-09-22 10:05:51",0.94102,8,bbty0310
2601,16855296,"Akash Kailas Nagdive","2026-09-10 05:44:27",0.94101,1,akashkailasnagdive
2602,16931489,Zuoqinghua,"2026-09-23 23:32:15",0.94101,7,zqh666
2603,16806304,ayaka.ohnishi,"2026-09-18 03:09:51",0.94101,2,ayakaohnishi
2604,16886106,porzlck,"2026-09-14 09:55:34",0.94101,1,orzlck
2605,16799847,有浦大貴,"2026-09-07 04:54:25",0.94101,8,taikiariura
2606,16954214,shoheimoriyama,"2026-09-24 14:12:12",0.94101,1,shoheimoriyama
2607,16927937,"Hyeon Seo Yong","2026-09-22 06:50:53",0.94101,1,hyeonseoyong
2608,16823320,"Orlando Virginio Penha Junior","2026-09-27 01:00:31",0.94100,2,orlandovpjunior96
2609,16905875,"NYIRIHIRWE Olivier","2026-09-16 12:06:16",0.94100,2,nyirihirweolivier
2610,16840476,Qingge96,"2026-09-05 16:39:49",0.94100,1,qingge96
2611,16833306,"JC Alicaway","2026-09-17 23:26:13",0.94100,1,jcalicaway
2612,16802689,"Andrey K.","2026-09-01 16:49:02",0.94100,3,heelhook
2613,16914578,Selfie123,"2026-09-17 14:13:20",0.94100,1,selfie123
2614,16803239,"Mohammed Nafay Ali","2026-09-03 04:12:04",0.94100,2,mohammednafayali
2615,16810465,DavitPoghosyan2007,"2026-09-04 16:42:52",0.94100,2,davitpoghosyan2007
2616,16807235,AdityaRai,"2026-09-22 06:07:27",0.94099,1,raia91268
2617,16826596,陈思危大王,"2026-09-04 07:33:32",0.94099,1,csw2023302141216
2618,16885584,Dushmilan,"2026-09-13 11:13:54",0.94099,1,dushmilan
2619,16857845,"Himanshu Dhiman","2026-09-09 04:04:09",0.94099,1,hmnshudhmn24
2620,16916537,"Hüseyin Karaduman","2026-09-18 12:32:01",0.94099,3,hsynkrdmn
2621,16934926,"shivam maharanwar","2026-09-21 09:42:19",0.94099,2,shivammaharanwar
2622,16866812,"Rishi Jha","2026-09-10 14:28:40",0.94098,1,rishijha0910
2623,16806021,"Yung Kam Lun","2026-09-02 05:49:58",0.94097,1,yungkamlun
2624,16808968,"Aditya Kamtikar","2026-09-02 13:55:41",0.94097,2,adityakamtikar
2625,16805610,"Marie Victoire IPOUK","2026-09-15 01:03:30",0.94097,3,marydata
2626,16954594,JoaquínVC,"2026-09-24 18:17:10",0.94096,1,joaqunvc
2627,16823692,"Théo Giovedi","2026-09-09 15:22:14",0.94096,1,gioveditheo
2628,16934857,"Carl Emil Gadegaard Gjørup","2026-09-21 08:58:34",0.94096,1,carlgoijer
2629,16933284,"peng duan","2026-09-22 07:23:43",0.94096,2,kaggle172
2630,16866832,"MohammadEsmaeil Nikbakhsh","2026-09-11 19:39:12",0.94095,1,ms20237
2631,16805711,shinchisaito,"2026-09-02 01:01:03",0.94095,1,shinchisaito
2632,16830545,"Petchiammal Devi","2026-09-21 12:06:39",0.94094,2,"petchiammaldevi,preethi2296,ratthikasiva07"
2633,16799075,"Monique Senjaya","2026-09-01 09:56:42",0.94094,2,moniquesenjaya
2634,16799358,"Faria Shahid","2026-09-08 06:21:46",0.94093,4,fariashahid
2635,16886663,"surya prakash Nayak2","2026-09-14 05:22:25",0.94093,3,suryaprakashnayak2
2636,16885857,Y1Jun0000,"2026-09-15 01:45:02",0.94093,2,y1jun0000
2637,16879449,Devarsh203shah,"2026-09-19 09:14:21",0.94092,7,devarsh203shah
2638,16829765,"George Othon","2026-09-06 01:26:16",0.94092,12,georgeothon
2639,16887798,Wade2615,"2026-09-14 03:04:28",0.94091,1,wade2615
2640,16969856,Toto1107,"2026-09-27 04:44:34",0.94091,2,toto1107
2641,16893088,"حمود الجرمي","2026-09-15 22:40:44",0.94091,7,hmwdaljrmy3
2642,16926154,Ashutosh0406,"2026-09-26 19:13:28",0.94091,1,ashutosh0406
2643,16875810,"Prabhat Lodhi","2026-09-19 11:38:34",0.94091,1,prabhatlodhi
2644,16937947,"Mohammad Hosein Mozafary","2026-09-25 19:34:35",0.94091,1,mohammadhmozafary
2645,16854511,"Renan Braga","2026-09-14 17:13:16",0.94091,2,renanbragac
2646,16909911,"Rahul Kumar Singh","2026-09-17 09:27:04",0.94090,2,singha07
2647,16881492,"Niccolò Dell'Agnello","2026-09-12 16:34:06",0.94090,2,niccoldellagnello
2648,16805461,OTA_1,"2026-09-11 15:26:00",0.94090,5,"creativesxtra,dolajyd,johnjojewale"
2649,16802685,"Luca Lullo","2026-09-27 06:48:02",0.94090,13,lucalullo
2650,16887321,Lonnie,"2026-09-14 00:43:26",0.94089,2,lonnieqin
2651,16810130,Sivu_Nzimeni,"2026-09-23 19:01:57",0.94089,50,sivunzimeni
2652,16881796,"Humayra Afia","2026-09-12 15:54:29",0.94089,1,humayraafia
2653,16823491,Dana,"2026-09-03 21:10:38",0.94089,1,de3xie
2654,16925042,Arjun,"2026-09-19 11:27:29",0.94089,1,arjun248
2655,16803809,ElenaSuperWoman,"2026-09-01 16:28:28",0.94089,1,elenasuperwoman
2656,16908966,"Wei Hao Chan","2026-09-22 20:49:11",0.94088,2,weihaochan
2657,16865943,"Okeanu Michael","2026-09-24 16:41:51",0.94088,2,okeanumichael
2658,16927806,"Mick Yama","2026-09-22 06:25:14",0.94088,3,mickyama
2659,16807388,"Minh Đăng Lê","2026-09-03 03:19:06",0.94087,1,minhngle
2660,16916860,Aribaa.s,"2026-09-17 20:53:40",0.94087,1,aribaas
2661,16848389,Eric,"2026-09-20 08:24:16",0.94087,7,hamstard
2662,16840457,都甲健翔,"2026-09-08 10:25:35",0.94087,2,kento628
2663,16831932,Kelimm,"2026-09-11 18:38:16",0.94087,1,kelimm
2664,16819882,eisu_kgl,"2026-09-12 14:41:47",0.94085,4,eisu34
2665,16954726,"Matsuda Kenta","2026-09-26 03:24:32",0.94085,2,kenken38
2666,16800841,OmeiOgami,"2026-09-01 11:14:29",0.94085,3,omeiogami
2667,16953827,Kouk70,"2026-09-24 14:33:11",0.94085,2,kouk70
2668,16830905,Xhxxcc,"2026-09-08 08:54:15",0.94084,2,xhxxcc
2669,16805239,"Kamil Nazarli","2026-09-15 12:05:05",0.94084,11,kamil9999
2670,16859184,"CHEN Qiyue","2026-09-09 09:46:27",0.94084,1,hmtychen
2671,16864796,"Deepak Kumbhar","2026-09-26 16:11:08",0.94084,5,deepakkumbhar16
2672,16840732,"Артём Попов","2026-09-21 10:53:09",0.94083,1,combich
2673,16875727,"David Pintea","2026-09-24 15:58:31",0.94083,1,davidpintea
2674,16938956,"Toki Tahmid Toufa","2026-09-25 17:51:41",0.94083,6,tokitahmidtoufa
2675,16845957,"Zaine Ancheta","2026-09-07 16:26:52",0.94082,1,zaine2k
2676,16867812,"Priya yadav","2026-09-10 18:13:33",0.94082,1,impriya12
2677,16878057,"Kayrahan sarnıç","2026-09-17 22:14:44",0.94082,2,kayrahansarn
2678,16805088,"Ankita Gupta","2026-09-14 18:05:58",0.94082,1,ankitaguptaindia
2679,16871374,"Steven Zhu","2026-09-11 08:20:18",0.94082,4,stevenzzhu
2680,16858596,"Christian Kent Bayani","2026-09-16 22:30:47",0.94082,1,kent0170
2681,16860240,"Tanuj Saxena","2026-09-09 12:34:22",0.94082,3,tanujsaxena
2682,16805529,"Brisa Marina","2026-09-07 00:39:53",0.94081,2,brisamarina
2683,16881089,"craig sid","2026-09-13 10:27:08",0.94081,3,craigsid
2684,16858056,"Karolos Liveris","2026-09-09 05:54:39",0.94080,1,karolosliveris
2685,16889232,"vedaant up","2026-09-26 14:43:11",0.94080,5,vedaantup
2686,16802086,Prakash,"2026-09-10 16:43:16",0.94080,12,mlkash
2687,16926715,"Jotpartap Singh","2026-09-19 20:12:34",0.94080,2,jotpartapsingh
2688,16939333,CAU53744-T01,"2026-09-22 08:22:16",0.94080,4,yaminemory
2689,16924686,Erik.M,"2026-09-19 13:12:24",0.94079,1,harharharhar
2690,16845650,zzzzzql,"2026-09-16 02:38:51",0.94079,5,zzzzzql
2691,16950262,"Павел Ким","2026-09-24 03:04:56",0.94077,2,pishka12
2692,16897584,"Thibault KOBLER","2026-09-24 15:29:37",0.94077,1,thibaultkobler
2693,16897205,im425090,"2026-09-23 09:54:56",0.94077,5,im425090
2694,16842525,Bandi04a,"2026-09-20 10:36:43",0.94076,3,bandi04a
2695,16965401,Sihai1993,"2026-09-26 22:05:11",0.94076,3,sihai1993
2696,16840931,Aaliyan_Shaikh,"2026-09-21 18:29:05",0.94076,1,aaliyanshaikhhh
2697,16921067,"Nguyễn Cường","2026-09-19 05:04:57",0.94075,1,nguyncngo
2698,16926853,"Antti Toivanen","2026-09-21 15:18:07",0.94075,4,anttitoivanen
2699,16806574,吉澤　隆生,"2026-09-24 09:31:28",0.94075,1,ryuuyoshizawa
2700,16941395,brinzazxc,"2026-09-26 16:21:06",0.94075,1,brinzazxc
2701,16828370,"Antonio Paul","2026-09-04 17:05:32",0.94074,1,antoniopaul
2702,16859188,Avichal,"2026-09-21 19:35:09",0.94073,1,avichalsingh
2703,16845070,Saif_Ashraf,"2026-09-10 08:38:18",0.94073,6,saifashraf232
2704,16842741,"Ilya Den","2026-09-13 20:49:09",0.94073,5,ilyaden
2705,16864942,"Dhruv Chakraborty","2026-09-10 10:23:26",0.94072,1,dhruv07321
2706,16877664,fursbi,"2026-09-12 19:08:39",0.94071,6,fursbi
2707,16843900,"Dharin Dave","2026-09-09 17:49:08",0.94071,2,"dharindave120703,prathmeshkolekar"
2708,16872131,yalmawka,"2026-09-14 18:39:41",0.94070,2,yalmawka
2709,16930733,"Kirti K","2026-09-21 17:06:54",0.94070,1,kirtikn
2710,16876317,AsrielA,"2026-09-16 23:26:18",0.94070,1,asriela
2711,16805031,"arend jansen","2026-09-06 19:07:39",0.94070,1,arendjansen
2712,16924617,"Aditi Joshi","2026-09-19 11:27:13",0.94070,3,crazzieaj
2713,16843326,"Chirel Chi","2026-09-07 14:32:01",0.94070,1,chirelchi
2714,16849461,"Israa Saede","2026-09-12 13:39:02",0.94069,1,esraaalsaeede
2715,16936379,"Vinit Prohitham","2026-09-24 16:13:05",0.94069,1,vinitprohitham
2716,16798919,"Gopi Krishnan R","2026-09-01 16:55:00",0.94068,1,gopikrishnan2005
2717,16932347,"Ankur Agarwal","2026-09-20 21:33:48",0.94068,2,ankur98
2718,16814301,"Nilesh Singh","2026-09-04 07:14:22",0.94067,1,nileshsingh09
2719,16860865,"Rohith J","2026-09-26 19:48:54",0.94066,2,rohiththomas
2720,16861035,"Gauri Maruti Katkar","2026-09-09 14:22:28",0.94065,1,gaurikatkar
2721,16912904,Onigiri,"2026-09-17 14:51:40",0.94064,1,yasuhiroichida
2722,16907842,"Shahid Hussain","2026-09-16 22:31:49",0.94064,1,shah1dhussain
2723,16860836,Dong,"2026-09-22 00:44:30",0.94064,2,dongstat
2724,16915503,"Hoai Tran Huynh Bao","2026-09-21 14:08:03",0.94062,4,hoaitranhuynhbao
2725,16805227,"Lucius Neo","2026-09-04 16:54:23",0.94062,1,lucius000
2726,16916945,Knixee,"2026-09-18 17:44:33",0.94061,2,knixee
2727,16963720,PrinceRj,"2026-09-26 10:53:50",0.94061,3,princerj
2728,16809424,"Doodle Peach","2026-09-03 14:25:58",0.94060,1,doodlepeach
2729,16799219,Samekto,"2026-09-01 03:57:47",0.94060,2,samekto
2730,16897275,Csylon,"2026-09-25 12:28:25",0.94060,1,shimheon
2731,16822670,AndNov,"2026-09-20 09:49:02",0.94060,1,andnov
2732,16799853,"Aum Patel 131","2026-09-02 03:56:00",0.94058,9,aumpatel131
2733,16832489,"Sarp Esenli","2026-09-04 20:38:31",0.94057,1,sarpda
2734,16838545,"Văn FIFA","2026-09-06 01:37:48",0.94056,1,vnfifa
2735,16924537,malek2375,"2026-09-26 10:26:38",0.94056,1,malek2375
2736,16951202,"Savirigana Swami","2026-09-26 11:51:58",0.94056,1,saviriganaswami
2737,16890002,Pjankov_Mikhail_3384,"2026-09-14 16:10:36",0.94055,5,michaelpjankov
2738,16968100,"Tom K","2026-09-26 23:47:06",0.94055,2,manman23444
2739,16904968,Macoo68,"2026-09-18 05:30:27",0.94054,3,macoo68
2740,16817864,ultrayyy,"2026-09-22 13:09:57",0.94054,4,ultrayyy
2741,16858634,briskwalking53,"2026-09-18 07:09:31",0.94054,5,takayukihayakawa
2742,16810453,"Arsen Ishkhanian","2026-09-02 18:32:02",0.94054,1,arsenishkhanian
2743,16808827,"Joel Rautavaara","2026-09-02 12:40:48",0.94050,1,joelrautavaara
2744,16933133,Sponetics,"2026-09-21 03:17:48",0.94050,2,sponetics
2745,16919525,"Dhia Mrabet","2026-09-18 14:34:02",0.94050,2,dhiamrabet
2746,16966839,"Yang Zhou","2026-09-26 11:52:37",0.94049,4,yaaangzhou
2747,16921571,"Abdulrahman Alhendi","2026-09-25 14:22:07",0.94047,1,abdulrahmanalhendi
2748,16812617,fixedstarK,"2026-09-03 17:14:21",0.94047,1,koseikaida
2749,16954327,"Samuel Uraj","2026-09-24 16:05:56",0.94046,1,samuel282006
2750,16881063,KevinBastawrous,"2026-09-12 14:07:31",0.94046,1,kevinbastawrous
2751,16806595,chuan-chih,"2026-09-03 06:27:07",0.94046,3,meowlu
2752,16904236,"Abhra Jaiswal","2026-09-21 15:15:19",0.94044,2,abhrajaiswal
2753,16802339,Yashika202006,"2026-09-19 16:37:32",0.94043,6,yashika202006
2754,16850442,ElvisHe,"2026-09-23 21:06:02",0.94042,2,jakcyhe
2755,16894130,itmirsx,"2026-09-15 03:43:49",0.94042,1,readidno
2756,16798608,kimchowon11,"2026-09-18 04:00:46",0.94040,1,kimchowon11
2757,16925922,"Rohan Kumar","2026-09-20 06:25:00",0.94039,3,rohansinghchauhan03
2758,16852548,Kunal_Anand7222,"2026-09-08 05:29:01",0.94038,1,kunalanand7222
2759,16886608,"Mayuresh Mane","2026-09-14 08:16:28",0.94038,2,mayureshmane123
2760,16865441,HendraDanuSaputraChauwito,"2026-09-10 09:31:04",0.94034,2,usilisme
2761,16866600,Buzzo666,"2026-09-11 14:40:54",0.94034,2,buzzo666
2762,16804919,"Hashir Shaikh","2026-09-02 18:13:40",0.94034,6,hashirmnaeem
2763,16853385,"Eshan Osman","2026-09-10 11:00:54",0.94033,2,eshanishere
2764,16963562,"Rishi Enugala","2026-09-25 23:54:33",0.94031,2,rishienugala
2765,16929667,kirill,"2026-09-20 13:52:53",0.94031,10,kirishafpv
2766,16799449,Dhol_Aman,"2026-09-01 06:21:50",0.94030,1,dholaman
2767,16847847,"Mahyar Rajaei","2026-09-07 14:24:22",0.94030,7,mahyarrajaei
2768,16804049,"Vijesh Kumar 45","2026-09-08 11:19:40",0.94027,1,vijeshkumar45
2769,16845212,"Zhang Ying","2026-09-23 14:30:37",0.94027,1,zhangyingkk
2770,16808999,Magnus,"2026-09-04 09:42:07",0.94022,2,plshelpme
2771,16881713,"R4N99a NGRO","2026-09-12 16:41:52",0.94020,5,r4n99angro
2772,16842799,VaishnxviUchiha_,"2026-09-06 09:40:02",0.94019,2,vaishnxviuchiha
2773,16926087,"Haadi Tasleem Zargar","2026-09-20 05:58:53",0.94017,1,haaditasleemzargar
2774,16800206,KenRit,"2026-09-03 10:41:34",0.94016,1,kenrit
2775,16856109,"Zakaria Hanir","2026-09-08 19:25:20",0.94015,3,zakariahanir
2776,16890769,Nikolay,"2026-09-25 15:35:42",0.94015,1,nikolaykrd
2777,16920271,MGi2911,"2026-09-19 10:07:52",0.94012,1,mgi2911
2778,16862273,"kogul s","2026-09-09 18:55:12",0.94012,2,kogullll
2779,16873030,TanoPereira,"2026-09-11 16:06:40",0.94012,4,tanopereira
2780,16952863,"Chappa Rajesh","2026-09-26 12:11:43",0.94011,1,chapparajesh
2781,16951179,"Venkata Rao Reddy","2026-09-26 11:32:17",0.94011,1,venkataraoreddy
2782,16847252,yxxchh,"2026-09-07 11:59:28",0.94010,3,yxxchh
2783,16959177,"Jeremias Cabrera","2026-09-26 02:32:06",0.94006,1,jeremiascabrera
2784,16827814,ShivanshDut,"2026-09-04 11:00:31",0.94003,3,shivanshdut
2785,16965871,"Mouleshwar Saravanan","2026-09-27 07:22:28",0.94001,1,mouleshwarsaravanan
2786,16922939,"SAKSHAM CHAUHAN","2026-09-19 17:12:08",0.93999,1,sakshamchauhan003
2787,16885856,"Công Nguyễn Chí","2026-09-13 12:32:46",0.93999,1,chicongnguyen
2788,16963065,Tensor,"2026-09-26 07:22:13",0.93997,1,"anayatasinha,pranavkumar1685"
2789,16930525,"Ali Hanapiah","2026-09-22 07:57:45",0.93996,5,alihanapiah
2790,16885144,Fail-Safe,"2026-09-13 18:01:47",0.93996,1,kennethnyanteh
2791,16848589,"Chirayu Gupta09","2026-09-07 21:34:45",0.93996,2,chirayugupta09
2792,16802309,funtik,"2026-09-17 13:37:22",0.93995,11,"arsenyvetkasov,brattsew"
2793,16803006,DDQQ,"2026-09-04 13:10:50",0.93994,6,onjrey
2794,16851300,"yousef Elshahat","2026-09-10 15:23:47",0.93991,1,yousefelshahat2
2795,16885833,"Sergiy Kazanin","2026-09-13 19:35:27",0.93989,1,sergiykazanin
2796,16810931,DP,"2026-09-06 16:50:57",0.93985,13,dmitrypimenov99
2797,16798887,Danjas,"2026-09-26 08:22:31",0.93983,12,danjas
2798,16944374,kyuuuuro,"2026-09-23 04:48:56",0.93982,1,kuromaru4869
2799,16842123,"Vecheslav Eremeev","2026-09-06 05:36:57",0.93980,1,lorddiablo74
2800,16799464,"Ryota Tanaka","2026-09-10 22:16:54",0.93976,4,toyodart
2801,16949191,"Sarun P M","2026-09-24 18:20:08",0.93974,2,sarunpm
2802,16859694,priya@1234556,"2026-09-09 10:57:58",0.93972,1,priya1234556
2803,16838813,"Baidurya Bhattacharyya","2026-09-08 16:27:11",0.93966,1,boibhai
2804,16896882,"Billy Koech","2026-09-16 12:27:41",0.93966,2,billykoech
2805,16802827,"Mina Niazizadeh","2026-09-01 16:23:38",0.93963,5,mina8888
2806,16869561,"Andrés de la Roca","2026-09-11 21:52:22",0.93963,1,andrsdelaroca
2807,16799183,"Jesmi George","2026-09-08 17:47:38",0.93962,2,jesmigeorge04
2808,16843715,puruchinera,"2026-09-08 00:14:35",0.93962,6,yoel39
2809,16855426,"Baptiste Lesne","2026-09-08 20:02:32",0.93958,1,baptistelesne
2810,16943182,"João Augusto P. Batista","2026-09-24 19:48:25",0.93958,19,joaoapb
2811,16821189,Vlodus,"2026-09-09 14:14:56",0.93957,6,vlodus
2812,16935702,Heet00,"2026-09-26 16:36:36",0.93957,7,heet00
2813,16832543,"Tyler C","2026-09-04 20:56:42",0.93956,1,trc204
2814,16863476,"Mayank Raj Singh","2026-09-17 23:53:41",0.93956,1,mayankrajsingh
2815,16809450,"Koceilla Yousfi","2026-09-22 07:42:43",0.93956,1,koceillayousfi
2816,16854051,vynie1605,"2026-09-08 12:29:23",0.93953,1,vynie1605
2817,16917359,"Rodion Kholodaev","2026-09-19 18:49:19",0.93945,1,rodionkholodaev
2818,16807901,"Tracy Porter","2026-09-02 15:37:45",0.93945,1,tracyporter
2819,16957502,"Rabindra Thakur","2026-09-25 20:36:17",0.93945,1,rabindrathakur
2820,16924614,"Aditya Majumdar","2026-09-20 10:59:09",0.93942,2,adityano1
2821,16865603,"Bhagyashri Raut21","2026-09-10 11:25:48",0.93940,1,bhagyashriraut21
2822,16937264,"Tien Nguyen","2026-09-21 16:59:52",0.93937,1,tiennguyen0712
2823,16805256,"Manuk Mkheyan","2026-09-26 09:38:02",0.93937,4,manukmkheyan
2824,16915815,"Mit Mhatre","2026-09-22 07:54:31",0.93919,5,mitmhatre
2825,16880255,thanhbt25,"2026-09-14 09:06:24",0.93916,1,thanhbt25
2826,16919687,"Богдан Лаптев","2026-09-18 10:37:36",0.93911,2,truemlgod
2827,16914315,"Shashwat Awate","2026-09-24 09:28:04",0.93907,2,shashwatawate
2828,16876799,pocapoca,"2026-09-12 05:24:23",0.93905,2,pocapoca
2829,16868272,"Md Intishar","2026-09-13 14:46:27",0.93898,1,mdintishar
2830,16810281,"Manas yadav001","2026-09-16 12:56:46",0.93893,1,manasyadav001
2831,16831119,"MSAADI ABDELLAH","2026-09-05 01:10:05",0.93886,3,msaadiabdellah
2832,16964507,"Andres H. Zapke","2026-09-27 03:52:28",0.93883,2,andreshzapke
2833,16833077,"Thomas Deng","2026-09-04 23:23:41",0.93881,1,tdeng24
2834,16843576,Chandrashekar,"2026-09-06 16:46:46",0.93873,1,hermitsays
2835,16926541,"Austin Bermingham","2026-09-20 00:43:16",0.93868,2,austinbermingham
2836,16934003,Kishan,"2026-09-21 09:33:42",0.93861,3,highvariannce
2837,16908845,"Uğur Gümüş","2026-09-18 14:20:06",0.93851,3,ugurgumus
2838,16805274,sh1nd3l,"2026-09-19 19:55:39",0.93848,3,sh1nd3l
2839,16899255,"Allie Shuldman","2026-09-16 02:03:41",0.93844,2,allieshuldman1
2840,16810841,"christopher obuchere","2026-09-17 19:35:07",0.93838,20,owls0711
2841,16885937,"Kylian Dictador","2026-09-19 11:24:27",0.93836,4,thaaimessiah
2842,16930346,ascsass,"2026-09-22 01:22:18",0.93831,1,ascsass
2843,16889301,"Bobby Kumar","2026-09-15 05:42:05",0.93831,7,bobbyyadav1950
2844,16915044,"Bertrand Pigeon","2026-09-18 12:56:09",0.93829,2,bertrandpigeon
2845,16799322,"Shubham Nayak","2026-09-01 14:47:00",0.93828,5,cyborgnayak
2846,16860273,SHY舒O=v=O,"2026-09-25 12:34:21",0.93826,4,shyovo
2847,16909609,"Jaiswal Bishal","2026-09-21 21:49:53",0.93812,6,jaiswalbishal
2848,16810753,"Praxitelis Ntokos","2026-09-27 01:00:59",0.93809,14,praxitelisntokos
2849,16855826,"Nathan Gilman1","2026-09-10 18:13:31",0.93807,7,nathangilman1
2850,16830307,"Padamata Dhanush","2026-09-06 13:09:10",0.93799,1,padamatadhanush
2851,16954968,"KANASE HARSHAL","2026-09-24 18:18:38",0.93798,1,kanaseharshal
2852,16964767,"Swapnil Parekar","2026-09-26 02:43:18",0.93798,1,swapnilparekar
2853,16808435,Barbagrande007,"2026-09-05 12:43:34",0.93797,3,barbagrande007
2854,16921929,"Iesus Davila","2026-09-19 20:27:22",0.93796,1,iesusdavila
2855,16815407,"SIVA S","2026-09-27 07:23:11",0.93795,250,codingmaster24
2856,16892359,"Juan Miguel Vilar","2026-09-24 14:52:10",0.93794,8,juanmiguelvilar
2857,16801853,Mutahar,"2026-09-07 20:31:14",0.93789,9,mmalam
2858,16814031,"Anis Rashidov","2026-09-03 14:05:14",0.93788,4,anrash001
2859,16853233,"Yashpalsinh Thakor","2026-09-08 10:42:52",0.93787,1,yashpalthakor
2860,16802806,Akniet,"2026-09-07 17:35:27",0.93787,7,aknietkusmoldayeva
2861,16871711,yuanyizz,"2026-09-21 12:58:32",0.93787,4,yuanyizz
2862,16938320,"Dean Vaitsos","2026-09-21 21:15:11",0.93786,1,deanvaitsos
2863,16862261,Mykyta,"2026-09-16 18:51:31",0.93785,1,mykytakh
2864,16885881,"Timur Çakmakoğlu","2026-09-14 14:30:41",0.93784,1,timurcakmakoglu
2865,16855076,"Muhammad Zaki Zulhamlizar","2026-09-08 17:19:17",0.93784,1,muhammadzakizulham
2866,16916106,"Ashish Singh 1987","2026-09-19 14:32:56",0.93783,2,ashishsingh1987
2867,16921525,burblingbrooks,"2026-09-18 23:15:46",0.93783,6,burblingbrooks
2868,16844806,"Jean Deutchoua","2026-09-09 12:12:55",0.93783,4,jeandeutchoua
2869,16832270,coolngr8,"2026-09-16 15:10:49",0.93781,14,coolngr8
2870,16808487,momomoran,"2026-09-02 14:07:33",0.93781,1,momomoran
2871,16920285,"deequoique Wang","2026-09-18 15:25:53",0.93779,1,deequoiquewang
2872,16799497,Leneen,"2026-09-08 15:35:57",0.93774,1,leneen
2873,16866829,"Tien Thang Mai","2026-09-10 15:09:02",0.93773,1,tienthangmai
2874,16932253,Pella,"2026-09-21 03:43:11",0.93772,3,aphristov
2875,16918373,"Тимофей Устюгов","2026-09-23 15:34:24",0.93771,3,ladas27
2876,16844980,OTA_2,"2026-09-08 08:12:12",0.93767,2,"jamiuabdullahbaba,johnchristopherm,tosinola"
2877,16829784,"Tyom Papiyan","2026-09-04 12:41:49",0.93767,2,tyompapiyan
2878,16827597,"Harsh Saharan","2026-09-11 04:41:33",0.93767,3,harshsaharan001
2879,16811809,"Samu War","2026-09-16 03:17:16",0.93766,1,samuwar
2880,16871073,Slug,"2026-09-11 07:54:10",0.93766,4,dusanpark
2881,16827616,YWY2002,"2026-09-23 15:04:22",0.93761,4,ywy2002
2882,16843931,madongping,"2026-09-07 06:17:32",0.93758,1,madongping
2883,16874902,"Joshua Thos","2026-09-13 13:36:03",0.93757,2,joshuathos
2884,16870832,"David Uribe","2026-09-18 04:54:52",0.93753,5,duckpie
2885,16919203,seaweedbrain,"2026-09-18 09:37:16",0.93750,7,devbarik
2886,16810186,"Kishore Kannan","2026-09-04 07:26:15",0.93747,6,kishorekannan123
2887,16826461,"Debojyoti Basu","2026-09-05 13:53:55",0.93743,1,debojyoti29basu
2888,16805450,aWright,"2026-09-16 18:18:01",0.93741,12,ktownactuary
2889,16882759,"Chelsie Minor","2026-09-26 18:39:26",0.93741,2,chelsieminor
2890,16860726,sgvnobxqf,"2026-09-13 09:27:48",0.93740,3,sgvnobxqf
2891,16867914,"Akana Padmarao","2026-09-22 10:46:03",0.93738,1,akanapadmarao
2892,16854614,冲冲冲高,"2026-09-09 14:02:56",0.93738,2,rush0high
2893,16921097,FayorBolt,"2026-09-18 15:26:28",0.93738,1,fayorbolt
2894,16855425,"Mukund Krishna","2026-09-19 13:54:36",0.93738,3,mukundkrishna
2895,16876234,"G Prashant","2026-09-21 03:17:42",0.93738,1,znine09
2896,16866074,"Vlad Tkachenko","2026-09-17 12:27:57",0.93738,1,vladtkachenko
2897,16936110,Yanagiguchi,"2026-09-22 11:24:38",0.93738,1,xenosmilus
2898,16846682,ntxmai_hd,"2026-09-08 12:38:25",0.93738,4,ntxmaihd
2899,16810433,"Faruk Alıç","2026-09-02 20:00:51",0.93738,2,farukal
2900,16898973,"Olamilekan Akintilebo","2026-09-20 19:35:58",0.93738,1,olamilekanakintilebo
2901,16894100,"Lu o Karen","2026-09-26 01:39:49",0.93738,1,"crispysz,luokaren"
2902,16832417,"Anjali Khantaal","2026-09-07 19:00:07",0.93738,1,anjalikhantaal
2903,16868239,"Md. Al Amin","2026-09-11 13:00:55",0.93738,1,sialamin
0,16714052,baseline_submission.csv,"2026-08-12 18:43:47",0.93738,1,
2904,16798667,"Taylor S. Amarel","2026-09-02 16:47:53",0.93738,1,taylorsamarel
2905,16859362,pething,"2026-09-09 12:00:05",0.93738,1,pething
2906,16864856,"Harshita Lad","2026-09-10 10:02:39",0.93738,2,harshitalad
2907,16860406,deltawater,"2026-09-12 12:11:31",0.93738,1,deltawater
2908,16895735,mwq21,"2026-09-16 15:05:06",0.93738,1,mingweiqiu
2909,16906896,DmitryFedoseenko,"2026-09-16 16:32:05",0.93738,1,dmitryfedoseenko
2910,16931217,CAU53744-T03,"2026-09-20 18:21:37",0.93738,3,ferrumv
2911,16943151,RaghavanS7777,"2026-09-22 18:26:29",0.93738,1,raghavans7777
2912,16894451,"tea oblea (Oblea tea)","2026-09-26 14:49:25",0.93738,1,teaobleaobleatea
2913,16969914,sasailab,"2026-09-27 07:15:09",0.93738,1,junpeisasai
2914,16865555,"Niranjan Lamichhane","2026-09-18 08:17:40",0.93737,2,niranjanlamichhane
2915,16824877,DwijitDasari,"2026-09-04 13:11:42",0.93737,1,dwijitdasari
2916,16898754,Lone_Sailors,"2026-09-25 13:56:53",0.93737,1,"ansarirexan,krushdev"
2917,16802654,"Dmitry C4be","2026-09-01 12:52:57",0.93737,1,dmitryc4be
2918,16838875,rsIntelligence,"2026-09-05 07:42:40",0.93737,1,rsintelligence
2919,16893113,"Anjula Amarakoon","2026-09-19 08:47:49",0.93737,1,anjulaprasad
2920,16880838,Snehan,"2026-09-12 11:07:55",0.93737,1,snehan1608
2921,16841618,"Avnish Ahlawat","2026-09-06 02:12:51",0.93737,1,avnishahlawat
2922,16823647,"Christian F. Badillo H.","2026-09-04 02:47:57",0.93737,2,christiaanfbadilloh
2923,16879100,"Konain worsi","2026-09-13 13:51:29",0.93737,4,konainworsi
2924,16809231,"Takayanagi Sensei","2026-09-04 15:34:38",0.93736,4,takayanagisensei
2925,16919960,"Герман Мазздам","2026-09-20 12:46:43",0.93736,4,mazzdam
2926,16908324,Mamba_FENG,"2026-09-17 19:10:42",0.93736,1,soaringmaple09
2927,16829681,"Adrian Luu","2026-09-04 13:07:48",0.93731,2,adrianluu
2928,16804806,"Priyanshu Mishra","2026-09-08 15:35:36",0.93731,1,priyanshu7930
2929,16894189,AlexS814,"2026-09-15 12:22:45",0.93724,1,alexs814
2930,16884246,"Sohail Ahmed","2026-09-20 11:46:50",0.93723,3,datascientistsohail
2931,16934928,Buggy,"2026-09-26 10:01:25",0.93722,3,buggy7073
2932,16855618,"kaustuk rathod","2026-09-15 16:12:37",0.93722,2,kaustukrathod
2933,16809893,"Irfan Arisani","2026-09-12 03:46:59",0.93718,1,irfanarisani
2934,16894818,taek5205,"2026-09-15 07:35:28",0.93718,1,taek5205
2935,16921162,Nikesh@Niku,"2026-09-18 14:20:09",0.93713,1,nikeshpandey9090
2936,16820326,benpython,"2026-09-03 16:27:23",0.93713,2,benlepers
2937,16951755,"Munesh Kumar","2026-09-24 09:43:16",0.93710,1,k250967muneshkumar
2938,16870248,"Philip Ross","2026-09-18 22:07:03",0.93710,1,cooliocool11
2939,16842307,"Deepti Singh","2026-09-06 12:26:08",0.93710,1,deeptisingh3004
2940,16803644,"Philippe Coulombe","2026-09-11 15:18:21",0.93710,1,philippecoulombe
2941,16808828,vcor,"2026-09-07 09:54:39",0.93706,2,vcokaggle
2942,16877802,KJ,"2026-09-12 02:19:38",0.93702,1,jokerrt
2943,16822910,"Amit Roy Antu","2026-09-04 08:48:01",0.93702,2,amitroyantu
2944,16803920,seamanc2016,"2026-09-05 03:55:37",0.93701,1,seamanc2016
2945,16808966,"kaka m8n","2026-09-03 18:20:08",0.93701,1,kakam8n
2946,16943498,"Samaya Ranjan Behera","2026-09-26 17:15:24",0.93695,13,samayaranjanbehera
2947,16823293,"Troy Loeffler","2026-09-15 00:29:46",0.93674,39,troyloeffler
2948,16838462,"JASMIN BANU M","2026-09-19 15:12:39",0.93673,1,jasminbanum
2949,16853690,"Jean Aiblou","2026-09-15 19:36:21",0.93673,1,jeanaiblou
2950,16951451,"Vishnu Srivastava","2026-09-24 09:16:47",0.93670,3,vishnusrivastava
2951,16818530,"Mohamed HADRICH","2026-09-03 12:56:04",0.93667,4,mohamedhadrich01
2952,16805226,JiatongLi,"2026-09-02 21:40:56",0.93665,1,jenniferjtli
2953,16840413,medraddaoui,"2026-09-06 17:53:55",0.93661,3,medraddaoui
2954,16825759,"Nagendra Gouda 125","2026-09-06 07:49:20",0.93655,2,nagendragouda125
2955,16925180,"Albert Zaqaryan","2026-09-19 11:45:39",0.93653,1,albertzaqaryan
2956,16962298,"Miqayel Petrosyann","2026-09-25 18:07:20",0.93653,1,miqayelpetrosyann
2957,16841130,"ADITYA UPADHYAY","2026-09-06 17:06:26",0.93652,1,realaduop
2958,16844201,"Parthiban Elavarasan","2026-09-14 15:27:38",0.93636,1,parthibanelavarasan
2959,16849291,"Emmanuel P Babu","2026-09-25 16:34:40",0.93590,2,emmanuelpbabu
2960,16947708,AQARZero,"2026-09-25 16:43:23",0.93583,1,aqarzero
2961,16894835,"Arjun Dixit","2026-09-15 14:12:34",0.93566,1,arjundix
2962,16858020,"Md Tareq Shah Alam","2026-09-09 10:55:34",0.93563,1,mdtareqshahalam27
2963,16866050,G.SHRITHIKA3,"2026-09-24 11:44:38",0.93551,1,gshrithika3
2964,16860035,simplecar,"2026-09-09 12:15:28",0.93550,1,simplecar
2965,16937752,"Ariel Lien","2026-09-23 19:28:53",0.93539,7,ariellien
2966,16966325,Timur,"2026-09-26 13:23:04",0.93493,3,timur82
2967,16845408,"Creeper Thánh","2026-09-10 03:25:15",0.93483,4,creeperthnh
2968,16949583,chadcsesi,"2026-09-25 13:44:01",0.93480,14,chadcsesi
2969,16841782,"Muh Amri Sidiq","2026-09-12 22:34:30",0.93465,1,amri11
2970,16845192,"Sahil Naseem","2026-09-07 00:13:46",0.93436,1,sahilnaseem7
2971,16805120,"Prateek Srivastava","2026-09-06 19:48:31",0.93426,1,pratik2901
2972,16799198,cygnusterbang,"2026-09-01 07:26:30",0.93422,1,cygnusterbang
2973,16855470,"Hector D.V.","2026-09-08 20:17:42",0.93409,1,hectordv
2974,16908134,shreyaharshal,"2026-09-22 06:12:55",0.93404,1,shreyaharshal
2975,16892004,"Koen van Gent","2026-09-14 15:22:36",0.93386,1,koenvangent
2976,16969175,"Anes Meftah","2026-09-26 21:25:47",0.93378,1,anesmeftah
2977,16913078,"Roman Nikolaev","2026-09-26 20:20:22",0.93373,12,romannikolaev754
2978,16825670,stop__h_,"2026-09-07 03:32:27",0.93373,1,stophhh
2979,16855630,WangweCharles,"2026-09-15 12:31:11",0.93372,1,wangwecharles
2980,16967335,"Jai Agrawal","2026-09-27 05:38:25",0.93365,2,jaijan10
2981,16842269,"Anomali Hitam","2026-09-16 12:34:07",0.93362,1,muhyusuf1112
2982,16951466,"Aarkesh Sharma","2026-09-26 08:05:47",0.93359,1,aarkeshsharma
2983,16904430,"Sanjay Suresh","2026-09-21 09:03:57",0.93346,8,sanjaysuresh3311
2984,16867716,Vsevolod_progr,"2026-09-10 17:16:43",0.93340,1,vsevolodprogr
2985,16928282,"Aadesh Upadhyay","2026-09-26 16:59:09",0.93328,1,aadeshupadhyay77
2986,16808108,"Avishek Sinha","2026-09-13 16:09:39",0.93327,1,avisheksinha91
2987,16842726,brobagazz,"2026-09-25 22:42:03",0.93326,1,brobagazz
2988,16805481,"Leon Makaryan","2026-09-01 21:54:59",0.93324,1,leonmakaryan
2989,16802447,"Kanat Kozhaniyazov","2026-09-09 11:28:09",0.93324,1,kanatkozhaniyazov
2990,16804845,"abd el moujib","2026-09-01 20:31:18",0.93317,1,abdelmoujib
2991,16927485,TEIKOTA,"2026-09-27 01:10:13",0.93315,1,teikota
2992,16867635,"Boogey Man","2026-09-11 18:58:47",0.93307,10,boogey004
2993,16907612,"sejal raykhere","2026-09-17 10:35:56",0.93294,1,sejalraykhere19
2994,16888633,"David Gamboa","2026-09-14 01:51:19",0.93276,1,gamboadd27
2995,16843493,"Murali Sairam","2026-09-12 13:31:59",0.93266,1,muralisairam
2996,16803754,"Priyanka Asthana","2026-09-02 17:54:28",0.93266,5,priyankasthana
2997,16853479,MachineNeil,"2026-09-08 09:14:49",0.93250,1,machineneil
2998,16890286,Nic,"2026-09-22 14:47:34",0.93234,3,nicoledcosta1
2999,16969952,"Sachin Mardikar","2026-09-27 03:59:52",0.93231,1,sachinmardikar
3000,16809007,"Krishna Mahajan","2026-09-02 18:16:31",0.93228,1,krishna17311
3001,16845325,"Adewole Adedapo","2026-09-09 01:35:04",0.93205,1,adewoleadedapo
3002,16876763,"Toyosi Jogunola","2026-09-11 18:21:47",0.93201,1,toyosijogunola1
3003,16840982,"Abraham Daniel Yat","2026-09-22 02:24:03",0.93201,1,abrahamdanielyat
3004,16898175,Rahulrockstarrr,"2026-09-16 06:47:06",0.93184,1,rahulrockstarrr
3005,16839552,"Deepak Reddy Kura","2026-09-10 18:07:29",0.93182,1,deepakreddykura
3006,16925312,Kanchan,"2026-09-19 13:25:09",0.93166,1,kanchankumar
3007,16887960,zhangkunling,"2026-09-13 20:56:36",0.93136,1,zhangkunling
3008,16846966,"Salam Ouedraogo","2026-09-22 09:06:06",0.93136,1,salamouedraogo
3009,16962624,Pulkit,"2026-09-26 22:55:44",0.93097,1,pulkit1985
3010,16891887,"Hamza Mojeeb","2026-09-14 14:58:22",0.93093,1,hamzamojeeb
3011,16875483,vignesh201121,"2026-09-11 13:05:01",0.93093,1,vignesh201121
3012,16848898,CardboardTank,"2026-09-07 16:49:51",0.93087,1,cardboardtank
3013,16804793,algyier,"2026-09-03 18:59:50",0.93056,2,zyatro09
3014,16831284,"Yuduo Wu","2026-09-05 03:47:21",0.93032,1,yuduowu
3015,16887394,"Jahongir Tuychiyev","2026-09-18 19:24:25",0.93005,1,jahongirtuychiyev
3016,16928102,"manish Raikwar","2026-09-21 10:04:13",0.92988,7,manishraikwar
3017,16881573,"Ahmad Yousuf Jan","2026-09-26 10:46:34",0.92907,3,ahmadjan20
3018,16831142,Роман,"2026-09-12 14:22:47",0.92870,1,romanneromanov
3019,16940980,"Herman Lapa","2026-09-22 16:21:40",0.92841,1,hermanlapa
3020,16806874,DhruvPatel0113,"2026-09-02 07:58:38",0.92756,1,dhruvpatel0113
3021,16831408,"Sneha Dhanda","2026-09-23 08:12:17",0.92671,1,snehadhanda
3022,16841307,johlys,"2026-09-15 20:03:29",0.92670,4,johlys
3023,16809691,"Saif Mahdi","2026-09-20 07:57:33",0.92662,1,saifsamianmahdi
3024,16807148,"Zhong Yige","2026-09-02 07:18:52",0.92581,1,zhongyige
3025,16848116,"Enzo Cruciani","2026-09-11 13:00:00",0.92581,2,enzocruciani
3026,16801819,PHKSE7D39,"2026-09-03 07:27:00",0.92567,2,phkse7d39
3027,16966131,"Shuncheng Tang","2026-09-26 13:29:04",0.92549,1,shunchengtang123
3028,16882606,"Clare Laurent","2026-09-12 23:13:54",0.92536,1,clarelaurent
3029,16944796,MSU-BIT_ML_2026-yuxiaoli,"2026-09-24 03:27:29",0.92529,3,yuxiaoli111
3030,16958235,"Ivan Danut","2026-09-26 00:37:15",0.92519,1,ivandanut
3031,16930967,"Ujjal kumar Maity","2026-09-22 18:20:25",0.92421,1,ujjalkumarmaity
3032,16804963,"Jonathan T","2026-09-01 19:39:46",0.92406,2,jtdataperuser
3033,16862252,bumapdumpt,"2026-09-09 20:23:54",0.92371,1,bumapdumpt
3034,16923372,"Yizhe Li47","2026-09-19 04:20:18",0.92330,1,yizheli47
3035,16810468,"Adam Martí","2026-09-03 18:48:10",0.92303,2,adammart
3036,16841173,"Juairia Apsara","2026-09-07 00:00:45",0.92205,1,juairiaapsara
3037,16952063,"[MSU-BUT_ML_2026] Mikhail","2026-09-24 09:11:46",0.92178,2,muxabuxa
3038,16838926,Noon,"2026-09-08 03:19:03",0.91919,1,noon555
3039,16920840,taiki,"2026-09-22 13:01:51",0.91565,5,taikiickw
3040,16892639,"Ali Furkan Kaya","2026-09-21 21:16:21",0.91428,1,afurkankaya
3041,16880519,"Youssef taha25","2026-09-13 13:17:21",0.90449,1,yousseftaha25
3042,16963532,PMR3508-2021-2-120,"2026-09-26 01:09:09",0.90412,1,tomasolenscki
3043,16892238,"Hamzah Saif","2026-09-15 10:03:37",0.88890,10,hamzahsaif
3044,16806177,Deepak,"2026-09-07 18:15:03",0.88871,1,deepaksurya7
3045,16871392,edisonnnnnnn,"2026-09-18 07:21:56",0.88850,1,edisonnnnnnn
3046,16898920,"Bianca Denadai","2026-09-18 17:53:58",0.88826,12,biancadenadai
3047,16810471,"Swayam Bhoir","2026-09-05 15:49:01",0.88581,1,swayambhoir
3048,16914591,"Anatoly L","2026-09-17 13:06:03",0.88423,1,anatolyal
3049,16808572,"Mihnea Munteanu","2026-09-02 12:46:45",0.88361,4,mihneamunteanu
3050,16798909,"Jisung woo","2026-09-02 06:00:28",0.88256,1,jisung77
3051,16854797,"Swayam S Patra","2026-09-15 13:58:56",0.88244,5,"deeptanshuray,swayamspatra"
3052,16810083,bourbaki,"2026-09-02 16:28:42",0.88146,2,filippogiovagnini
3053,16805566,"Hrishikesh Dhuri","2026-09-01 21:48:14",0.88110,1,hrishikeshdhuri19
3054,16799381,"Paras Gaur","2026-09-01 18:29:51",0.87908,2,animeguylrn
3055,16799123,"Ishir Singhal","2026-09-19 15:04:31",0.87747,1,ishirsinghal
3056,16848899,"Daniil Pulatov","2026-09-08 16:35:24",0.87729,1,daniilpulatov
3057,16887223,"Josipa Sever","2026-09-21 13:35:11",0.87725,21,josipasever
3058,16960111,"Eduardo Cañas","2026-09-25 13:07:13",0.87643,10,eduardocaas
3059,16881205,Sonali210,"2026-09-12 13:02:13",0.87589,2,sonali210
3060,16811633,"Wai Mai Lydia Tsang","2026-09-13 18:56:02",0.87582,13,waimailydiatsang
3061,16966037,Saturday,"2026-09-26 16:47:03",0.87539,7,"saideependra,shubhams9k96"
3062,16940845,"Angaddeep Singh5875","2026-09-22 11:37:09",0.87494,1,angaddeepsingh5875
3063,16807146,"Amir Sohail","2026-09-12 10:55:54",0.87482,9,amirsohail122
3064,16870441,jbaudson,"2026-09-14 22:57:13",0.87443,1,jbaudson
3065,16844514,Charlotte,"2026-09-08 15:20:40",0.87420,1,alekseus
3066,16937622,TalhaEjaz19040,"2026-09-26 12:09:23",0.87093,9,talhaejaz19040
3067,16929429,张博越越,"2026-09-22 06:59:59",0.87038,1,zby0601
3068,16830806,"First name Second name","2026-09-13 20:47:59",0.86992,7,bredonmwangi
3069,16936368,"KRISHNA MAKHIJA","2026-09-24 09:56:27",0.86822,1,krishna15425makhija
3070,16811236,BlazeAdapt,"2026-09-03 00:23:56",0.86632,1,blazeadapt
3071,16885951,"Priyank Gupta","2026-09-14 05:02:06",0.86589,1,priyankgupta01
3072,16819628,"Rohit kumar211987","2026-09-04 08:10:34",0.86563,3,rohitkumar211987
3073,16799521,"Süleyman Yılmaz","2026-09-22 18:25:21",0.86190,10,slymnylmz
3074,16918279,"Vallam Dinakar","2026-09-22 09:55:08",0.85580,1,vallamdinakar
3075,16803065,"Gauttam Jangir","2026-09-07 06:46:35",0.85345,14,gauttamjangir
3076,16865707,"Punit Parmar","2026-09-13 16:54:44",0.84391,5,punitparmar8949
3077,16832862,IMASD123,"2026-09-06 21:41:36",0.84160,1,imasd123
3078,16869709,"Felipe Livon","2026-09-11 17:16:51",0.84160,1,felipelivon
3079,16949117,Egor_535,"2026-09-23 19:23:32",0.83809,1,egor535
3080,16896407,M.Umabs,"2026-09-22 11:38:09",0.83457,1,mumabs
3081,16842196,PsayaP,"2026-09-27 04:53:23",0.81978,5,psayap
3082,16875774,Darynbek,"2026-09-12 03:05:32",0.81978,2,darynbek
3083,16799269,"Abdulhay Yassir","2026-09-05 14:56:08",0.81572,1,abdulhayyassir
3084,16883820,stm32f103c8t6,"2026-09-13 14:25:37",0.81436,1,stm32f103c8t6
3085,16916529,"Zhores Hakobyan","2026-09-17 18:50:45",0.80976,1,zhoreshakobyan
3086,16798985,"Heath Dingus","2026-09-01 04:21:21",0.80913,10,heathdingus
3087,16861633,"Hamza sajid","2026-09-24 15:47:47",0.80900,1,anonymusserver
3088,16881354,"Meet Gajera","2026-09-13 09:01:49",0.80886,1,mitgajera
3089,16893055,cvmhatre,"2026-09-15 03:10:32",0.80839,1,cvmhatre
3090,16838324,"Sumit Kumar Dwivedi","2026-09-11 07:34:25",0.80829,1,sumitdwi123
3091,16808494,palpawan12,"2026-09-24 16:51:11",0.80785,1,palpawan12
3092,16851817,HotMitDev,"2026-09-08 02:05:33",0.80784,2,hotmitdev
3093,16904118,"Naman Rai","2026-09-16 08:02:08",0.80779,1,namanrai01
3094,16870608,田中偲惟人,"2026-09-12 06:52:02",0.80759,1,shiito
3095,16822993,"Cuschevici Climent","2026-09-04 13:24:51",0.80735,1,cuschevicicliment
3096,16895207,"Mohamed Arafath","2026-09-24 10:50:39",0.80730,4,mohamedarafath
3097,16841838,the007prime,"2026-09-07 14:10:11",0.80676,2,the007prime
3098,16839764,"P.Lakshmi Sainath Reddy","2026-09-05 13:45:54",0.80664,1,plakshmisainathreddy
3099,16913795,"Abhishek Sinha","2026-09-17 13:10:41",0.80651,3,abhisheksinha01111
3100,16804821,porvani2zi,"2026-09-06 19:09:35",0.80633,1,"belyaevgleb,duckichpuckich"
3101,16934395,"Yamaguchi, Ryohey U.","2026-09-21 07:34:42",0.80613,2,ryoheyuenoyamaguchi
3102,16896823,VoltVision,"2026-09-16 10:05:56",0.80568,1,"aishwaryanikam1630,vaishnavi1512"
3103,16848037,Kutay23,"2026-09-07 13:25:44",0.80563,1,kutay23
3104,16896003,"Jagannath R","2026-09-21 03:54:45",0.80547,3,jagannath1824
3105,16883175,"Waleed Almorade","2026-09-13 19:59:05",0.80522,5,waleedalmorade
3106,16805441,"Beyza Durdu","2026-09-02 17:57:22",0.80490,1,beyzadurduu
3107,16876792,"Thales Galuchi","2026-09-14 23:11:18",0.80460,9,thalesgaluchi
3108,16840492,YMOM249,"2026-09-06 12:29:02",0.80424,1,kaggle5kaggle
3109,16842129,"Sakib Alam Jisan","2026-09-06 05:38:38",0.80312,1,sakibalamjisan
3110,16801177,AbuHelweh,"2026-09-08 12:14:28",0.80280,10,yahiaabuhelweh
3111,16876908,"Atharv Nawab","2026-09-11 20:19:51",0.80257,1,atharvnawab
3112,16830297,"Surendra Yarrareddy","2026-09-12 10:54:38",0.80069,1,surendrayarrareddy
3113,16864401,"Zhi1 Wang","2026-09-11 04:22:19",0.80063,1,zhi1wang
3114,16799356,"Vincentius Leonanda Prabowo","2026-09-06 07:21:27",0.80043,3,vincentius1013
3115,16924328,"Shao Jiayu_SMBU","2026-09-20 00:53:35",0.80000,2,shaojiayusmbu
3116,16872035,"Victor Pastor","2026-09-16 09:15:18",0.79995,1,victorpastor
3117,16966740,"D Yoga Harshitha","2026-09-27 06:59:14",0.79661,1,dyogaharshitha
3118,16804788,"Abdullah Al Aymon","2026-09-18 11:20:25",0.79570,1,abdullahalaymon
3119,16960496,"Kishor J K","2026-09-25 13:32:34",0.79455,1,kishorkonaraddi
3120,16885817,Mosii721,"2026-09-20 14:44:22",0.79337,1,mosii721
3121,16910763,"Mohit Gemini","2026-09-17 15:45:50",0.79253,1,mohitgemini
3122,16851465,jokerdf,"2026-09-17 20:50:58",0.79165,1,jokds2
3123,16852164,MLCoder90,"2026-09-23 15:55:49",0.78700,1,mlcoder90
3124,16930747,"Loselen Luari Jonanda","2026-09-20 14:03:08",0.77919,1,loselen
3125,16854481,"Akinyemi Tobi","2026-09-25 09:58:51",0.77104,2,akinyemitobi
3126,16842135,Arif_tech,"2026-09-07 13:13:31",0.76518,1,ariftech
3127,16916547,CtrlC_CtrlV,"2026-09-27 00:01:32",0.68872,6,"bhuveshchauhan,gouthamgopakumar"
3128,16832454,M1nhPh4m,"2026-09-04 18:19:44",0.67459,1,m1nhph4m
3129,16936427,"Khang HHuỳnh","2026-09-21 13:49:15",0.66944,1,khanghhunh
3130,16827674,"Shaikh Mohammad Hasnat ","2026-09-04 11:42:33",0.58749,1,shaikhmohammadhasnat
3131,16959655,"mohanned zayoud","2026-09-25 14:19:35",0.55851,1,mohannedzayoud
3132,16800107,masayasuonodera,"2026-09-11 14:23:47",0.52500,2,masayasuonodera
3133,16798650,parkjuuyeong,"2026-09-01 00:31:02",0.50000,1,parkjuuyeong
3134,16800096,"BALAJI VARA PRASAD DEGA","2026-09-01 09:08:37",0.50000,1,balajivaraprasad
3135,16802594,"Sahir Maharaj","2026-09-26 12:19:32",0.50000,26,sahirmaharajj
3136,16805611,"David Blandón","2026-09-01 22:14:41",0.50000,1,dacxj0
3137,16841153,"Test Team","2026-09-05 19:36:24",0.50000,1,"emilygrace1431998,mdabdullahalafif"
3138,16841442,"Eng Ali Mutahhar","2026-09-05 21:52:31",0.50000,1,aliree
3139,16841573,"Mohammed alnzary","2026-09-05 23:45:25",0.50000,2,mohammedalnzary
3140,16841692,TommyMSCS,"2026-09-06 02:14:50",0.50000,1,tommymscs
3141,16845946,lucataco,"2026-09-07 04:30:17",0.50000,1,lucataco
3142,16857481,"Nguyễn Anh Tài","2026-09-09 01:50:56",0.50000,1,tainadpln
3143,16913986,Kou111111,"2026-09-17 10:57:59",0.50000,1,kou111111
3144,16922605,"Reagan Ochieng","2026-09-18 21:16:43",0.50000,1,reaganochieng
3145,16898554,Rahul05211,"2026-09-19 04:03:29",0.50000,1,rahul05211
3146,16927560,SelestialBeing,"2026-09-20 06:53:17",0.50000,1,selestialbeing
3147,16933755,karinkaito,"2026-09-23 22:30:13",0.50000,2,karinkaito
3148,16937614,"Muhammad Ali Amir","2026-09-21 17:32:29",0.50000,2,malialice
3149,16907000,"Nancy Cat111","2026-09-25 15:19:32",0.50000,1,nancycat111
3150,16962528,edjenkins,"2026-09-25 17:29:38",0.50000,1,edjenkins
