Rank,TeamId,TeamName,LastSubmissionDate,Score,SubmissionCount,TeamMemberUserNames
1,16798949,"Chris Deotte","2026-09-11 20:50:03",0.94672,3,cdeotte
2,16822665,Leo,"2026-09-08 10:52:33",0.94664,28,nanaresudo
3,16799961,"Christoffer Thimsen","2026-09-12 11:05:30",0.94659,27,lowasitgoes
4,16798784,yalpha,"2026-09-13 05:29:32",0.94658,86,yusukeimura
5,16798625,haya,"2026-09-13 05:01:33",0.94657,36,yhay81
6,16798852,"M & M","2026-09-11 22:48:51",0.94657,54,"mahoganybuttstrings,masayakawamata"
7,16803825,"Laura Liepa","2026-09-12 21:21:13",0.94657,76,lauraliepa
8,16809885,"Paul Bryan Elefante","2026-09-12 08:59:10",0.94656,6,heuljax
9,16802221,"Maher el Ouahabi","2026-09-13 05:12:25",0.94655,70,maherelouahabi
10,16843730,"Kaggler Sergio","2026-09-12 17:13:21",0.94654,17,kagglersergio
11,16858192,"Igor A","2026-09-11 09:18:21",0.94654,19,igorarapov
12,16800007,Rapha,"2026-09-12 19:21:00",0.94654,54,raphaabels
13,16798679,"Ravi Ramakrishnan","2026-09-12 18:52:06",0.94654,80,"donmarch14,ravi20076"
14,16822208,"Jasper Dekoninck","2026-09-05 18:28:21",0.94653,16,jasperdekoninck
15,16798610,"Xin Feng","2026-09-11 20:38:09",0.94650,5,milanfx
16,16799525,BOB,"2026-09-13 04:35:24",0.94650,96,hotpotbro
17,16808961,QSynPrim,"2026-09-13 05:59:53",0.94650,43,ksmashhero
18,16799914,tomasa2,"2026-09-12 21:24:42",0.94650,30,tomasa2
19,16806910,Naveenkumar,"2026-09-13 04:42:13",0.94650,68,"kavinn25,naveeen142007"
20,16806374,"Ronit Agarwal","2026-09-13 05:54:27",0.94650,20,"boandme,ronitagarwal1,shauryasahdev2"
21,16875988,Taeyang,"2026-09-13 03:31:34",0.94650,27,taeyangg4
22,16823977,"Guilherme Raiuga","2026-09-13 04:27:03",0.94650,35,guilhermeraiuga
23,16872257,"Tomohiko Ikeda","2026-09-12 15:15:51",0.94649,8,tomohikoikedajpn
24,16863564,"Saki Tenma","2026-09-13 04:09:41",0.94649,10,sakitenma
25,16843656,"Raju Sah","2026-09-13 03:48:51",0.94649,26,rajucode
26,16811824,"Hammad Farooq","2026-09-13 05:31:51",0.94649,9,malikhammadfarooq
27,16884013,"fahim magsi","2026-09-13 05:46:19",0.94649,4,fahimmagsi
28,16799042,F.A.Nina,"2026-09-13 05:56:48",0.94649,68,nina2025
29,16805636,Optimistix,"2026-09-12 07:32:51",0.94649,94,optimistix
30,16799762,NapoleonIT,"2026-09-13 00:09:24",0.94649,64,alexfeklin1234
31,16847802,IchikaHoshino,"2026-09-13 03:24:51",0.94649,70,htunkhi
32,16805583,jazivxt,"2026-09-13 03:59:34",0.94649,121,jazivxt
33,16807117,shisan92,"2026-09-13 05:01:01",0.94649,17,shisan92
34,16813926,"인공저능연구소( Artificial Idiocy Lab )","2026-09-13 05:08:56",0.94649,75,megayak
35,16799295,ikevayansky,"2026-09-12 23:27:22",0.94649,72,ikevayansky
36,16826356,"Pablo César Ruíz","2026-09-13 04:59:59",0.94648,10,pcruiher08
37,16801830,Tilii,"2026-09-13 06:01:57",0.94648,77,tilii7
38,16842157,SM30,"2026-09-11 13:09:35",0.94648,27,sagarmane104
39,16823225,Aurrog,"2026-09-12 17:42:28",0.94648,21,aurrog
40,16840371,CG,"2026-09-10 01:47:02",0.94648,26,alexanderwang2001
41,16798614,cstdy,"2026-09-10 11:40:54",0.94648,28,kirill0212
42,16799620,"Ismail Ucuran","2026-09-12 12:44:00",0.94647,12,ismailucuran
43,16810800,Randy,"2026-09-11 03:16:56",0.94647,48,rvndyerwin
44,16855478,"CHEN Xiang","2026-09-12 02:34:35",0.94647,37,intoxicatinglips
45,16800764,"Mizushima Toshihiko","2026-09-13 04:28:04",0.94647,70,mizushimatoshihiko
46,16798831,Naji,"2026-09-13 04:11:33",0.94647,78,najiama
47,16805319,サポタン,"2026-09-12 23:31:31",0.94646,27,sapotan
48,16823911,"Ahmet Bugrahan ALTUNOK","2026-09-12 23:55:59",0.94646,24,ahmetbugrahanaltunok
49,16847429,scikit-learn,"2026-09-10 14:19:16",0.94646,32,scikitlearning
50,16831551,"Wenbo Qin","2026-09-11 01:25:17",0.94646,39,wenboqin
51,16844752,"Senih Bayankulu","2026-09-12 14:49:07",0.94645,19,senihbayankulu
52,16846342,khursani,"2026-09-13 03:01:19",0.94645,11,khursani8
53,16810015,shawncsx,"2026-09-13 05:40:22",0.94645,34,shawncsx
54,16872029,devsungyeon,"2026-09-13 00:30:36",0.94645,21,devsungyeon
55,16798714,"Sung Heo","2026-09-13 05:51:25",0.94645,22,kmmmvs
56,16803972,"Pradeep Sriramula","2026-09-08 20:37:26",0.94645,9,pradeep0245
57,16853354,"Eduardo Molina","2026-09-13 05:09:05",0.94645,7,eduardomolinaai
58,16868621,"Code Master","2026-09-12 21:50:50",0.94645,20,abdullahmathar
59,16872249,Farazsha,"2026-09-11 10:01:01",0.94645,1,farazsha
60,16798563,"M.N. Mohamed Aman","2026-09-13 01:09:51",0.94645,66,mnmohamedaman
61,16845334,"Dary Cuello","2026-09-13 02:06:20",0.94645,8,skipperml
62,16799115,kglctf,"2026-09-13 00:42:23",0.94645,130,kglctf
63,16799784,"Mathurin Ache","2026-09-12 08:07:41",0.94645,7,mathurinache
64,16856887,Aamod06,"2026-09-12 08:57:48",0.94645,5,aamod06
65,16876270,"Asem Adnan","2026-09-12 11:24:01",0.94645,20,asemadnan
66,16798803,AnthonyTherrien,"2026-09-13 01:03:20",0.94645,14,anthonytherrien
67,16799484,"Charismatic Pizza Party🍕","2026-09-12 09:56:01",0.94645,6,debugendless
68,16855994,Vanshika,"2026-09-13 04:08:50",0.94645,5,crystalbaby
69,16807998,"Md Abdul Al Hasib","2026-09-12 19:26:22",0.94645,9,mdabdulalhasib
70,16881958,Febriyansyah,"2026-09-12 21:29:21",0.94645,5,febriyansyahresearch
71,16824841,"Faraz Shamim","2026-09-11 09:14:43",0.94645,22,mrimperium
72,16881524,"Muhammed Shad Bhati","2026-09-12 14:14:51",0.94645,1,bhatimohdshad
73,16847460,"Mathieu W","2026-09-12 15:14:10",0.94645,12,mathieuw
74,16799231,"Omkar Kadam","2026-09-12 16:09:43",0.94645,54,itzzomkar
75,16876854,MPEVP,"2026-09-12 18:39:57",0.94645,1,manojmandal
76,16809918,aliemirkoca,"2026-09-12 22:05:11",0.94645,22,aliemirkoca
77,16802166,"Shigeru Kondou","2026-09-09 06:15:19",0.94645,7,shigerukondou
78,16798611,"Samuel martinez perez","2026-09-12 22:57:26",0.94645,8,samuelmartinezperez
79,16882446,AlperennBaran,"2026-09-13 00:28:19",0.94645,7,alperennbaran
80,16879081,都是同龄人我原本没想降维打击！,"2026-09-12 10:41:52",0.94645,4,ordea1
81,16803764,"lionel W509","2026-09-13 06:07:56",0.94645,19,lionelw509
82,16799328,CyberRacoon,"2026-09-12 06:42:36",0.94645,35,racoontw
83,16799732,camurberkayy,"2026-09-11 10:02:45",0.94645,10,camurberkayy
84,16804882,elmo,"2026-09-12 20:16:14",0.94644,40,mktakizawa
85,16804441,"Andrew Leal70","2026-09-10 18:29:47",0.94644,22,andrewleal70
86,16799982,"Talha Tursun","2026-09-11 08:49:59",0.94644,74,talhatursun
87,16802882,"Adithya Giridharan","2026-09-12 15:48:55",0.94644,40,adithyagiri
88,16814691,"Chinzorigt Ganbat","2026-09-13 03:19:36",0.94644,51,chinzorigtganbat
89,16864959,"Ripon C. Malo","2026-09-10 23:28:47",0.94644,2,riponce
90,16846930,Bertholdt,"2026-09-11 07:19:59",0.94644,25,bertholdt
91,16842698,MinhTran2346,"2026-09-10 08:41:40",0.94644,36,minhtran2346
92,16865714,"UTE AI Lab","2026-09-11 06:18:29",0.94644,11,nguynchutncng
93,16817896,famou,"2026-09-12 10:12:22",0.94644,14,lihuaiming
94,16866897,Algorex,"2026-09-10 13:50:15",0.94644,6,daniellebagaforomeer
95,16849097,"Diya Sharma","2026-09-10 17:08:57",0.94644,2,diyasharmanexa
96,16846931,beyond-compare,"2026-09-11 07:08:40",0.94644,9,"mathqueen,xihangshan"
97,16879439,vizeno,"2026-09-12 06:43:56",0.94644,5,vizeno
98,16871221,haodou092,"2026-09-11 06:22:54",0.94644,1,haodou092
99,16853876,KotaroT1,"2026-09-09 07:08:25",0.94644,8,kotarot1
100,16825448,"Arnav Goel","2026-09-11 14:25:09",0.94644,26,arnavgoel17
101,16811961,"Fil Thinh","2026-09-10 12:27:45",0.94644,12,filthinh
102,16853244,"Vũ Tuấn","2026-09-11 17:06:31",0.94644,33,vtunksdlvnj6
103,16863612,JinchengZhang1,"2026-09-10 02:54:35",0.94644,10,jinchengzhang1
104,16802111,"Nazar Koval","2026-09-09 18:06:42",0.94644,32,miickey
105,16840013,ajikajadeh,"2026-09-11 06:49:16",0.94644,34,ajikajadeh
106,16839803,AreJain,"2026-09-10 17:21:10",0.94644,16,arejain
107,16799811,Will,"2026-09-12 21:56:56",0.94644,68,"aditya2909rb,aryankaisth,wguesdon"
108,16828175,"Gregory L.","2026-09-10 11:33:00",0.94644,9,lgregory
109,16848028,Kirderf,"2026-09-10 21:18:49",0.94644,21,kirderf
110,16803030,"Hoai Vo","2026-09-09 15:16:45",0.94644,45,vkhoai
111,16853864,"Ritanshu Prasad","2026-09-10 06:46:25",0.94644,2,ritanshuprasad
112,16866502,"Aniket Abhishek Soni","2026-09-10 12:11:03",0.94644,1,aniketsoni
113,16848410,takemo,"2026-09-11 01:20:43",0.94644,18,takemoriyuto
114,16808677,Funguscakehead,"2026-09-12 02:43:37",0.94644,7,funguscakehead
115,16849496,PapaSoda,"2026-09-09 17:08:57",0.94644,5,papasoda
116,16804861,RuiFSPinto,"2026-09-12 13:51:25",0.94644,34,ruifspinto
117,16860962,"Suraj Kumar Nanda","2026-09-11 18:39:22",0.94644,27,surajkumarnanda
118,16798723,ganesha,"2026-09-11 06:14:15",0.94644,4,"naveenjv12,ramjv6"
119,16870380,"Tejasv Bhatia","2026-09-12 07:45:41",0.94644,8,tejasvbhatia
120,16814953,ypl0lpy,"2026-09-09 06:29:49",0.94643,22,ypl0lpy
121,16849043,xinghan,"2026-09-12 08:57:42",0.94643,11,xinghan0220
122,16799685,starkhushi,"2026-09-11 07:13:55",0.94643,46,starkhushi
123,16831827,"nick gault","2026-09-12 00:17:26",0.94643,22,nicholasgg
124,16875841,cccyou,"2026-09-13 03:45:23",0.94643,6,cccyou
125,16848963,DefiAudit,"2026-09-13 01:27:56",0.94643,23,defiaudit
126,16799752,"Romone Dunlop","2026-09-11 08:10:40",0.94643,74,romonedunlop
127,16883204,bluey,"2026-09-12 22:14:21",0.94643,1,bluey2211
128,16805966,CAPRICORNUS0908,"2026-09-12 02:05:46",0.94643,51,capricornus0908
129,16881257,"minghao ma","2026-09-13 04:03:40",0.94643,8,minghaoma1
130,16832536,"Md. Hamid Hosen","2026-09-08 20:48:58",0.94643,5,hosen42
131,16810878,Jorgen9B,"2026-09-12 15:41:44",0.94643,44,jorgen9b
132,16800681,"Mikhail Naumov","2026-09-12 12:06:52",0.94643,90,mikhailnaumov
133,16832906,"Nelson VIKOU","2026-09-11 22:12:14",0.94643,23,nelsonvikou
134,16802187,jyama,"2026-09-10 10:47:50",0.94643,32,yarukikun
135,16865493,"Ark Medwin","2026-09-12 09:48:47",0.94643,7,benjfrank
136,16840930,Dubnium,"2026-09-13 02:25:28",0.94643,28,ahmetyasin1
137,16802297,"Aman Atar","2026-09-13 03:31:22",0.94643,92,amanatar
138,16840935,miki,"2026-09-11 16:36:39",0.94643,19,miki2025lee
139,16853007,jeongwonyu123,"2026-09-09 01:15:22",0.94643,17,jeongwonyu123
140,16831056,"Alexey Kuznetsov","2026-09-13 04:27:35",0.94642,74,legtarrr
141,16805147,Hemingweb,"2026-09-09 22:40:06",0.94642,38,"hemingweb,nassimdev0x"
142,16811067,"Baha Enes Ören","2026-09-08 10:15:48",0.94642,19,bahaenesren
143,16798605,"Pavlo Ivanin","2026-09-08 14:37:38",0.94642,12,pavloivanin
144,16798636,"Jeki Wan Taufik","2026-09-08 15:10:31",0.94642,9,jek1wantaufik
145,16841712,"Sean Zhang","2026-09-08 20:43:24",0.94642,9,"blackpearls1,seanzhang2445"
146,16798958,huangbin,"2026-09-12 08:50:03",0.94642,27,huangbin1
147,16806545,mochi0601,"2026-09-12 20:35:03",0.94642,36,mochi0601
148,16842031,"Kim Minh","2026-09-12 03:42:48",0.94642,37,hanming14
149,16840897,"Kiran Kunapuli","2026-09-09 09:45:08",0.94642,10,kirankunapuli
150,16838574,"Taemyung Heo","2026-09-12 06:30:58",0.94642,10,tmheo74
151,16842264,"ML Player 1","2026-09-11 17:08:57",0.94642,21,"lihong0907,nemonade,stuartchu666"
152,16799267,June3141,"2026-09-10 08:10:37",0.94642,4,june3141
153,16882852,"John Tyler","2026-09-12 20:33:35",0.94642,1,johntyler331
154,16854578,"Asuu Dane","2026-09-10 16:36:48",0.94642,1,asuudane
155,16807474,"Tamerlan Omralinov","2026-09-12 21:16:18",0.94642,15,tamerlanomralinov
156,16802953,Ole-Jakob,"2026-09-08 09:04:40",0.94642,41,olejakobrosenvold
157,16853116,"navazsh fathi","2026-09-12 08:58:57",0.94641,3,navazshfathi
158,16882907,"محي الدين العنسي","2026-09-12 21:32:02",0.94641,1,mohyaldeen77
159,16865969,"SAURABH VISHWAKARMA","2026-09-13 04:43:01",0.94641,8,surabhv21
160,16810298,"Jared Floersch","2026-09-10 06:43:25",0.94641,33,jaredfloersch
161,16875458,SeraphinaGlacia,"2026-09-11 13:32:45",0.94641,6,seraphinaglacia
162,16842758,"Keiichiro Terahara","2026-09-08 08:35:17",0.94641,16,keiichiroterahara
163,16805476,KuziJA,"2026-09-13 01:26:36",0.94641,8,kuzija
164,16798870,"Jenny He","2026-09-11 09:24:06",0.94641,37,jennyheeeeee
165,16850692,Cate,"2026-09-11 10:10:03",0.94641,15,catejames
166,16864977,AmitKumarPradhan,"2026-09-11 19:26:32",0.94641,16,akpradhn
167,16842814,ParsaAshrafi,"2026-09-13 05:13:40",0.94641,9,parsaashrafii
168,16799414,"Laurent Pourchot","2026-09-12 14:59:56",0.94641,12,pourchot
169,16861973,quzhihang,"2026-09-10 11:36:20",0.94641,5,quzhihang
170,16799216,"Ilya Sevastyanov","2026-09-13 03:04:35",0.94641,13,sev1lya
171,16849951,"Guy Bason","2026-09-13 00:51:16",0.94641,8,guybason
172,16803997,"Praneeth Paikray","2026-09-07 20:26:00",0.94641,26,paiky1995
173,16870580,"Ugur Tasdan","2026-09-13 00:06:03",0.94641,14,fairlanderflick
174,16802586,"Rob Schieber","2026-09-11 10:57:31",0.94641,23,robschieber
175,16817843,"Dannya AbdulHadi","2026-09-13 03:29:17",0.94641,4,dannyaabdulhadi
176,16809987,ManuelArt,"2026-09-12 14:27:21",0.94640,13,manuelart
177,16809162,"kyle Taylorer","2026-09-12 09:37:54",0.94640,10,kyletaylorer
178,16860415,Aelly,"2026-09-11 10:51:22",0.94640,7,aellyyy
179,16802295,Ajanraj,"2026-09-12 19:55:53",0.94640,16,ajanraj25
180,16851746,"chen junnian","2026-09-08 07:16:45",0.94640,10,chenaini
181,16842182,Koooooooooo,"2026-09-11 09:35:01",0.94640,15,kouokada
182,16850451,Cpleasance,"2026-09-12 00:14:49",0.94640,24,cpleasance
183,16824074,SOONHANKWON,"2026-09-09 01:13:04",0.94640,8,soonabletv
184,16830917,"Murat Emre YÜCEL","2026-09-09 10:48:11",0.94640,23,muratemreycel
185,16853080,jingle2026,"2026-09-10 05:02:43",0.94640,5,jingle2026
186,16800029,BhuvanNR,"2026-09-11 13:18:16",0.94640,24,bhuvannr2006
187,16802812,"Abu Kayyisah Basyid","2026-09-12 12:57:02",0.94639,21,abukayyisahbasyid
188,16802824,"Liam O’Brien","2026-09-12 20:57:38",0.94639,3,liamob96
189,16852935,Jackpot181,"2026-09-09 09:58:55",0.94639,6,jackpot181
190,16871923,"Clement Ling","2026-09-12 16:32:37",0.94639,6,clementling
191,16799386,"Sala J","2026-09-10 09:59:02",0.94639,31,sjwell
192,16845485,niulai,"2026-09-08 03:57:10",0.94639,10,rngrng
193,16866443,goodpjw2008,"2026-09-13 06:01:18",0.94639,7,goodpjw2008
194,16823331,Charlezz8z,"2026-09-10 03:23:27",0.94639,9,charlezz8z
195,16805310,"Sergey Qt2024","2026-09-11 10:13:20",0.94639,38,sergeyqt2024
196,16841792,salamanda19,"2026-09-11 15:36:42",0.94639,5,salamanda19
197,16803528,choqui62,"2026-09-12 17:30:53",0.94639,25,choqui62
198,16859513,"Maziyar Abyari","2026-09-09 20:06:11",0.94639,10,maziyarabyari
199,16799087,easonyanyan,"2026-09-12 19:33:37",0.94639,23,easonyanyan
200,16857102,"Possible Knowledge","2026-09-12 19:35:53",0.94639,18,possibleknowledge
201,16799673,@luke,"2026-09-12 08:40:05",0.94639,8,loukaspritsas
202,16807826,"rupsa roy","2026-09-08 05:04:06",0.94639,4,rupsarroy
203,16881908,pwxc00,"2026-09-12 17:12:31",0.94638,2,alert04
204,16803634,"Arnie Jimenez","2026-09-08 21:45:25",0.94638,14,arniejimenez
205,16846551,Dilovar,"2026-09-08 05:30:21",0.94638,4,dilovar
206,16857913,"Sukanti Kar","2026-09-09 04:09:44",0.94638,1,sukantikar
207,16858954,"Khoi Ng","2026-09-09 07:49:41",0.94638,1,khoingt
208,16798971,daoviet,"2026-09-11 09:04:45",0.94638,21,daoviet
209,16798601,"Georgy Mamarin","2026-09-12 07:58:12",0.94638,11,georgymamarin
210,16849042,"Muhammad Khan Muneer","2026-09-10 21:52:03",0.94638,7,muhammadkhanmuneer
211,16875499,"Berat Erol ÇELİK","2026-09-12 15:32:15",0.94638,15,beraterolelk
212,16803855,Evdilos_Ikaria,"2026-09-12 18:38:07",0.94638,20,georgem
213,16802687,SergeyN1942,"2026-09-12 14:28:10",0.94638,49,sergeyn1942
214,16852671,"Lê Quang Cảnh","2026-09-12 13:19:46",0.94638,12,zhincez
215,16867794,"Nitish Songara","2026-09-11 08:16:10",0.94638,6,nitishsongara
216,16868635,"Hüseyin Enes Duran","2026-09-11 21:30:54",0.94638,12,hseyinenesduran
217,16799429,yuurei,"2026-09-09 00:33:30",0.94638,5,nyhalcyon
218,16845914,"coke lu","2026-09-08 08:33:13",0.94638,5,cokelu
219,16798830,Juyong,"2026-09-12 20:35:45",0.94638,56,kimdoong
220,16878837,beibeihk,"2026-09-12 04:02:53",0.94638,3,beibeihk
221,16823053,XAVI,"2026-09-10 22:49:56",0.94638,7,xx1263
222,16829894,Kyr1ll,"2026-09-09 12:03:22",0.94637,5,kyr1ll
223,16871380,Imcyj123,"2026-09-12 19:26:16",0.94637,18,kurase
224,16838711,"sakkn sakkn","2026-09-12 04:13:35",0.94637,12,sakknsakkn
225,16816456,tuko_tanzwoo,"2026-09-12 05:46:18",0.94637,17,tukotanzwoo
226,16820688,"Umair Zia","2026-09-08 20:43:31",0.94637,20,stealthtechnologies
227,16850954,"Lamine Yamal","2026-09-07 23:38:05",0.94637,1,ermanman
228,16862239,MetamorphoseQ,"2026-09-10 03:54:39",0.94637,2,metamorphoseq
229,16815512,ali_abidi_1111,"2026-09-12 14:42:22",0.94637,13,aliabidi2357
230,16814708,maronist,"2026-09-08 01:19:13",0.94637,4,emikonandate
231,16863977,arare-uma,"2026-09-10 05:58:49",0.94637,1,arareuma
232,16798599,"Дворкин Евгений Владимирович","2026-09-12 21:13:59",0.94637,32,evgendvorkin
233,16881292,AryamanSi17,"2026-09-12 21:00:05",0.94637,9,aryamansi17
234,16799609,"Vinay Rai","2026-09-12 15:40:13",0.94637,4,vinay24baghira
235,16817026,kif,"2026-09-12 06:10:22",0.94637,16,echigobran
236,16871172,"Dinidu Rukshan","2026-09-12 14:20:13",0.94637,9,dinidurukshan
237,16808095,kminsher,"2026-09-13 05:58:38",0.94637,13,kminsher
238,16862089,"Electric Weasle","2026-09-09 17:38:51",0.94637,4,electricweasle
239,16800069,wmls^0^okok,"2026-09-09 02:25:20",0.94637,8,kjy666
240,16832950,Fayette77,"2026-09-10 22:48:04",0.94637,6,fflucky
241,16808436,NIklitaCheporev,"2026-09-05 11:09:53",0.94637,18,niklitacheporev
242,16802736,"Joe Young","2026-09-11 22:21:45",0.94636,42,jsphyg
243,16809944,"Brejesh Balakrishnan","2026-09-13 05:44:26",0.94636,5,brejeshbalakrishnan
244,16798678,YoussefSalem_fr,"2026-09-13 05:43:41",0.94636,22,youssefsalemishere
245,16802405,"Toshifumi Komiya","2026-09-13 05:40:19",0.94636,43,toshifumikomiya
246,16839989,awei,"2026-09-11 07:58:26",0.94636,10,awei666
247,16799109,BlamerX,"2026-09-11 09:09:48",0.94636,27,blamerx
248,16832278,hotaq,"2026-09-08 16:51:56",0.94636,13,chinnaphatkhun
249,16807961,"Arivu Chezhiyan","2026-09-08 04:44:24",0.94636,71,"arivuchezhiyan,jeevag2006"
250,16856850,"Jiayi Du","2026-09-08 22:18:04",0.94636,1,jahyee
251,16838710,psychoTKC,"2026-09-12 07:35:55",0.94636,7,psychotkc
252,16847182,"Bitbyte gng","2026-09-12 09:05:04",0.94636,17,"abhiramdarbha,manittiwari,tannna"
253,16798882,Solid,"2026-09-13 04:36:30",0.94636,28,nizhen
254,16854010,"Dank Axon","2026-09-11 14:00:02",0.94636,7,dankaxon
255,16799072,lighth,"2026-09-12 17:27:46",0.94636,3,lighth
256,16861891,"Enrico Silvi","2026-09-09 20:50:33",0.94636,3,enricosilvi
257,16845047,"Rafael Gomes","2026-09-11 20:51:23",0.94636,6,grafael
258,16810884,Vaibhav,"2026-09-08 12:40:19",0.94636,25,vaibhavpatel
259,16841279,"M Who 11","2026-09-09 16:04:47",0.94636,3,mwho11
260,16876094,Nihil1337,"2026-09-12 12:36:35",0.94635,14,nihil1337
261,16867753,Varangians,"2026-09-12 13:27:59",0.94635,16,"rishabhp97,s171004,saachishetty28"
262,16803292,dukka,"2026-09-12 14:30:06",0.94635,42,onurozahioglu
263,16806975,John,"2026-09-05 01:23:22",0.94635,28,john159151
264,16799655,AjayKumar@9391123,"2026-09-09 11:23:19",0.94635,14,ajaykumar9391123
265,16878590,"Shuichiroh Oda","2026-09-13 02:10:11",0.94635,10,shuichirohoda
266,16833268,HIGORMALz,"2026-09-11 01:47:51",0.94635,12,higormalz
267,16805518,"Santiago Maniches","2026-09-11 03:36:21",0.94635,38,santmani
268,16801873,"Evgeny Nevodnich","2026-09-07 22:01:30",0.94635,18,evgenynevodnich
269,16822871,Timass,"2026-09-04 15:24:36",0.94635,11,timmass2
270,16802907,YUYA,"2026-09-06 08:36:34",0.94635,4,yuyaizumikawa
271,16809492,"Mohamed Youssef","2026-09-07 13:43:20",0.94635,20,mhmd1424
272,16810341,datatuu,"2026-09-05 17:00:05",0.94635,21,yaoguang516
273,16805281,SC,"2026-09-08 13:29:11",0.94635,42,ryosketchbook2007
274,16804031,JusteME😅,"2026-09-09 15:42:01",0.94635,17,degnonguidi
275,16844017,"hamdi mohamed","2026-09-07 11:00:26",0.94635,2,hamdimohamed22
276,16806846,"Akhilesh godugu","2026-09-07 17:40:03",0.94635,5,akhileshgodugu
277,16807259,"Manoj L9865988","2026-09-07 11:30:33",0.94635,23,"manojl9865988,navyashettynsagae"
278,16802257,"Asterios Terzis","2026-09-05 20:51:00",0.94635,7,asteriosterzis
279,16879331,aliREZA,"2026-09-12 06:04:36",0.94635,1,afazlik1
280,16833189,DD_AI_Studio,"2026-09-13 00:17:13",0.94634,9,ddaistudio
281,16876372,Ayodeji,"2026-09-12 22:18:39",0.94634,5,ayodejiibrahimlateef
282,16798880,Hermengardo,"2026-09-13 02:53:43",0.94634,47,hermengardo
283,16871224,"padma akash","2026-09-11 08:55:08",0.94634,2,padmaakash
284,16880507,"Omar Mukhtar","2026-09-12 22:42:49",0.94634,10,omarmukhtar3
285,16861090,hailillya,"2026-09-10 15:48:06",0.94634,6,hailillya
286,16826206,"Abiram Bharathi S.A","2026-09-08 10:01:52",0.94634,27,abirambharathisa
287,16809421,yatakeuc,"2026-09-10 12:00:18",0.94634,21,yatakeuc
288,16810297,overwhelmer,"2026-09-05 16:03:39",0.94634,19,overwhelmer
289,16821928,"Akalya Bharathi S A","2026-09-12 15:51:10",0.94634,21,akalyabharathisa
290,16845423,XJHya233,"2026-09-07 20:49:49",0.94633,8,xjhya233
291,16830370,KikET,"2026-09-11 13:09:06",0.94633,8,kikets
292,16832427,ASHML,"2026-09-06 22:31:44",0.94633,9,ashml
293,16846099,"sabbir hossain","2026-09-07 06:29:48",0.94633,1,sabbirhardworker
294,16841650,"Travis Reinart","2026-09-08 23:25:44",0.94633,3,travisreinart
295,16871638,aueurm,"2026-09-11 17:00:01",0.94633,2,aueurm
296,16823643,"Muneeb ul Hassan","2026-09-08 16:08:41",0.94633,7,muneeb2405
297,16808122,Ricky,"2026-09-05 06:06:50",0.94633,9,rickyds97
298,16802602,"ML learner","2026-09-11 13:52:11",0.94633,4,usermaname1
299,16823495,dragoshh1984,"2026-09-08 16:22:38",0.94633,7,dragoshh1984
300,16844525,zqh19991223,"2026-09-07 07:33:10",0.94633,13,zqh19991223
301,16802485,JungHwan,"2026-09-05 07:29:23",0.94633,10,najunghwan
302,16880143,xuechengzou,"2026-09-13 04:51:49",0.94633,3,xuechengzouinkaggle
303,16799720,"Krizsó Gergely","2026-09-09 16:36:55",0.94633,22,lucifer19
304,16802581,AI6102,"2026-09-05 14:46:10",0.94633,8,"liudiandian,lymhhh666"
305,16882597,"Zhihuan Xue","2026-09-12 20:28:09",0.94633,2,xuantianfengwu
306,16823033,coder738,"2026-09-05 02:57:39",0.94633,1,coder738
307,16799336,Souvik_D_Biswas,"2026-09-05 07:57:06",0.94633,2,souvikdbiswas
308,16801472,"Bros 360x","2026-09-05 08:11:09",0.94633,27,"alexander683,bros360x"
309,16805265,"Silvan Müller","2026-09-05 22:21:33",0.94633,7,silvanmller
310,16806089,khgb,"2026-09-08 00:06:21",0.94633,40,khgb123
311,16809986,"Guru Prasaath S","2026-09-06 04:09:06",0.94633,3,guruprasaathas111
312,16839411,"Patrick CHER","2026-09-07 02:38:17",0.94633,20,patrickcher
313,16832827,JeedimetlaCharan213,"2026-09-07 18:24:49",0.94633,5,jeedimetlacharan213
314,16867270,"Triết Nguyễn","2026-09-12 13:52:04",0.94633,18,strayer1337
315,16807684,"Sayaka Kitahara","2026-09-12 12:00:19",0.94632,12,sayakakitahara
316,16798811,sswatari,"2026-09-07 06:37:57",0.94632,18,sswatari
317,16843855,"Sumit Sarkar","2026-09-11 21:37:15",0.94632,6,"csubhradipta,sumitsarkar969,suvagpoddar"
318,16859579,CongNguyenM,"2026-09-09 12:43:24",0.94632,8,congnguyenm
319,16833289,"Alejandro Lopez-Rincon","2026-09-13 00:35:02",0.94631,37,alejandrolopezrincon
320,16842060,"Rob C","2026-09-08 00:54:57",0.94631,4,robertcheah
321,16820895,Sybery_AI,"2026-09-06 21:27:10",0.94631,17,syberyai
322,16839666,"Yash Aswale","2026-09-12 21:01:18",0.94631,7,yashloq779
323,16860307,Araki.rw,"2026-09-12 16:08:41",0.94631,5,arakirw
324,16802764,cigdembal,"2026-09-12 09:54:27",0.94631,32,cigdembaloglu
325,16870733,Jingxiang,"2026-09-11 18:30:17",0.94631,5,jingxiango
326,16841843,"Aadit Agrawal","2026-09-06 04:05:51",0.94630,8,aaditagrawal
327,16833367,"Mihir Argulkar","2026-09-07 08:13:42",0.94630,9,mihirargulkar
328,16798566,Chovy,"2026-09-10 01:00:22",0.94630,20,chovyxu
329,16803816,Santhana,"2026-09-12 08:51:02",0.94630,5,santhanalekshmic
330,16799786,"Nityashmi sharma","2026-09-05 09:11:32",0.94630,20,"hargunsandhu,nityashmisharma"
331,16845576,CHCV,"2026-09-10 11:57:33",0.94630,3,chcvpz
332,16870701,"Võ Xuân Thùy","2026-09-12 14:59:23",0.94630,7,thyvxun
333,16857868,rehubinggao,"2026-09-09 12:26:37",0.94629,7,rehubinggao
334,16808993,"Akiyoshi Kinoshita","2026-09-12 21:53:39",0.94629,6,satokin13m
335,16870060,Hamachi,"2026-09-11 10:12:54",0.94629,5,hamatz
336,16798594,isthereanycode,"2026-09-04 04:21:34",0.94629,30,isthereanycode
337,16804794,avg,"2026-09-10 21:18:04",0.94629,17,alexgagloev
338,16832837,"Marie-Lou Barnaud","2026-09-08 04:17:05",0.94629,5,marieloubarnaud
339,16802740,"Just Code","2026-09-11 15:37:11",0.94628,12,justcode1
340,16830559,guansuo,"2026-09-04 12:11:51",0.94628,1,guansuo
341,16828134,"Younghwan Hwang","2026-09-09 15:00:48",0.94628,8,younghwanhwang
342,16858075,Carter,"2026-09-10 22:46:26",0.94628,6,caca505
343,16805868,"Gaurab Baral","2026-09-04 13:24:59",0.94628,13,itzgauurab
344,16808813,"Muhammet Faruk Erem","2026-09-10 22:48:22",0.94628,25,muhammeterem
345,16844686,Abhinandan,"2026-09-06 22:22:09",0.94628,3,abhi8667j
346,16806230,yukiZ,"2026-09-04 08:21:12",0.94628,3,hideyukizushi
347,16798911,Chiranjeev,"2026-09-06 04:33:06",0.94628,18,abhirajhiwale
348,16832500,"An Pham","2026-09-04 18:40:21",0.94628,8,hoang1711
349,16822664,"Dhruv Tibarewal","2026-09-07 16:24:01",0.94627,5,dhruvtibarewal
350,16877337,"Felipe Figueiredo02","2026-09-11 23:12:43",0.94627,6,felipefigueiredo02
351,16798623,"Evan Arlen Handy","2026-09-04 01:07:17",0.94627,14,evanarlenhandy
352,16805345,彭元彥,"2026-09-02 19:00:00",0.94627,6,pongpong1027
353,16832851,"Selim Akl","2026-09-05 13:22:49",0.94627,7,selimakl
354,16876177,SergioMoras,"2026-09-12 14:29:56",0.94626,6,sergiomoras
355,16798965,"Hussaan Haroon","2026-09-10 15:26:19",0.94626,3,hussaanharoon
356,16798905,"DYLAN GUNAWAN13331","2026-09-02 07:40:21",0.94626,11,dylangunawan13331
357,16806474,"tom c tea","2026-09-13 04:21:52",0.94626,5,tomctea
358,16798795,"(ノ◡ <)","2026-09-09 08:18:13",0.94626,8,nawfeelrahman1124444
359,16865928,"Reda Mountassir","2026-09-10 15:56:52",0.94626,7,"aribaymane61,redamountassir"
360,16819432,"Ali hussien jawad","2026-09-07 17:50:43",0.94626,14,"alihussienjawad,khalidnidawi"
361,16882163,"Oleksii Zhukov","2026-09-13 04:05:24",0.94626,4,zhukovoleksiy
362,16803858,"Elvern Neylmav Tanny","2026-09-02 15:56:27",0.94625,7,elvernneylmavtanny
363,16804076,"Renji Starfall","2026-09-03 15:19:04",0.94625,19,renjistarfall
364,16859512,"Kosuke KUWAHARA","2026-09-10 05:53:36",0.94625,5,kukukucode
365,16818192,"Augustine Williams223","2026-09-03 10:48:34",0.94625,1,augustinewilliams223
366,16801189,Keanan,"2026-09-08 19:39:30",0.94624,4,citerne
367,16811459,GCarnovale,"2026-09-12 14:41:45",0.94624,40,gcarno
368,16828008,"Jayyanth K B","2026-09-09 13:54:18",0.94624,10,jayyanthkb
369,16852781,"Safwan Amin","2026-09-08 17:56:31",0.94624,5,bracu23101281
370,16810087,CaptainNemo,"2026-09-04 17:52:33",0.94624,17,nemokaggler
371,16832136,huohuaya,"2026-09-06 02:13:28",0.94623,5,huohuaya
372,16841605,"Sushmit Deb","2026-09-06 21:55:41",0.94623,5,sushm17
373,16814218,人畜无害,"2026-09-04 02:24:16",0.94623,11,slowmo19
374,16848276,"Cemal Ataş","2026-09-07 19:30:42",0.94623,5,cemalata
375,16799994,"jidong Wu","2026-09-06 11:57:06",0.94622,6,jidongwu
376,16810147,"Roshan Roy","2026-09-06 12:34:06",0.94622,1,roshanroy333
377,16810885,"Gaiar Baimuratov","2026-09-03 16:35:47",0.94622,11,baimuratov
378,16817920,"Juan Oliver","2026-09-12 11:50:39",0.94622,10,juanmaoliver
379,16832041,datarchive,"2026-09-08 16:28:41",0.94622,12,univekqls
380,16823819,"Clark Kitchen","2026-09-05 21:14:12",0.94622,3,clarkkitchen
381,16810511,StephenNedumpally,"2026-09-02 18:06:05",0.94621,1,stephennedumpally
382,16855395,KennyHTW,"2026-09-08 19:58:46",0.94621,6,kennyhtw
383,16799922,"Anhad Mahajan","2026-09-05 18:47:11",0.94621,46,anhadmahajan06
384,16800168,MAT,"2026-09-07 12:23:00",0.94621,15,mehmetanltays
385,16811220,blacksword812,"2026-09-06 21:16:32",0.94621,19,blacksword8192
386,16804847,"Vladimir Demidov","2026-09-13 01:13:25",0.94621,76,yekenot
387,16840877,KLwin,"2026-09-13 05:30:07",0.94621,9,amanmt24013
388,16833018,AsSidiq,"2026-09-05 04:05:41",0.94621,18,assidiq
389,16805721,"Rommel Sharma","2026-09-10 23:19:46",0.94621,11,rommelsharma
390,16803041,nkmr,"2026-09-10 04:34:10",0.94621,18,nicomugilove
391,16838199,"Shishir Adhikari","2026-09-07 15:32:08",0.94621,4,shishiradhikari11
392,16843561,QiYian,"2026-09-06 15:19:25",0.94620,5,uhduih123
393,16798699,ONODERA,"2026-09-04 12:19:14",0.94620,6,onodera
394,16800504,Foxure,"2026-09-03 11:10:26",0.94620,11,foxure
395,16834628,GagePeppers,"2026-09-06 02:47:52",0.94620,6,gagepeppers
396,16806494,"Lam Mo Kit ","2026-09-02 16:29:33",0.94620,3,lammokit
397,16801545,william950615,"2026-09-06 00:14:39",0.94619,21,william950615
398,16847194,"Horikita Saku","2026-09-07 12:28:52",0.94619,3,horikitasaku
399,16870992,"Aaryan Pawar","2026-09-12 17:26:50",0.94619,10,aaryanpawar16
400,16823003,gulfan,"2026-09-12 17:35:17",0.94619,2,gulfan
401,16854719,ILUNOSHA,"2026-09-12 16:21:15",0.94618,36,elu7301
402,16823055,SDA000,"2026-09-13 01:47:46",0.94618,25,sda000
403,16847628,"Kunal Desale","2026-09-12 11:41:25",0.94617,9,kunaldesale2408
404,16808767,"BNBU YUXIANG Jiang","2026-09-12 02:57:14",0.94617,21,yuxiang328
405,16799578,Nenya,"2026-09-07 19:56:28",0.94617,18,nenya17
406,16806696,米津玄師.,"2026-09-08 02:51:19",0.94617,2,useikawa
407,16827911,"Araik Tamazian","2026-09-05 19:03:59",0.94617,13,atamazian
408,16808114,"Gaurav kumar","2026-09-13 02:49:44",0.94617,5,gauravkrsinha
409,16828369,Galza98,"2026-09-04 14:47:02",0.94616,8,galza98
410,16803554,PavelLiashkov,"2026-09-03 11:12:12",0.94616,4,bigbag1983
411,16798810,kava1,"2026-09-13 05:19:15",0.94616,54,kava1
412,16832829,"Ishan Raj","2026-09-06 10:43:14",0.94616,3,mightyjiraiya
413,16799209,Rakhansyah,"2026-09-05 19:23:42",0.94616,12,rakhansyah
414,16841654,HananFish,"2026-09-07 15:36:23",0.94616,6,hananfish
415,16808616,"amaury lc","2026-09-02 14:53:32",0.94615,3,amaurylc
416,16828109,sanny0605,"2026-09-13 03:57:45",0.94615,86,sanny0605
417,16800040,"Fabien Roduit","2026-09-13 00:36:23",0.94615,4,kamiryu
418,16821052,"Adama Traore","2026-09-03 20:21:28",0.94615,10,adamstra
419,16828042,add_mul,"2026-09-05 05:24:00",0.94615,7,addmul
420,16799154,"Kodai Fukuda","2026-09-12 16:25:15",0.94615,31,kodaifukuda0311
421,16848214,insunglee0818,"2026-09-08 03:03:07",0.94615,5,insunglee0818
422,16832614,Markus.JM,"2026-09-04 23:25:42",0.94615,4,maiernator
423,16807530,falsenine,"2026-09-11 00:10:35",0.94614,5,koheishima
424,16877292,"Hamza Zulfiqar","2026-09-12 18:07:32",0.94614,2,rhamzazulfiqarj
425,16799125,"M. Syahrindra","2026-09-12 11:14:32",0.94614,10,mochammadsasuharno
426,16823625,"Varadaraj Borkar","2026-09-08 04:03:51",0.94614,14,varadarajborkar
427,16845056,"Siddharth Patel","2026-09-11 19:58:11",0.94614,2,siddhugp
428,16843709,"Azmat Hussain","2026-09-07 16:34:58",0.94614,2,ahussai
429,16798866,"Huzaifa Mankda","2026-09-08 17:53:18",0.94614,16,huzaifa242
430,16842110,nick.ai007,"2026-09-10 07:11:29",0.94614,6,nickai007
431,16805359,rampichino,"2026-09-03 16:18:36",0.94613,3,alfreale
432,16862332,"Jaded Llama","2026-09-12 16:40:00",0.94613,3,jadedllama
433,16811853,"SOUSSOU Koffi Désiré","2026-09-10 09:34:09",0.94613,11,soussoukoffidsir
434,16811838,caiguoneng,"2026-09-03 09:27:13",0.94612,5,caiguoneng
435,16798804,"Kazuhiro Masuyama","2026-09-13 03:16:32",0.94612,51,kazuhiromasuyama
436,16814987,"Zihan Ni","2026-09-06 06:03:35",0.94612,6,lunangai
437,16814410,"Khara Han","2026-09-04 06:02:26",0.94612,13,"kharahan,zavierchen"
438,16802551,"Anurag Goyal","2026-09-03 11:46:30",0.94612,6,anuraggoyal2203
439,16838761,Wakabourne,"2026-09-12 08:32:07",0.94612,2,wakabourne
440,16839884,"MN Kaggler","2026-09-12 16:52:23",0.94612,14,mnkaggler
441,16843671,Soni-KR,"2026-09-07 19:25:39",0.94612,6,mouradkraiem
442,16802312,BIZEN250,"2026-09-04 07:48:36",0.94612,11,bizen250
443,16808556,"Ali Ghandi","2026-09-05 09:40:43",0.94611,9,aligh474
444,16823110,"Jan Fidor","2026-09-04 14:58:47",0.94611,19,janfidor
445,16847020,SudoShellz,"2026-09-08 04:01:06",0.94611,3,taryncampbell
446,16883171,bliutech,"2026-09-13 05:57:06",0.94611,6,bliutech
447,16877284,"Azamat Sadikov","2026-09-11 22:52:54",0.94611,1,azamatsadikov
448,16808265,IOE,"2026-09-05 12:39:27",0.94611,8,s1teko
449,16822859,Jeeva2470041,"2026-09-04 04:49:13",0.94611,8,jeeva2470041
450,16822442,rootxhacker,"2026-09-04 03:38:10",0.94611,3,rootxhacker
451,16841762,wis-smec,"2026-09-07 04:23:35",0.94611,6,wissmec
452,16839145,"Eshan Mehendale","2026-09-06 18:37:34",0.94610,3,eshanmehendale
453,16811109,DaTaro,"2026-09-12 10:34:20",0.94610,6,starokes
454,16826089,Dule@11,"2026-09-04 18:44:32",0.94610,7,dule11
455,16847483,"StrGenIx | Laurens D'hooge","2026-09-07 11:52:20",0.94610,5,dhoogla
456,16827807,"Alpay Abbaszade","2026-09-06 17:23:37",0.94610,12,alpayabbaszade
457,16801950,haukesteffen,"2026-09-12 11:22:17",0.94610,10,haukesteffen
458,16806364,"Matthew Y","2026-09-02 20:54:44",0.94610,4,cidkardi
459,16824050,"Karam Khasawneh","2026-09-04 14:47:51",0.94609,7,karamkhasawneh
460,16809375,adamdavis99,"2026-09-11 15:50:02",0.94609,4,adamdavis99
461,16809829,"Tatsuya Aramaki","2026-09-10 04:21:41",0.94609,9,tatsuyaaramaki
462,16799882,"Ákos Pintér","2026-09-12 14:50:30",0.94609,100,kospintr
463,16808782,"Semih Temiz","2026-09-03 21:07:00",0.94609,7,semhtemiz
464,16832242,"Pranjal Verma","2026-09-06 07:08:27",0.94609,2,pranjalverma08
465,16817747,"Olatide Bolaji","2026-09-05 20:27:14",0.94609,20,olatidebolaji
466,16802205,"Paul Shelby","2026-09-04 11:13:37",0.94609,14,paulshelby
467,16798730,"K.THARUN KUMAR","2026-09-10 18:45:45",0.94609,12,tharunkumar369
468,16802403,noam,"2026-09-03 18:10:34",0.94608,4,noamdwc
469,16799565,"Lâm Huy","2026-09-05 12:35:42",0.94608,15,lamhuy8904
470,16802720,shimizuYY,"2026-09-13 01:37:51",0.94608,20,shimizuyy
471,16799543,Finezza,"2026-09-12 15:01:17",0.94608,13,finezza
472,16798802,W-Bruno,"2026-09-03 23:49:46",0.94608,15,haoqiangzheng
473,16855391,Crystal2006,"2026-09-12 02:40:24",0.94607,6,crystal2006
474,16843189,캐글리언,"2026-09-11 16:06:51",0.94607,8,kaglerian
475,16805741,"NextAura AI _ ZU","2026-09-02 08:09:58",0.94607,7,mohandabuayyash1
476,16806584,"Nithin maktha","2026-09-02 05:40:13",0.94607,1,makthanithin
477,16811749,zane666,"2026-09-05 03:40:08",0.94607,2,zane666
478,16804378,"Özgür Berke Akyol","2026-09-05 09:21:27",0.94606,13,ozgurba
479,16855316,"Jaskaran Singh","2026-09-09 18:40:22",0.94606,8,jaskaran20306
480,16811769,lyagushkerr,"2026-09-07 08:18:23",0.94606,7,lyagushkerr
481,16857742,CalebSChen,"2026-09-11 05:53:51",0.94606,15,calebschen
482,16863351,"GeunMo Yi","2026-09-13 04:11:37",0.94606,11,geunmoyi
483,16802938,Maxim,"2026-09-04 03:05:16",0.94605,5,ektarr
484,16803921,"Mohammed Rajaa","2026-09-03 09:54:55",0.94605,9,mohammedrajaa
485,16858537,VC4,"2026-09-10 22:42:03",0.94605,7,luckyvc
486,16827164,wangxt1,"2026-09-04 08:19:48",0.94605,3,wangxt1
487,16799086,LULU,"2026-09-07 14:21:01",0.94605,13,"luluwenhaolulu,qingwending"
488,16842490,"AYi GUO","2026-09-08 08:42:39",0.94604,5,ayiguo
489,16838407,"Srivatsav Kannan","2026-09-05 13:16:28",0.94603,4,srivatsavkannan
490,16803000,destroyer@123787,"2026-09-03 18:41:24",0.94603,2,destroyer123787
491,16802789,DinCaus,"2026-09-12 20:42:35",0.94602,35,dincaus
492,16822718,Hoaivo,"2026-09-03 17:03:13",0.94602,3,hoaivo
493,16811462,really?,"2026-09-07 15:31:10",0.94602,4,udaken10
494,16855993,"L & R","2026-09-11 08:00:03",0.94602,10,"lucasgroot,robkraseu"
495,16859333,"raghad alsaqqa","2026-09-10 13:20:07",0.94601,5,raghadalsaqqa
496,16802466,chenshiyo,"2026-09-09 10:30:54",0.94601,5,chenshiyo
497,16802712,"Michael Y. Qiu","2026-09-04 14:37:04",0.94601,3,michaelqiu0606
498,16853299,"Artem Deviatov","2026-09-08 12:55:58",0.94601,4,f12s3d45s6
499,16802898,"Dennis SH Lai","2026-09-13 01:38:57",0.94601,11,dshihlai
500,16839321,shenjj02,"2026-09-07 03:08:33",0.94600,2,shenjj26
501,16802759,"Georgios Nikolitsis","2026-09-10 17:21:16",0.94600,45,gnikolitsis
502,16869716,Jonaid,"2026-09-12 14:24:56",0.94599,12,jonaidshianifar
503,16843958,Rohan,"2026-09-12 17:45:57",0.94599,9,mathleteutd
504,16839121,WIKXY,"2026-09-10 07:54:33",0.94598,13,beneththeskin
505,16799748,"Komil Parmar","2026-09-02 07:07:08",0.94598,4,komilparmar
506,16857433,"Francisco Sánchez","2026-09-11 00:52:37",0.94598,4,fransafu
507,16798976,"Sadam Torres","2026-09-04 03:04:21",0.94598,8,sadamtorres
508,16848057,"Yunus Dermencioglu","2026-09-07 13:23:55",0.94597,2,yunusdermencioglu
509,16833371,"Irkan Alfa","2026-09-05 17:33:19",0.94597,2,irkanalfaraji
510,16861514,"Yanwei Lu","2026-09-11 10:37:22",0.94597,5,yanweilu
511,16853538,Keychain,"2026-09-08 15:26:41",0.94597,4,tomoki1126
512,16802350,"shankar lal","2026-09-01 22:09:48",0.94597,4,shankar3234
513,16829820,tkdndgus,"2026-09-05 17:27:31",0.94597,5,tkdndgus
514,16805458,Herohito,"2026-09-10 01:57:34",0.94596,5,aangphurba
515,16804933,hypecoef,"2026-09-06 15:13:02",0.94596,10,pieego
516,16806112,"Dariush Afshar","2026-09-04 03:08:33",0.94596,10,dariushafshar
517,16806707,"Bissultanov Yernar","2026-09-07 06:53:50",0.94596,3,deasoffice
518,16802382,rockyhg,"2026-09-13 00:43:12",0.94596,10,rockyhg
519,16811538,treflow,"2026-09-03 18:43:36",0.94595,3,treflow
520,16803260,Kareem,"2026-09-08 17:44:58",0.94594,3,kareemmourad
521,16845916,"Toshihiro Noguchi","2026-09-07 11:57:56",0.94594,2,toshihironoguchi
522,16852863,ooooosik,"2026-09-09 07:55:22",0.94593,3,ooooosik
523,16803203,oliver,"2026-09-11 19:40:46",0.94593,27,oliverlang
524,16798792,Allan,"2026-09-11 05:32:54",0.94593,3,bayntuna
525,16859100,"Youzhe Yang","2026-09-09 15:31:16",0.94593,4,youzheyang
526,16802848,Soham,"2026-09-04 18:18:48",0.94592,5,soham308
527,16823555,"Bulşah Keçici","2026-09-12 08:59:32",0.94592,2,bulsahkecici
528,16806170,"Lamaq and Nastija","2026-09-10 19:01:23",0.94591,10,"lamaqdahodwala,nastijakalugina"
529,16867748,"Shohinur Pervez Shohan","2026-09-10 18:45:16",0.94591,3,shohinurpervezshohan
530,16805381,taiseiu,"2026-09-01 21:23:42",0.94591,2,taiseiu
531,16798899,"Chekhlov Dmitrii","2026-09-06 15:31:43",0.94591,2,zoli800
532,16842839,"Hyunil Yoo","2026-09-08 10:52:32",0.94591,4,hyunil91
533,16812064,"Liu Classmate","2026-09-09 04:29:41",0.94591,10,liuclassmate
534,16878061,GarrieD,"2026-09-13 01:07:17",0.94590,3,garried
535,16799371,"Rugved Bane","2026-09-10 17:47:57",0.94590,15,rugvedbane
536,16833405,islet,"2026-09-12 09:57:44",0.94590,6,kojimar
537,16858255,Wheeler,"2026-09-10 22:44:48",0.94589,6,wh1111
538,16820017,"Mika SHNHR","2026-09-13 02:52:54",0.94589,8,mikashnhr42261
539,16823630,"Ayoola Okunlola","2026-09-07 18:54:39",0.94589,4,ayoolaokunlola
540,16804907,jvachier,"2026-09-11 20:24:15",0.94589,10,jvachier
541,16811916," Lưu Khải Hưng","2026-09-10 04:57:00",0.94589,5,lukhihng
542,16870705,kimzaiyi1,"2026-09-11 05:49:13",0.94589,2,kimzaiyi1
543,16877475,OW,"2026-09-12 04:10:40",0.94588,2,oscarwei
544,16811904,"Hưng Lưu","2026-09-10 03:57:22",0.94588,7,yahhngliu
545,16798828,AbdullahSafwan333,"2026-09-09 06:20:31",0.94588,9,abdullahsafwan333
546,16809469,"Yusuf Ömer Erem","2026-09-04 19:45:11",0.94587,3,yusuferem
547,16798628,"Makoto Furukawa","2026-09-10 01:07:03",0.94587,16,makotofurukawa
548,16808814,kouchan,"2026-09-13 02:23:48",0.94587,11,kouchan0104
549,16839118,"Julien Heiduk","2026-09-10 22:37:32",0.94586,28,zoupet
550,16832257,Jack,"2026-09-11 14:20:23",0.94585,11,jackg12345
551,16860127,"Jeffery Mei","2026-09-09 16:41:17",0.94584,6,callmejeffery
552,16848251,Bxckwood,"2026-09-07 21:27:52",0.94584,6,bxckwood
553,16865509,Danush_Kalyan,"2026-09-12 16:52:06",0.94584,8,danushkalyan
554,16799691,Ern711,"2026-09-10 23:04:51",0.94583,5,ern711
555,16871875,"Oliver Kinch","2026-09-11 12:56:34",0.94583,2,oliverkinch
556,16854218,"Filip Martinek","2026-09-08 21:49:16",0.94583,1,filipmartinek
557,16824071,永井松太郎,"2026-09-09 11:36:43",0.94582,8,nattomann
558,16815449,Boltuzamaki,"2026-09-03 08:31:19",0.94581,2,boltuzamaki
559,16808670,"Dr Anil Kumar Dubey","2026-09-06 06:09:29",0.94580,8,dranilkumardubey
560,16851695,qianyuatkaggle,"2026-09-08 05:02:26",0.94580,1,qianyuatkaggle
561,16839860,NynsenFaber,"2026-09-05 14:56:15",0.94579,2,nynsenfaber
562,16807881,Amaranta,"2026-09-04 03:53:18",0.94579,6,ulyanovantonamaranta
563,16804363,GurSimran,"2026-09-11 16:55:06",0.94579,11,gurseeon
564,16876087,"Zhu Lin Ch'ng","2026-09-12 12:12:26",0.94579,5,czlcode
565,16800025,"Ömer Faruk Tekin","2026-09-12 12:25:56",0.94579,3,faruktekin
566,16802421,"Ryotaro Minato","2026-09-06 14:53:20",0.94579,3,ryotarominato
567,16809871,"Rimba Erlangga","2026-09-06 19:31:07",0.94578,39,rimbax
568,16799657,Akritas,"2026-09-02 11:43:24",0.94577,6,akritas
569,16822226,"Hande  Nur Uygun","2026-09-05 22:55:27",0.94577,13,handeuygun
570,16808288,hundun,"2026-09-04 16:25:44",0.94577,23,zhongh4oyang
571,16809558,"Ricardo Pereira","2026-09-04 15:54:14",0.94576,4,rjopereira
572,16832833,"Corbett Austin","2026-09-04 22:32:07",0.94575,2,corbettaustin
573,16805339,"Nikhil Fotedar","2026-09-06 17:24:33",0.94574,5,nikhilfotedar
574,16858585,"Abdul Manan","2026-09-09 20:53:09",0.94574,9,abdulmanankhalid
575,16804406,dangwok,"2026-09-08 14:38:12",0.94574,2,josephdongwookkim
576,16881904,"Lmntrix Ace","2026-09-12 18:07:28",0.94572,2,lmntrixace
577,16847043,YeFeng311@outlook.com,"2026-09-08 06:16:05",0.94572,3,yefeng311outlookcom
578,16805739,"Gerald Schwartz","2026-09-03 13:36:16",0.94572,1,geraldschwartz
579,16856313,"Julianno Rogery","2026-09-09 12:43:34",0.94571,1,juliannorcs
580,16800431,NatSwamin,"2026-09-04 10:44:04",0.94571,4,natswamin
581,16803133,TBRTRL,"2026-09-13 01:12:16",0.94571,70,tbrtrl
582,16801062,tuannm3812,"2026-09-04 13:12:35",0.94570,7,tuannm3812
583,16805798,"Tys TANA","2026-09-03 00:31:14",0.94570,2,tystana
584,16822923,UnfriendlyAI,"2026-09-04 18:51:17",0.94570,10,unfriendlyai
585,16823682,"Shantanu Chopra","2026-09-04 12:30:37",0.94569,2,shanchp
586,16823623,"Jocelyn Dumlao","2026-09-07 10:33:39",0.94569,2,jocelyndumlao
587,16805454,"Nishant Dhingra","2026-09-03 05:33:37",0.94568,10,nishantdhingra
588,16879072,"Arpit Jain","2026-09-12 04:50:31",0.94568,1,arpitjain5
589,16843240,"William Gladston","2026-09-11 16:26:42",0.94567,1,williamgladston
590,16866069,"ROU Senghak","2026-09-10 11:54:40",0.94567,1,rousenghak
591,16880417,Dazai_is_not_here,"2026-09-13 03:51:46",0.94566,7,minmattral
592,16838804,None,"2026-09-07 06:10:05",0.94566,3,mdmorshalinemojumder
593,16839769,WUGAWUGA2,"2026-09-07 11:04:29",0.94565,3,wugawuga2
594,16805565,Guenoir,"2026-09-09 03:33:04",0.94565,12,joshuamichael15
595,16841283,"Black Scholes","2026-09-06 09:17:04",0.94564,3,blackscholz
596,16881094,remi_hr,"2026-09-12 15:19:42",0.94562,2,remihrf
597,16862572,"William Bickelmann","2026-09-12 21:51:44",0.94561,5,williambickelmann
598,16809884,"Water ground","2026-09-13 03:23:26",0.94561,28,kyumoto
599,16841643,amiakar,"2026-09-06 01:51:26",0.94560,2,amiakar
600,16862981,"Roberto Zanaboni","2026-09-12 20:25:26",0.94560,7,robertozanaboni
601,16841803,JasonDTao,"2026-09-13 02:18:25",0.94559,5,jasondtao
602,16839897,kenchanhodgkin,"2026-09-09 15:14:26",0.94558,6,kenchanhodgkin
603,16840555,coffeffe,"2026-09-07 20:52:41",0.94557,11,"coffeffe,vatereal"
604,16865368,F1star,"2026-09-13 05:53:57",0.94557,2,fistar
605,16852584,InfernoTK,"2026-09-08 22:33:07",0.94557,2,infernotk
606,16848318,"Nathan Jacob","2026-09-08 12:49:03",0.94556,4,nathanjacob
607,16802998,"Yoongdoo Noh","2026-09-11 11:00:23",0.94555,39,yoongdoonoh
608,16881846,SuperDubby,"2026-09-12 17:04:29",0.94553,10,superdubby
609,16853269,"Qiao Ke","2026-09-08 08:43:55",0.94553,1,bridgekk
610,16832502,"Mohamed Alaa Elboraay","2026-09-04 18:31:11",0.94552,1,mohamedalaa10
611,16810302,Tathagata_Ghosh_03,"2026-09-06 18:32:23",0.94549,7,tathagataghosh03
612,16803413,"Kanish Paul","2026-09-01 17:02:01",0.94549,1,kanishpaul
613,16841337,JeeHyungKim,"2026-09-08 23:04:35",0.94548,7,wilshercky
614,16828514,"Trọng tâm Nguyễn","2026-09-04 10:18:27",0.94548,1,trngtmnguyn
615,16807946,"Supanat Khaodhiar","2026-09-04 11:47:27",0.94547,1,supanatkhaodhiar
616,16839908,"Mehran Kazeminia","2026-09-13 00:04:34",0.94546,27,mehrankazeminia
617,16881623,Wei,"2026-09-13 01:08:05",0.94545,3,wwang200
618,16854103,"Yan Slabodich","2026-09-09 12:28:15",0.94544,3,yanskij
619,16798898,"David Guzzi","2026-09-12 00:33:04",0.94544,5,davidguzzi
620,16806870,"nikolaou nikolaou","2026-09-04 06:26:11",0.94542,3,nikolaounikolaou
621,16850553,"Mark Barney","2026-09-07 22:27:45",0.94542,2,markbarney
622,16839364,"loai fahman","2026-09-12 21:21:24",0.94541,6,loaifahman
623,16830537,NikitaChubai,"2026-09-11 09:41:44",0.94541,1,nikitachubai
624,16799819,"alex chilton","2026-09-01 20:03:54",0.94540,5,alexchilton
625,16802997,K.Takahashi-1986,"2026-09-07 13:53:07",0.94540,5,ktakahashi1986
626,16836084,"Ashok Gaire","2026-09-05 03:36:45",0.94539,1,ashokgaire
627,16810797,"Bhavagna Nagisetti","2026-09-11 21:13:29",0.94538,1,bhavagnanagisetti
628,16803077,"Arizal Muluk","2026-09-12 15:01:29",0.94537,20,arizalfirdaus123
629,16802845,Pyeonggi,"2026-09-02 14:34:39",0.94533,11,pgkim42
630,16880836,ManasviniAnand,"2026-09-12 11:24:42",0.94532,1,manasvinianand
631,16810831,"Mohsen Shahbazi","2026-09-05 18:10:35",0.94531,4,mohsenshahbazi
632,16798829,"Tian Yan666","2026-09-08 19:21:39",0.94531,8,tianyan666
633,16829821,"Raghav Agrawal","2026-09-05 11:15:38",0.94528,18,raghagra
634,16799457,Akahachi,"2026-09-09 05:49:43",0.94527,5,wordcards
635,16844031,"Hansen Zhong","2026-09-06 21:03:52",0.94525,3,onegameonedream
636,16844149,"Neha Jha","2026-09-11 12:17:36",0.94524,1,jhaneha18
637,16802895,kazkod,"2026-09-05 13:03:36",0.94515,1,kazkod
638,16799681,S-as-H,"2026-09-11 10:32:37",0.94514,44,sasha1111
639,16848429,"Alejandro Gonzalez","2026-09-09 06:12:20",0.94510,2,alejandroglzzap
640,16847933,weichy7,"2026-09-08 02:52:35",0.94510,4,weichy7
641,16841856,tyuyoshi,"2026-09-12 11:09:36",0.94508,2,hasegawatsuyoshi
642,16806527,Tsubasa_00,"2026-09-02 07:40:23",0.94506,1,tsubasa00
643,16799031,Ye,"2026-09-11 10:19:47",0.94503,6,gimgoon
644,16859470,"Kun J.WANG","2026-09-09 15:52:38",0.94501,2,kunjwang
645,16806639,luochen211,"2026-09-02 06:49:48",0.94501,3,luochen211
646,16800792,PeterGrundell,"2026-09-10 05:54:53",0.94501,24,petea2z
647,16799137,dengyufei,"2026-09-08 16:13:39",0.94500,39,dengyufei666
648,16799068,"river August","2026-09-03 02:50:16",0.94498,6,riveraugust
649,16809396,wcwswswws,"2026-09-12 13:16:58",0.94495,29,wcwswswws
650,16828094,兄弟陪我同甘共苦，我就变同甘苦兄弟,"2026-09-12 11:40:57",0.94494,22,"typh0000n,yuanzhihao030605"
651,16809336,"Sreejit Pradhan","2026-09-08 11:23:29",0.94494,12,sreejitpradhan
652,16828069,Soham7,"2026-09-08 14:30:35",0.94493,3,sohamsavalekar
653,16830291,"Hajime Kumami","2026-09-05 00:34:29",0.94492,1,hajimekumami
654,16801847,QuedboX,"2026-09-05 13:17:15",0.94491,5,asdfassdf
655,16798598,"Trish Cornelissen","2026-09-06 15:39:29",0.94487,47,tcspecialist
656,16831227,Marton,"2026-09-05 08:59:35",0.94484,3,martonfuck
657,16802777,"S Aishvarya","2026-09-05 13:32:13",0.94482,7,saishvarya
658,16800002,Async,"2026-09-13 02:34:40",0.94480,45,k1y0sh1
659,16805197,"Atharva Parab","2026-09-05 04:20:11",0.94480,12,atharvaparab
660,16807971,casati8,"2026-09-08 10:05:40",0.94474,8,casati8
661,16861800,蛤密呱,"2026-09-13 05:13:57",0.94471,11,strengle2357
662,16798836,"Wei Hsiang Lin111","2026-09-11 01:06:14",0.94471,17,weihsianglin111
663,16862526,"Javier Hernáez","2026-09-11 18:55:51",0.94470,3,javierhernaez
664,16798937,"Nirmal Patel","2026-09-02 07:16:28",0.94470,4,nirmalpatel02
665,16806120,"Koh Saito","2026-09-03 16:16:24",0.94468,6,kohsaito
666,16832333,"Karan Tanshukh","2026-09-04 17:20:05",0.94468,1,karantanshukh
667,16829258,cherish_zhang,"2026-09-10 07:28:34",0.94462,4,cherishzhang
668,16808989,"Mohammad Alnajdawi","2026-09-02 14:59:44",0.94462,3,mohammadalnajdawi
669,16861663,"Ali Uysal","2026-09-11 12:57:18",0.94461,2,aliuysal11111
670,16854740,lizh2025,"2026-09-09 13:23:06",0.94459,3,lizh2025
671,16801808,"Mahabub Hasan Mamun","2026-09-10 20:41:46",0.94455,8,mahabub001cs
672,16807903,"Utkarsh Agrawal","2026-09-04 15:55:32",0.94455,3,n0va007
673,16798600,"Busya PRIME","2026-09-06 21:50:05",0.94453,7,busyaprime
674,16808743,"Mehmet Sami Boz","2026-09-04 14:37:33",0.94452,24,mehmetsamiboz
675,16843980,"Shengwei Lu","2026-09-12 21:44:15",0.94452,1,shengweilu
676,16808128,Yangzhenyu,"2026-09-02 09:33:47",0.94451,2,rubyq0v0p
677,16810539,"Oleg Zagorulko","2026-09-02 19:00:12",0.94451,1,altersystem
678,16799920,"Aloe moon","2026-09-04 20:10:14",0.94451,4,aloemoon
679,16799947,"OJO EMMANUEL","2026-09-09 15:14:47",0.94450,18,ojoemmanuelnifemi
680,16846751,jimmy5566,"2026-09-09 07:36:16",0.94449,4,jimmy5566
681,16804877,"Code by Nadiia","2026-09-11 12:45:11",0.94447,12,codebynadiia
682,16823835,kakuteki,"2026-09-04 08:25:25",0.94447,1,kakuteki
683,16802480,"Владислав Мурник","2026-09-09 11:55:18",0.94447,7,adik23twhrs
684,16805449,"amirhossein karimiee","2026-09-13 04:25:14",0.94446,7,amirhosseinkarimiee
685,16839516,恵輔平川,"2026-09-11 14:39:53",0.94445,14,hirakawa0k
686,16799549,"Avinash Maurya","2026-09-02 14:21:26",0.94444,5,avinash2009
687,16848519,"Ubeen Sim","2026-09-08 12:22:00",0.94444,4,ubeensim
688,16848583,"haru fuji","2026-09-11 16:44:54",0.94443,8,harufuji
689,16813886,"Animesh Kumar","2026-09-12 09:09:53",0.94441,4,animeshuit98
690,16852156,OneduckOneduck,"2026-09-09 04:27:33",0.94441,7,oneduckoneduck
691,16866310,"Vishal Khomane","2026-09-11 09:58:40",0.94436,1,vishal567
692,16845940,"Yug Parikh","2026-09-07 08:51:42",0.94436,2,yugparikh
693,16861020,"VIKASH YADAV","2026-09-11 14:18:53",0.94427,6,vikashyadav05
694,16838684,"Prathamesh Mistry","2026-09-08 20:21:34",0.94426,2,prothomeshmistry
695,16841870,"Yamin Hossain","2026-09-06 05:04:33",0.94425,1,yaminh
696,16858661,Vishwa,"2026-09-12 16:31:16",0.94424,4,rv1922
697,16826494,"Justine Lopez","2026-09-07 15:26:51",0.94423,6,justinelopez
698,16814215,PrabhatAgnihotri,"2026-09-11 04:04:02",0.94423,21,prabhatagnihotri
699,16807114,jdw0899,"2026-09-12 11:12:32",0.94423,3,jdw0899
700,16877532,RodneyV,"2026-09-12 08:10:47",0.94418,6,mamkwebu
701,16849473,"Bobby Clare","2026-09-08 11:33:02",0.94416,1,bobbyclare
702,16848171,Satsujinngahara,"2026-09-13 05:09:26",0.94410,2,satsujinngahara
703,16841215,"Deepak #2","2026-09-06 10:03:37",0.94410,3,deepakup85
704,16820576,"Kuba Kościan","2026-09-10 19:49:50",0.94406,26,kubakocian
705,16863006,"Oleksandr Barskyi","2026-09-09 22:24:27",0.94401,2,oleksandrbarskyi
706,16881329,"Den Pugovkin","2026-09-12 19:43:00",0.94400,7,denpugovkin
707,16865334,Rohitt_94,"2026-09-12 15:35:33",0.94400,7,rohitt94
708,16839520,"Srishanth Sriramula","2026-09-05 12:41:21",0.94397,1,srishanthsriramula
709,16831000,nobuya,"2026-09-12 15:33:38",0.94396,36,kakiginobuya
710,16862236,_v_sneha2002,"2026-09-09 18:54:48",0.94394,4,vsneha2002
711,16809850,"Minghao Xia","2026-09-05 05:54:20",0.94393,3,minghaoxia
712,16845714,Joey,"2026-09-09 15:24:09",0.94392,16,joeyb114020045
713,16845174,"Dren Hakaj","2026-09-09 12:03:26",0.94392,13,drenhakaj
714,16808218,"Asmita Khaitan","2026-09-09 09:38:57",0.94391,14,khaitanasmita
715,16813612,"RISHU RAJ","2026-09-03 20:38:04",0.94391,4,rishi412
716,16842192,"Daksh Lamba","2026-09-12 18:08:00",0.94388,2,dakshlamba
717,16803548,AndyL,"2026-09-02 21:36:38",0.94388,4,androidl
718,16803089,"Bogdan Doicin","2026-09-12 12:33:08",0.94387,48,bogdandoicin
719,16799984,"Erwin Huizenga","2026-09-11 17:34:13",0.94385,44,erwinh
720,16800519,"Alibay Alili","2026-09-09 18:01:51",0.94378,5,alibay
721,16798635,"Cengiz Gurel","2026-09-09 22:45:37",0.94376,2,cengizgurel
722,16856903,"Roko Torbarina","2026-09-08 23:46:05",0.94376,2,rokotorbarina
723,16857729,rejk,"2026-09-09 05:17:25",0.94368,9,rejk11
724,16827183,asterask,"2026-09-07 08:31:01",0.94367,5,cherrycokecero
725,16840715,"SaiPrasanth S Naidu","2026-09-13 05:12:20",0.94365,8,saiprasanthsnaidu
726,16831054,LYH2401,"2026-09-10 16:00:35",0.94364,3,lyh2401
727,16840184,02,"2026-09-06 14:54:18",0.94361,1,avik090
728,16804786,"Pravin Takpire","2026-09-08 04:50:55",0.94361,2,pravintakpire
729,16844490,"Ibrahim Amoo","2026-09-09 10:11:28",0.94359,3,ibrahimamoo
730,16858945,"thuan nguyen159","2026-09-09 10:51:38",0.94358,4,thuannguyen159
731,16831018,"Mir Abir Hossain","2026-09-04 20:05:15",0.94357,4,mirabirhossain
732,16868781,"Srujan Nyamagoud","2026-09-11 03:04:09",0.94353,1,srujannyamagoud
733,16818074,VnHGTBoy,"2026-09-03 12:53:31",0.94350,7,vnhgtboy
734,16808168,Corruptors,"2026-09-02 11:22:21",0.94347,2,corruptors
735,16822952,tespip,"2026-09-08 11:29:42",0.94340,1,tespip
736,16798565,"Gaurav Dutta","2026-09-06 00:43:41",0.94340,23,gauravduttaiiitb
737,16798789,Shailesh,"2026-09-12 14:33:54",0.94338,3,shailesh5430
738,16799875,"Siddhu Jaykay","2026-09-02 12:14:21",0.94334,5,siddhujaykay
739,16798825,"Jason Lam","2026-09-11 06:03:55",0.94332,43,jlam83
740,16798809,yanyyyzt,"2026-09-08 14:04:44",0.94330,11,yanyyyzt
741,16803933,001eander,"2026-09-03 00:27:11",0.94329,2,o01eander
742,16852777,"Göktürk Çolak","2026-09-12 08:06:27",0.94329,15,gokturkcolak
743,16852305,RainbowC0,"2026-09-11 14:00:42",0.94329,10,wenyezhou
744,16871309,Xoz17,"2026-09-12 13:54:07",0.94327,11,ajay990
745,16827628,"Arisa Fukuda","2026-09-09 09:06:14",0.94326,3,arisafukuda
746,16860056,"pranay gaurav","2026-09-09 19:53:14",0.94325,1,pranaygaurav
747,16837657,"Ashton Peng","2026-09-12 22:34:11",0.94324,21,ashtonpeng
748,16804647,"NAMAN TRISOLIYA","2026-09-03 13:52:52",0.94320,10,namantrisoliya
749,16805784,"Andrew Tang","2026-09-04 07:04:39",0.94320,9,andrewtangg
750,16847849,"ROHAN Exploit","2026-09-07 14:22:15",0.94320,2,rohanexploit
751,16840369,Jeremy,"2026-09-05 16:34:41",0.94313,2,jeremybetz
752,16868144,"firat yavas","2026-09-11 14:21:00",0.94312,2,firatyavas
753,16809093,yanis_lou,"2026-09-02 12:24:28",0.94304,10,yanislou
754,16812070,"Shuta Takano","2026-09-11 10:45:08",0.94298,4,shutatakano
755,16808083,"Jerónimo Paiva","2026-09-02 20:48:21",0.94297,1,jernimopaiva
756,16801664,ZAOUI_Yassine,"2026-09-11 14:43:30",0.94297,27,zaouiyassine
757,16799128,DuDuDu0,"2026-09-12 07:36:43",0.94295,8,dududu0
758,16802434,"Arko Bera","2026-09-08 11:24:04",0.94294,1,cartoonistbeard
759,16840941,Daeren,"2026-09-06 12:50:55",0.94291,1,daeren
760,16799978,"Kian Maghsoodi","2026-09-04 19:17:55",0.94286,6,kizmodo
761,16867614,"Davi Méaille","2026-09-11 09:11:32",0.94286,4,davimaille
762,16845815,change167,"2026-09-09 13:04:51",0.94285,7,change167
763,16833479,pp,"2026-09-06 23:34:54",0.94284,1,refrigerator21
764,16799878,"Hữu Bình Nguyên Nguyễn","2026-09-08 03:36:48",0.94282,20,hubnhnguynnguyn
765,16842740,"Mykyta Terentiev","2026-09-09 16:05:19",0.94282,2,mykytaterentiev
766,16800246,"ARIFUDDIN R","2026-09-08 02:57:05",0.94281,7,arifuddinr
767,16801850,松田,"2026-09-07 09:16:49",0.94281,8,nekonekonekone
768,16868638,"Win Suthar","2026-09-11 22:21:22",0.94280,3,ashwanidhukra
769,16803048,"yoshiomi shimazu","2026-09-13 05:50:46",0.94280,5,yoshiomishimazu
770,16803082,"Rafael Cunha","2026-09-11 02:58:47",0.94275,2,rnascunha
771,16855204,"Anshul Chikhale","2026-09-11 12:53:02",0.94274,4,anshulchikhale
772,16828280,"Shardul Pingale","2026-09-06 00:26:06",0.94263,2,shardulpingale
773,16807740,"Latent Drive","2026-09-07 11:43:22",0.94261,4,carlmakt
774,16839540,"Xerx 350","2026-09-06 10:54:19",0.94256,3,xerx350
775,16799561,miyu.k1aras@gmail.com,"2026-09-12 02:22:55",0.94255,18,miyuk1arasgmailcom
776,16811091,"Eymen Akb","2026-09-08 22:34:18",0.94253,24,eymenakb
777,16808093,"Raiyana Rufaida","2026-09-04 17:45:20",0.94252,2,shes1r
778,16845683,"ska B222","2026-09-08 20:00:57",0.94249,4,skab222
779,16848978,"Berşan Şatır","2026-09-09 12:47:13",0.94247,4,bersanstr
780,16840560,"Renārs Paiders","2026-09-11 22:06:12",0.94245,9,renrspaiders
781,16811914,"Michael Daniel EKKA","2026-09-03 07:35:06",0.94244,4,michaeldanielioai
782,16798622,Wildata,"2026-09-06 16:51:53",0.94241,15,wildata
783,16805628,Fabbasso,"2026-09-12 22:53:56",0.94241,16,fabrizio78
784,16810834,ArnoldRosielle,"2026-09-05 20:40:26",0.94238,3,arosielle
785,16818752,JetJetGo,"2026-09-04 13:51:25",0.94233,3,psykrishna
786,16798973,FanRuijie,"2026-09-07 06:58:27",0.94231,24,ruijiefancn04
787,16802989,"Yong Jun Fai","2026-09-08 13:54:58",0.94228,6,yongjunfai
788,16802044,Arukyan,"2026-09-09 13:41:44",0.94227,8,arukyan
789,16840628,luicaru,"2026-09-08 15:19:47",0.94226,2,luicaru
790,16832904,Rushikesh,"2026-09-04 22:55:28",0.94226,1,rushii23
791,16817857,"Brishav Mondal","2026-09-10 09:18:49",0.94226,6,brishavmondal
792,16803015,"Marcos Silveira","2026-09-07 15:23:14",0.94225,25,msilve
793,16808689,"Stephen Tarter","2026-09-12 13:23:38",0.94220,17,stephentarter
794,16823527,"Michał Pasiowiec","2026-09-08 20:12:19",0.94219,4,michapasiowiec
795,16847295,"Opus HRI","2026-09-08 12:53:01",0.94219,1,nilseinecke
796,16848326,Elowry,"2026-09-10 20:22:12",0.94219,3,elowry
797,16798983,malibu_orange,"2026-09-01 06:22:33",0.94218,3,malibuorange
798,16864825,casperow,"2026-09-11 12:31:31",0.94218,1,casperow
799,16876870,"Badrul Alam Leon","2026-09-12 20:20:30",0.94218,2,badrulalamleon
800,16849966,"Kawsar Ahmmed","2026-09-12 20:21:37",0.94217,1,kawsarahmmednabil
801,16853306,"Shoko SH","2026-09-12 11:59:10",0.94216,8,shokos64
802,16809585,mgoto51004,"2026-09-10 13:38:10",0.94216,16,mgoto51004
803,16814800,"Darío López Ramos","2026-09-07 07:26:55",0.94215,6,dariolr
804,16799233,hirondelle_ken,"2026-09-01 06:10:54",0.94215,3,hirondelleken
805,16846807,"Bijay Syangtan","2026-09-09 11:11:01",0.94215,4,bijaybijay
806,16832958,mohamedahmed,"2026-09-07 16:32:28",0.94214,5,markeb
807,16857480,dtHL123,"2026-09-11 10:27:52",0.94214,4,dthl123
808,16875625,"astro not learning","2026-09-13 04:40:43",0.94213,11,zzzzzzzzyh
809,16808003,"Matilda Tasiens","2026-09-11 17:30:27",0.94213,21,matildatasiens
810,16826989,Evander,"2026-09-08 15:39:55",0.94212,9,jiaoweishen
811,16799660,seung12,"2026-09-05 15:10:54",0.94212,15,seung123
812,16802552,Systum_Phar_Denge,"2026-09-07 20:09:52",0.94212,10,jamiussiddiqui
813,16802749,PIPPI,"2026-09-10 13:06:35",0.94212,21,hayatarosu
814,16853124,hhnn,"2026-09-10 14:32:22",0.94211,2,hhnn77
815,16860702,Kurapapa,"2026-09-13 06:00:40",0.94211,2,kurapapa52
816,16798956,Taka-344,"2026-09-03 04:47:13",0.94210,2,taka344
817,16798984,Abhijeet000000007,"2026-09-12 20:11:47",0.94210,20,abhijeet000000007
818,16865483,鍵山勇太,"2026-09-10 13:36:34",0.94210,4,kagiyama0730
819,16832297,user_8128,"2026-09-07 16:34:37",0.94209,2,user8128
820,16850907,FalkTobias,"2026-09-08 00:59:56",0.94209,2,falktobias
821,16805092,"Parth Sarnobat","2026-09-12 15:52:49",0.94209,10,parthsarnobat
822,16862898,WBF_USA_NYC,"2026-09-10 00:48:04",0.94207,2,wbfranci
823,16866957,"Ke Zihao k","2026-09-13 05:16:45",0.94207,2,boyilunk
824,16850727,"Max Tenenbaum","2026-09-12 01:50:55",0.94207,2,maxtenenbaum
825,16803027,"Andrea Moschetti","2026-09-03 19:50:37",0.94207,9,andreamoschetti
826,16823031,"Ziad Mohamed","2026-09-05 00:48:03",0.94206,7,ziadmoelsayed
827,16824679,"Akansh Verma","2026-09-05 03:55:46",0.94206,1,illuzionzz
828,16805133,"Aryan Yadav","2026-09-01 23:40:23",0.94205,1,simplexcomplex
829,16800643,Shivam,"2026-09-11 04:40:13",0.94205,9,shivamgravity
830,16808267,"Simone Mazzoli","2026-09-05 13:17:19",0.94205,16,simonemazzoli
831,16799715,"poignant padaeng","2026-09-02 12:24:56",0.94204,1,poignantpadaeng
832,16846119,"Waqar Ahmed","2026-09-07 08:16:37",0.94204,2,waqarahmed55
833,16881451,"Kotaro Imamura","2026-09-12 15:39:53",0.94204,1,kotaroimamura
834,16801532,"Uğur Atlı","2026-09-01 11:15:59",0.94204,1,uuratl
835,16828977,flag_06,"2026-09-12 11:38:41",0.94204,9,flag06
836,16803201,Yuzu,"2026-09-01 22:40:41",0.94204,2,yuzuoctopus
837,16854209,"LI ZHIGANG","2026-09-09 05:02:47",0.94203,2,leezhigang
838,16808910,"Muhammad Shoaib Altaf","2026-09-03 22:35:49",0.94203,1,muhammadshoaibaltaf
839,16801031,"yann sadowski","2026-09-01 15:47:52",0.94203,3,yannsadowski
840,16808792,"Kerem Meriç","2026-09-06 17:15:21",0.94203,4,keremmeric
841,16843857,Meshwa,"2026-09-07 21:02:40",0.94203,2,meshwapatel4287
842,16848100,"Gonçalo Cravinho","2026-09-09 15:06:54",0.94203,1,gonalocravinho
843,16802048,last2k4,"2026-09-01 20:40:48",0.94203,1,last2k4
844,16867168,"Artyom Oganesyan","2026-09-12 15:35:27",0.94202,5,artyomoganesyan
845,16860228,"Ufuk Can Ilgin","2026-09-09 12:43:26",0.94202,1,ufukcanilgin
846,16802106,"Farid Pangestu Aji","2026-09-02 20:50:10",0.94202,8,faridpangestuaji
847,16817999,"Satyam Tiwari","2026-09-11 08:51:40",0.94201,3,satyamkes
848,16859064,"SDIT030A-Shubham Oza","2026-09-11 11:02:10",0.94201,2,sdit030ashubhamoza
849,16876230,_tripathi_ji_1,"2026-09-11 15:36:57",0.94201,2,tripathiji1
850,16844568,ayse,"2026-09-12 01:12:16",0.94201,8,aysenursolmaz
851,16865421,"Greg Lipman","2026-09-11 07:28:15",0.94201,4,greglipman
852,16804981,"Emirhan Kadan","2026-09-09 19:50:53",0.94200,9,emirhankadan
853,16813778,"Gorakh Nath Singh","2026-09-03 20:26:53",0.94200,1,gorakhnathsingh
854,16803062,"Sarvesh Chhetri","2026-09-12 16:35:45",0.94200,10,sarveshchhetri
855,16845268,"Yves Emmanuel","2026-09-07 20:03:38",0.94200,6,emmanuelyves
856,16848597,"Minh Quân Đào","2026-09-07 16:28:03",0.94200,4,minhquno
857,16805395,"Alfredo Chavelas","2026-09-09 19:13:30",0.94200,7,alfredochavelas
858,16822873,hkassimi,"2026-09-07 15:35:18",0.94200,3,hkassimi
859,16845896,Tiv,"2026-09-08 13:11:55",0.94199,3,tivdiss
860,16841179,"rahul yadav","2026-09-05 21:47:13",0.94199,2,rahullalu
861,16838817,"Roy Smith","2026-09-07 08:32:15",0.94199,3,roysmithkkkkkkkkk
862,16883379,"Daniel Udekwe","2026-09-13 01:31:55",0.94199,1,danieludekwe
863,16843048,"Deep Patil","2026-09-06 09:58:03",0.94199,2,deeppatil1
864,16868544,"Tisha Jadhav ","2026-09-11 12:59:17",0.94199,1,tishajadhav
865,16802932,"Nicole Patterson","2026-09-10 00:24:33",0.94198,3,nicolepatterson8910
866,16827146,wanglei,"2026-09-10 13:02:00",0.94198,11,wellywelly
867,16861950,"Abhishek Gupta","2026-09-11 08:30:43",0.94198,2,abhishekgupta56447
868,16802808,"Rohit Prakash Singh","2026-09-05 04:14:11",0.94198,3,rpsingh21
869,16811231,Hussain99,"2026-09-04 09:36:22",0.94197,15,hussain99
870,16799733,"Anant jain","2026-09-02 06:31:50",0.94197,4,anantjain159
871,16799138,"Malco Qoo","2026-09-06 00:17:17",0.94196,10,malcoqoo
872,16805290,Govind,"2026-09-05 13:11:01",0.94196,8,shekeloatmeal
873,16799188,"Tuấn Anh","2026-09-07 15:35:13",0.94196,7,tuananhdata
874,16820518,"Dávid Straka","2026-09-10 12:07:43",0.94196,2,dvidstraka
875,16798914,"Shinichi Monden","2026-09-12 18:47:28",0.94196,22,shinichimonden
876,16810678,"Kamonashis Halder","2026-09-10 08:41:52",0.94195,3,kamonashis
877,16798705,shushushun,"2026-09-05 10:08:27",0.94195,3,shushushun
878,16849059,"Manuel Santiago Atencio","2026-09-11 22:16:18",0.94195,9,manuelsatencio
879,16828407,"SAMARTH ZAVERI","2026-09-04 21:06:48",0.94195,3,samarthzaveri
880,16856301,"Ege Karaismailoğlu","2026-09-12 11:19:54",0.94195,25,ekarais
881,16869432,"Kélian Pons","2026-09-11 17:23:08",0.94195,9,"gwenn05,klianpons"
882,16858086,"Hiroyuki Fujimaki","2026-09-09 14:33:20",0.94194,2,hiroyukifujimaki
883,16872812,"Shubham Sengupta","2026-09-12 16:57:13",0.94194,4,senguptashubham
884,16838773,dak7sh,"2026-09-05 10:16:12",0.94193,2,dak7sh
885,16800942,"Ziad Roshdy","2026-09-10 01:20:20",0.94193,9,ziadzika
886,16831283,"Bob Kunanda","2026-09-04 18:08:55",0.94193,10,bobkunanda
887,16828565,"Kalpesh Koli","2026-09-06 05:32:06",0.94193,7,knightkai
888,16848554,Vishal7870,"2026-09-08 14:33:39",0.94193,1,vishal7870
889,16800055,AKASH_21_033_A,"2026-09-01 14:58:11",0.94193,5,akash21033a
890,16877418,"Kostiantyn Kazanin","2026-09-13 02:57:13",0.94192,2,kostya876
891,16863007,Ilya,"2026-09-10 11:42:58",0.94192,5,imitusov
892,16852578,bardiagood,"2026-09-11 03:10:18",0.94191,3,bardiagood
893,16847930,tomohiroikeda,"2026-09-11 06:46:16",0.94191,6,tomohiroikeda
894,16807907,"Ababil Khoerul Imam","2026-09-02 16:15:36",0.94191,2,ababilkhoerulimam
895,16847462,kphotchara,"2026-09-07 13:56:19",0.94191,2,kphotchara
896,16860820,Sadit,"2026-09-13 04:39:53",0.94191,5,sadit12
897,16808752,Tom8710,"2026-09-12 06:45:06",0.94191,18,tomactlog
898,16847512,"Umut Doruk Öztürk","2026-09-07 15:14:18",0.94190,4,umutdorukztrk
899,16799788,"Timofej Golobokov","2026-09-07 19:16:43",0.94190,4,dymy1ry
900,16802383,"zuhal yıldırım","2026-09-02 13:34:39",0.94190,4,zuhalyldrm7
901,16854889,"Rick Clauser","2026-09-08 15:13:25",0.94190,1,rickclauser
902,16802249,Zack_AI_Qu,"2026-09-07 15:56:29",0.94190,5,zackaiqu
903,16798823,privatebell,"2026-09-07 23:40:45",0.94190,2,privatebell
904,16843546,"Ilmari Leiviska","2026-09-06 14:09:51",0.94190,4,ilmarileiviska
905,16843779,"Arnav Tripathi","2026-09-06 20:04:38",0.94190,1,arnavtripathi17
906,16841020,dev_devika_2929,"2026-09-08 21:58:56",0.94190,6,devdevika2929
907,16882307,"Yadunandan Raman","2026-09-12 19:14:34",0.94189,3,yadunandanraman
908,16806667,Angelina986,"2026-09-09 12:39:01",0.94189,28,angelina986
909,16839957,stevvvpy,"2026-09-08 13:23:19",0.94189,1,stevenliwang
910,16802937,"Mikhail Ushakov","2026-09-01 20:12:11",0.94189,7,syndicate2k
911,16840902,AnkitJangir01,"2026-09-12 18:17:45",0.94189,3,ankitjangir01
912,16800066,"SYED HANZALA ALI SHAH","2026-09-06 16:26:16",0.94188,20,syedhanzalaalishah
913,16855338,"Gonzalo Garcia43","2026-09-09 11:30:28",0.94188,9,gonzalogarcia43
914,16848496,greenflazh,"2026-09-12 23:31:23",0.94188,1,greenflazh
915,16875432,"Kibrewossen Tesera","2026-09-11 15:31:01",0.94188,4,kibrewossentesera
916,16826051,Ansh_Gupta2702,"2026-09-09 11:56:32",0.94188,17,anshgupta2702
917,16843525,"MOSTEFAI MOUNIR","2026-09-11 22:53:23",0.94187,4,mostefaimounir
918,16867920,KodHod,"2026-09-10 18:59:23",0.94187,5,"bbqplaza,taimahasuwan,wathit"
919,16842693,dtsroy,"2026-09-06 10:27:51",0.94187,1,dtsroy
920,16856016,"Ejiro Ugolor","2026-09-11 15:56:36",0.94187,2,ejirougolor
921,16807162,"Ari Yehuda Betser","2026-09-02 08:10:50",0.94187,3,ariyehudabetser
922,16830488,"Mohammad Barraj","2026-09-10 05:51:40",0.94187,3,mohammadbarraj
923,16847488,"Yan Tao Tang","2026-09-09 15:28:54",0.94186,5,yantaotang
924,16798954,"Aritra Dasgupta","2026-09-01 05:45:03",0.94186,10,ardagmus
925,16801009,SunSeeker染汐,"2026-09-02 11:25:59",0.94186,2,sunseekerrx
926,16850604,"Frank Bohm","2026-09-08 09:42:49",0.94186,2,frankbohm
927,16807990,"Anuj Saha","2026-09-08 11:36:44",0.94186,9,anujsaha0123456789
928,16808862,Morris_kaggle,"2026-09-07 08:11:48",0.94186,10,keisukekaggle
929,16810933,"Corey Michaud","2026-09-10 16:01:40",0.94186,4,coreymichaud
930,16840156,"Nabil NOUALI","2026-09-05 17:51:11",0.94185,2,nabilnouali
931,16805142,donkedo,"2026-09-06 15:43:58",0.94185,9,donkedo
932,16806532,"Abhijit Pise","2026-09-02 08:28:38",0.94185,8,abhijitpise
933,16839950,"Furkan Sipahi","2026-09-06 19:22:59",0.94185,1,furkansipahi
934,16811766,"Yunchi Wu","2026-09-04 09:39:48",0.94185,8,yunchiwu
935,16802897,zyq277,"2026-09-02 05:20:13",0.94184,1,zyq277
936,16849900,ZhaoWang_Leon,"2026-09-09 10:45:51",0.94184,6,zhaowangleon
937,16881599,JoeBBateman,"2026-09-12 18:35:03",0.94184,6,joebbateman
938,16798874,"Syafrian Abra Hutabarat","2026-09-13 05:45:42",0.94184,3,syafrianabra
939,16833413,"yumi sato","2026-09-05 03:22:43",0.94184,2,yumisato1234
940,16825461,Krishnakdk,"2026-09-04 06:26:34",0.94184,9,krishnakdk
941,16841415,Osmond,"2026-09-05 23:15:34",0.94184,5,osmond20006
942,16809883,"Lorenzo Mansi","2026-09-05 13:34:09",0.94184,4,lollo0900
943,16844257,"Mohammad Elsayed","2026-09-09 17:43:23",0.94183,6,someotherbody
944,16831343,"Razan Ihab","2026-09-06 15:58:19",0.94183,1,razanihababdellatif
945,16809344,Harmesh,"2026-09-11 17:46:39",0.94183,2,harmesh095
946,16805225,Tigerpiotta,"2026-09-11 21:08:29",0.94183,4,tigerpiotta
947,16844504,Grace7523,"2026-09-08 15:35:27",0.94183,1,grace7523
948,16808251,"Iftekhar ahmmed","2026-09-09 04:12:06",0.94183,7,iftekhar1ahmmed
949,16871146,huijie_g,"2026-09-13 03:20:45",0.94182,6,huij11gg
950,16832410,"Jainish Kumar","2026-09-10 18:08:47",0.94182,2,jainishkumar
951,16861339,JunGeMa1,"2026-09-11 19:16:24",0.94182,5,jungema1
952,16838603,ajimihao,"2026-09-07 10:04:42",0.94182,2,ajimihao
953,16809976,"Esma Oğuz","2026-09-06 22:54:36",0.94181,5,eoguzz
954,16806407,"Kaustubh Mukdam","2026-09-09 14:45:58",0.94181,8,kaustubhmukdam
955,16803084,"Satyam Kumar0725","2026-09-12 19:23:11",0.94181,5,satyamkumar0725
956,16799456,"Rayk Kretzschmar","2026-09-03 06:32:01",0.94181,4,raykkretzschmar
957,16815031,"Rutang Patel","2026-09-05 05:58:38",0.94180,4,rutangpatel
958,16876182,Ricard0Borges,"2026-09-11 20:36:03",0.94180,2,ricard0borges
959,16831984,golugoodboy,"2026-09-08 16:09:15",0.94180,1,prabhatkagglelearn
960,16849384,"Artyom Sayapin","2026-09-10 23:19:18",0.94180,1,spielmeister
961,16799076,"Do Hyun Nam","2026-09-02 00:29:59",0.94180,4,dollis
962,16802553,"Anurag malik00","2026-09-04 10:52:44",0.94180,3,anuragmalik00
963,16803310,"Mirko Caroleo","2026-09-06 16:48:09",0.94180,10,mirkocaroleo
964,16802856,"Joao Pedro Nascimento de Sousa","2026-09-01 16:37:26",0.94180,1,joaopedrosousan
965,16804087,JMAscacibar,"2026-09-04 11:22:36",0.94179,9,jmascacibar
966,16830469,"Louis GERVILLE-REACHE","2026-09-10 08:16:50",0.94179,6,louisgerville
967,16843254,zfzflzf,"2026-09-09 13:16:06",0.94179,8,zfzflzf
968,16800647,Nesime,"2026-09-04 07:38:51",0.94179,4,monkeybox
969,16801049,"hyhien lu","2026-09-02 12:52:36",0.94178,1,hyhienlu
970,16807201,"Prosotas dubiosa","2026-09-09 17:51:50",0.94178,1,prosotasdubiosa
971,16827009,dosomethingbetter,"2026-09-04 07:17:03",0.94178,1,dosomethingbetter
972,16875526,CHENJUNFENG,"2026-09-11 16:06:28",0.94178,5,fcjjpp
973,16843648,"Christopher Mungiria","2026-09-11 19:53:34",0.94178,12,christophermungiria
974,16805465,mike_L,"2026-09-01 22:49:54",0.94177,7,mikeloncaric
975,16810998,"De Marchi Fabio","2026-09-11 20:17:10",0.94177,4,obiaf88
976,16818709,khanhtran,"2026-09-04 07:22:25",0.94177,12,carlostran
977,16852348,KALP_LAD,"2026-09-10 23:32:40",0.94176,7,kalplad
978,16854142,"Marco Nardone","2026-09-10 21:01:23",0.94176,1,marconardone
979,16811586,rlrlrlrlrl,"2026-09-04 06:50:48",0.94176,1,rlrlrlrlrl
980,16849189,danishlaraib,"2026-09-08 02:07:22",0.94176,3,danishlaraib
981,16811960,"Mike Johnson","2026-09-12 02:36:00",0.94176,2,mrjohnsonsea
982,16798798,BrentL,"2026-09-03 04:43:12",0.94176,3,brentl
983,16843247,"Gunnika Aggarwal","2026-09-06 16:14:47",0.94176,8,gunnikaggarwal
984,16806569,"Ramuni Lalith Vishnu","2026-09-06 12:30:49",0.94175,1,ramunilalithvishnu
985,16857084,"tetsuya takahashi","2026-09-10 23:15:49",0.94175,3,tetsuyatakahashi
986,16860410,"Kir Bor","2026-09-09 17:12:36",0.94175,5,abkir1
987,16812667,AaradhyaGupta,"2026-09-03 04:45:51",0.94175,1,aaradhyaguptaai
988,16802729,"Akash Jadhav","2026-09-02 11:41:42",0.94175,2,EagleOnAI
989,16809529,平野竜貴,"2026-09-07 13:02:27",0.94175,1,hiraaaaah
990,16854024,"Ruben Garcia","2026-09-10 15:41:13",0.94174,3,rubengarcia2309
991,16806555,Dev_Patel,"2026-09-02 07:36:03",0.94174,2,devpateldev
992,16842541,Rutang,"2026-09-06 09:28:44",0.94174,1,rutang2
993,16854394,as_mild_ny,"2026-09-08 14:59:56",0.94174,1,asmildny
994,16809706,"Parth Kumbhar","2026-09-03 19:11:45",0.94174,2,parthkumbhar131106
995,16811806,"Waihei Yuk","2026-09-03 06:02:27",0.94174,1,waiheiyuk
996,16798921,"Mehreen Rahman","2026-09-01 16:56:24",0.94174,1,mehreenrahman
997,16881459,"FARES AISSAOUI","2026-09-12 14:28:59",0.94173,1,faresls
998,16799117,"Chirapathleo Saelim","2026-09-09 05:36:09",0.94173,5,chirapathleosaelim
999,16799807,"Patrice MAZEL","2026-09-10 20:24:55",0.94173,1,patricemazel
1000,16863936,SRSKhan,"2026-09-10 05:38:45",0.94173,1,srskhan
1001,16807687,Dawnej,"2026-09-12 22:52:20",0.94172,20,dawnej
1002,16844167,"Aleksandr Artamonov","2026-09-08 17:49:00",0.94172,6,arutamonofu
1003,16808308,"Edosuyi Enosakhare","2026-09-04 09:11:18",0.94172,7,edosuyienosakhare
1004,16857361,mmcuda,"2026-09-09 05:00:14",0.94172,2,mmcuda
1005,16830827,"Quantum Autumn","2026-09-06 10:38:06",0.94172,15,autumnquantum
1006,16802621,Sarthak,"2026-09-12 15:46:11",0.94172,11,sarthak914
1007,16854013,"Şahin Alp Akosman","2026-09-10 12:11:24",0.94172,5,sahinalpakosman
1008,16803386,Jatin,"2026-09-04 09:51:33",0.94172,2,jatinkumar2005
1009,16817796,Xplug-xmc,"2026-09-09 14:15:49",0.94172,2,xplugxmc
1010,16802079,"Soichiro Shido","2026-09-01 10:05:49",0.94172,1,soichiroshido
1011,16859192,"ARUNAGIRINATHAN K","2026-09-11 00:51:20",0.94171,9,arunsworkspace
1012,16798799,"KOUSHIK KUMAR DINDA","2026-09-01 03:36:18",0.94171,1,koushikkumardinda
1013,16822784,"mattéo Mathis","2026-09-04 23:05:31",0.94171,5,mattomathis
1014,16799630,"Rohit Kumar","2026-09-10 03:55:05",0.94171,18,rohit4468
1015,16842677,endobop,"2026-09-10 16:34:51",0.94171,4,krishanukalita
1016,16841249,Royal_Mustaches,"2026-09-05 20:11:01",0.94171,1,royalmustaches
1017,16846589,"Joseph D","2026-09-07 18:27:30",0.94170,2,navigatordj
1018,16802216,zouxiheng,"2026-09-01 14:35:26",0.94170,10,zouxiheng
1019,16805378,"Chirag Desai","2026-09-12 21:41:29",0.94170,2,cid007
1020,16798876,daihui16,"2026-09-11 03:24:58",0.94170,3,cmt1127
1021,16865244,"Krissawan Boontham","2026-09-10 11:55:18",0.94170,4,krissawanboontham
1022,16831055,Talhai212565,"2026-09-08 22:01:04",0.94170,1,talhai212565
1023,16799785,HuiJuan.Yu,"2026-09-01 08:18:09",0.94170,4,chuyuni
1024,16810744,"Muhammad Adnan Shahzad","2026-09-02 21:48:27",0.94170,1,muhammadadnanshahzad
1025,16808354,"Hifza Ansari","2026-09-03 12:21:51",0.94170,1,hifzaansari
1026,16802326,"Avik Das","2026-09-02 06:11:07",0.94169,2,avikdas567
1027,16799185,"Satyajeet Kumar","2026-09-01 06:01:13",0.94169,2,m4rcuseryx
1028,16828595,"Keep Motivated","2026-09-04 11:44:40",0.94169,2,keepmotivated
1029,16847403,suiban410219,"2026-09-08 11:46:31",0.94169,5,suiban410219
1030,16803985,"Seungjun Lee","2026-09-02 00:26:07",0.94169,1,seungjunleeofficial
1031,16847728,"Emanuele Latino","2026-09-09 10:23:16",0.94169,2,emanuelelatino
1032,16802681,Fousekhs,"2026-09-01 12:56:08",0.94169,1,fousekhs
1033,16799546,"Sean Connolly","2026-09-02 02:48:38",0.94169,4,seanconnolly
1034,16876158,"Mobeen Fatima","2026-09-12 04:39:43",0.94169,1,mobeenfatimah
1035,16800537,e271828,"2026-09-02 01:15:14",0.94169,4,e271828ai
1036,16866677,jinruixu,"2026-09-11 13:27:50",0.94169,1,jinruixu11
1037,16808970,"Татьяна Кафьян","2026-09-03 13:40:03",0.94169,4,kafyantatyana
1038,16854479,"Muarifatul husna","2026-09-08 15:59:44",0.94169,2,muarifatulhusna
1039,16799649,DongJunKim,"2026-09-01 11:12:13",0.94169,4,kkiljh
1040,16833151,"Vikas Seth","2026-09-12 20:08:42",0.94169,2,vikassethv
1041,16880764,AkiraFujieda,"2026-09-12 23:59:35",0.94169,3,akirafujieda
1042,16808986,Yukino487,"2026-09-02 14:52:37",0.94168,4,yukino487
1043,16798715,Catadanna,"2026-09-01 09:58:12",0.94168,7,catadanna
1044,16799524,tuboa2,"2026-09-13 06:07:20",0.94168,3,tuboa2
1045,16876294,hongquann,"2026-09-13 05:19:56",0.94168,5,hongquann
1046,16835960,kansyo,"2026-09-10 11:28:43",0.94168,2,kansyo
1047,16865886,Akshai_0,"2026-09-11 10:07:31",0.94168,8,akshai0
1048,16817493,yihang1717,"2026-09-04 12:58:02",0.94168,1,yihang1717
1049,16815012,RayHuang,"2026-09-03 12:15:48",0.94168,4,rayhuang0124
1050,16866496,Fidel,"2026-09-10 17:40:28",0.94168,2,fidellusianaputri
1051,16823385,"Carol Wu","2026-09-06 19:46:56",0.94168,1,phr0gg
1052,16862277,"Al Hadj Hmida Chadi","2026-09-09 21:00:18",0.94168,2,alhadjhmidachadi
1053,16808044,cropperash,"2026-09-04 08:46:46",0.94168,11,cropperash
1054,16839327,Leeguang98,"2026-09-08 17:24:38",0.94167,2,leeguang98
1055,16802751,"Hamza Nazim Siddiqui","2026-09-12 12:25:30",0.94167,16,"dtdoww,shreyashsiddharth"
1056,16809348,Mrsalty,"2026-09-02 13:19:22",0.94167,1,mrsaltyx
1057,16823986,"orchid Liu","2026-09-09 09:03:31",0.94167,1,orchidliu
1058,16802394,"LEVAN KANKADZE","2026-09-07 17:13:32",0.94167,2,synchrocyclotron
1059,16841382,"Phyo Wai Aung1","2026-09-07 22:36:25",0.94167,14,"kyawphonethant,phyowaiaung1"
1060,16809973,TobiST10,"2026-09-06 22:45:29",0.94167,15,tobist10
1061,16846892,"Rintaro Tsumugi","2026-09-12 18:04:51",0.94167,4,rintarotsumugi
1062,16870912,"Nitesh Kanojiya","2026-09-11 13:46:03",0.94167,3,niteshk4nojiya
1063,16818882,"Abdallah Hashad","2026-09-05 19:59:59",0.94167,2,abdallahhashad0
1064,16798853,Marius,"2026-09-09 23:09:40",0.94167,3,mariusborel
1065,16798955,skbhai07,"2026-09-02 10:22:17",0.94167,1,skbhai07
1066,16883743,"Kenneth Mccarthy","2026-09-13 05:47:47",0.94167,4,kennethmccarthy
1067,16864500,"Yueheng ZENG","2026-09-10 09:40:34",0.94167,1,yuehengzeng
1068,16842160,ricky5932,"2026-09-06 12:57:10",0.94167,3,ricky5932
1069,16831225,"Trinh Tuan Anh","2026-09-07 19:37:43",0.94166,2,trinhtuananh
1070,16832693,"Oktavian Prasetya Adi","2026-09-06 05:55:57",0.94166,6,oktavianprasetyaadi
1071,16855112,Qwe_,"2026-09-09 12:07:26",0.94166,1,annchern
1072,16808674,"Vignesh Nehru","2026-09-10 14:31:20",0.94166,2,vigneshnehru
1073,16822295,"S Fukushi","2026-09-06 06:21:52",0.94166,1,sfukushi
1074,16806807,"Zeyou Zhang","2026-09-07 10:02:42",0.94166,1,zeyouzhang
1075,16806342,"Umar Tabbsum","2026-09-02 04:15:41",0.94166,1,umartabbsum
1076,16884549,Edgar2025,"2026-09-13 04:48:41",0.94165,1,edgar2025
1077,16878455,"Tianle Xiang","2026-09-12 04:06:09",0.94165,6,tianlexiang
1078,16809666,Ksuke29,"2026-09-10 06:48:54",0.94165,4,keisuke20040529
1079,16871250,liulian123,"2026-09-11 07:23:44",0.94165,2,liulian123
1080,16810013,rainday,"2026-09-02 15:42:17",0.94164,1,leezhenhong10
1081,16852684,"Pritesh Raj","2026-09-08 06:00:19",0.94164,1,priteshraj10
1082,16868319,Dron5591,"2026-09-12 15:47:31",0.94164,1,dron5591
1083,16799759,hideaki_mizoue,"2026-09-01 06:53:36",0.94164,1,hideakimizoue
1084,16808343,"Ukasha Nadeem","2026-09-04 11:50:42",0.94164,9,ukashanadeem
1085,16800057,Sofia_Gilka,"2026-09-07 07:30:45",0.94164,3,sofiagilka
1086,16879871,Jakiduy,"2026-09-12 14:17:27",0.94164,2,jakiduy
1087,16862342,"Yiğit Can","2026-09-09 20:16:36",0.94164,6,yiiitcan
1088,16841935,ytani,"2026-09-06 11:58:00",0.94164,3,dreamvly
1089,16881225,"Sarthak Srivastava","2026-09-12 13:53:13",0.94164,2,codebugged
1090,16799363,"Jay Soni","2026-09-03 06:19:16",0.94164,3,jaysoni4
1091,16798617,"Anim Samuel K.","2026-09-03 03:42:35",0.94163,4,animsamuelk
1092,16826542,mascham,"2026-09-04 10:20:57",0.94163,2,nchamid
1093,16862187,"Tejas Nisar","2026-09-10 18:54:28",0.94163,8,tejasnisar
1094,16799475,ZiYiMing,"2026-09-03 05:03:06",0.94163,3,ziyiming
1095,16840999,Emirhan,"2026-09-12 14:35:53",0.94163,1,xpylon
1096,16860385,fengduan555,"2026-09-10 14:28:07",0.94163,2,fengduan555
1097,16848969,"Zoha Khawaja","2026-09-10 12:14:46",0.94163,3,zohakhawaja
1098,16838719,Residual,"2026-09-06 15:23:48",0.94163,5,debrupsarkar30111
1099,16818252,"Wondering Luffy","2026-09-03 11:38:59",0.94163,9,anhadmh
1100,16877327,simplepotato,"2026-09-11 21:32:36",0.94162,1,harshmaurya01
1101,16840271,"Pedro Rafael Sousa","2026-09-05 16:56:42",0.94162,2,pedrorafaelsousa
1102,16842041,SAURABH257,"2026-09-09 11:47:11",0.94161,4,saurabh257
1103,16806591,"Dear Shark","2026-09-02 04:55:23",0.94161,1,dearshark
1104,16859294,PuChang,"2026-09-09 09:28:11",0.94161,1,dennychang
1105,16818169,"Vinitha Raj","2026-09-06 11:43:39",0.94161,4,vinurajesh
1106,16855830,"Samuel Patton","2026-09-09 23:23:30",0.94161,7,samuelpatton22
1107,16834874,lumarigoz,"2026-09-10 02:52:01",0.94161,6,lumarigoz
1108,16806946,"Srishti Gauraha","2026-09-03 04:50:19",0.94160,4,srishtigauraha
1109,16833035,"Abderraouf Saleh Kihel","2026-09-07 13:29:59",0.94160,5,abderraoufsalehkihel
1110,16850565,"Muna Mohamed Hassan","2026-09-10 19:33:24",0.94160,5,munamohamedhassan
1111,16820717,Dexter_ML,"2026-09-03 15:35:24",0.94160,2,dexterml
1112,16824996,"Aditya kumar Jha","2026-09-12 04:47:31",0.94160,2,adityakumarjha08
1113,16870465,"Kenan Zhang9","2026-09-11 03:02:05",0.94160,1,kenanzhang9
1114,16857639,"Raja' Huwaydah Nassar","2026-09-09 05:34:35",0.94160,5,rajahuwaydahnassar
1115,16799638,"Chaitanya Jamble","2026-09-01 06:24:58",0.94160,4,chaitanyajamble
1116,16847692,"Aryaveer Gupta","2026-09-10 10:27:32",0.94160,4,aryaveergupta
1117,16861396,"Phoenix #2","2026-09-09 15:25:54",0.94159,1,seanht1
1118,16828047,"Pierpaolo Bellusci","2026-09-08 21:27:35",0.94159,1,pierpaolobellusci
1119,16804927,"Krishna Mohan","2026-09-01 18:32:39",0.94159,1,km2006
1120,16869107,fEULER30,"2026-09-11 02:03:05",0.94159,3,feuler30
1121,16819773,dongfangdaguo,"2026-09-04 14:37:43",0.94159,2,dongfangdaguo
1122,16815208,"jason vetter","2026-09-05 04:39:45",0.94159,1,jasonvetter
1123,16851351,brunoarpa,"2026-09-09 16:23:38",0.94159,2,brunoarpa
1124,16799741,"Abhishek Mishra112","2026-09-03 13:10:53",0.94159,2,abhishekmishra112
1125,16799537,dig987,"2026-09-01 10:33:12",0.94159,1,digvijayahirrao
1126,16844666,"Tleukhanov Yeraly","2026-09-06 20:03:58",0.94158,1,tleukhanovyeraly
1127,16811217,"Maks Prinko","2026-09-03 15:49:51",0.94158,1,maksprinko
1128,16841002,"Carlos Alves","2026-09-08 19:21:50",0.94158,1,carlosone
1129,16848352,KL0620,"2026-09-09 10:54:30",0.94158,4,kimlunl
1130,16858643,"Aarav Shanker","2026-09-09 08:32:30",0.94158,3,aaravshanker7
1131,16843364,"Ruby Hall","2026-09-12 12:33:22",0.94158,1,rubyhall
1132,16809611,"Mohammed arfan shafin","2026-09-10 03:33:29",0.94158,13,mohammedarfanshafin
1133,16857773,"Thousand Valley Field","2026-09-11 15:25:37",0.94158,7,hatakuncom
1134,16843329,"Saksham Singh","2026-09-07 08:04:48",0.94158,8,sakshamsingh0806
1135,16804934,"Shayan Zulfiqar","2026-09-11 06:08:34",0.94158,12,shayanzk
1136,16802770,s22990038,"2026-09-13 04:27:12",0.94157,15,s22990038
1137,16807309,stpete_ishii,"2026-09-03 05:42:31",0.94157,7,stpeteishii
1138,16839987,"Dalia Mowafy","2026-09-11 18:31:14",0.94157,3,daliamowafy7
1139,16806154,"Arun Kumar Oraon","2026-09-02 04:52:12",0.94157,1,arunkumaroraon
1140,16823206,"Erfan Hosseini","2026-09-11 21:32:49",0.94157,1,erfanhos
1141,16839965,"Sairaj Adhav","2026-09-08 01:34:38",0.94157,5,sai10py
1142,16814770,ShivamSharma,"2026-09-05 02:57:02",0.94157,2,shivamsharma89989880
1143,16868051,"Jain Hemang","2026-09-11 19:01:12",0.94157,2,jainhemang
1144,16847250,KunyinSun01,"2026-09-07 11:33:53",0.94157,1,kunyinsun01
1145,16847425,"Team Slavia","2026-09-07 10:32:35",0.94157,1,"harshpatill08,jainmanthanarvind,kambleshravanganesh"
1146,16865303,qqq12332111,"2026-09-10 11:10:14",0.94157,1,qqq12332111
1147,16883330,"Murilo Prado","2026-09-13 00:51:07",0.94157,2,muriloprado
1148,16809235,"Factual Explorer","2026-09-04 14:11:38",0.94157,1,factualexplorer
1149,16811275,"Leonardo Melniski","2026-09-03 01:18:08",0.94157,1,leonardomelniski
1150,16809110,anonymous134275,"2026-09-03 09:25:13",0.94157,13,anonymous134275
1151,16830896,Prasanna,"2026-09-04 14:04:01",0.94157,2,prasanna25
1152,16855619,"Bhumika Goyal","2026-09-08 19:59:47",0.94156,1,bhumikag27
1153,16841417,SANTOS,"2026-09-05 23:11:51",0.94156,2,sandocorp23santos
1154,16841004,"Husain Bohra","2026-09-06 08:23:36",0.94156,1,husainbohra05
1155,16844434,"Ranga Sai Shreyas7","2026-09-08 16:11:34",0.94156,1,rangasaishreyas7
1156,16816738,Kapil,"2026-09-04 05:20:52",0.94156,10,kapil3
1157,16799082,江口ゼミ,"2026-09-03 02:00:53",0.94156,1,"boritannsenzinn,ublfublf"
1158,16876453,"Shaheer Alam","2026-09-11 16:55:26",0.94156,1,mshaheeralam
1159,16883655,"Trey Cobb","2026-09-13 01:01:02",0.94156,1,tcobb775
1160,16804938,Koostik126,"2026-09-01 20:50:55",0.94156,1,kostya138
1161,16824571,"Will Smith","2026-09-07 23:28:01",0.94155,1,wcsmith26
1162,16841059,"Ярослав Третьяк","2026-09-06 20:28:42",0.94155,7,berch123
1163,16811627,traumt,"2026-09-03 01:39:24",0.94155,1,traumt
1164,16860611,znikola45,"2026-09-10 15:17:11",0.94155,1,zabicnikola45
1165,16871525,"Gautam kumar","2026-09-13 05:26:40",0.94155,2,gautamkumarpatel
1166,16825802,"geeta bamhane","2026-09-04 06:08:26",0.94155,1,geetabamhane
1167,16809681,"Tráng Phùng Văn","2026-09-03 17:16:21",0.94155,1,phungtrang
1168,16831212,Ben,"2026-09-06 04:47:35",0.94154,2,shadowjr
1169,16865758,"Marco Rava92","2026-09-10 18:00:46",0.94154,5,marcorava92
1170,16865438,"RAKSAKANTH J","2026-09-10 08:26:51",0.94154,3,raksakanthj
1171,16880037,"Habib Bashir Lawal","2026-09-12 10:36:09",0.94154,2,lbashirhabib
1172,16850067,"SHANMUKHA DATTA BODA","2026-09-11 12:21:18",0.94154,3,shanmukhadattaboda
1173,16870434,zchen,"2026-09-12 13:02:58",0.94154,2,zchen2357
1174,16810323,"Riya Raj","2026-09-04 12:12:13",0.94154,5,riyaraj9
1175,16802874,"mariko f.","2026-09-02 14:30:37",0.94154,3,marikof
1176,16860226,"xie daoyun","2026-09-10 11:18:39",0.94153,1,xiedaoyun
1177,16861460,desptet,"2026-09-11 10:38:44",0.94153,1,desptet
1178,16806526,"Prince Radadiya","2026-09-03 12:18:52",0.94153,5,princeradadia
1179,16863464,"Muhamad Alexander","2026-09-10 16:52:47",0.94153,3,herons202
1180,16802771,"Gyanendra Singh Yadav","2026-09-01 14:26:39",0.94153,2,gyanendrasinghyadav
1181,16857606,"Emmanuel King Chris","2026-09-09 23:49:24",0.94153,2,emmanuelkingchris
1182,16871764,"Guneeth K","2026-09-11 08:48:04",0.94153,1,guneethk
1183,16848674,imandysaurus,"2026-09-07 19:31:05",0.94153,2,imandysaurus
1184,16864928,"Abanoub Reda Shehad","2026-09-12 14:05:10",0.94153,2,abanoubredashehad
1185,16876046,"Bensu Kocatepe","2026-09-11 16:59:28",0.94152,2,bensukocatepe
1186,16832122,sameer7888,"2026-09-08 04:02:22",0.94152,1,sameer7888
1187,16810411,"aggressive_elimination = True","2026-09-06 23:14:08",0.94152,3,"mcprorolexs,paperxd"
1188,16807809,"Vlad Baranceanu","2026-09-02 08:32:49",0.94152,1,vladbaranceanu
1189,16823792,"Rohit Wayal","2026-09-10 23:44:19",0.94152,4,rohitwayal12
1190,16849647,korlakunta,"2026-09-08 17:52:01",0.94152,1,korlakunta
1191,16847681,"Ferhat Metin","2026-09-07 12:56:07",0.94152,3,ferhatmetin34
1192,16810718,"Akshita Sharda","2026-09-11 18:48:33",0.94151,1,akshitasharda01
1193,16846070,"mino sussin","2026-09-09 15:23:56",0.94151,1,minosussin
1194,16832047,Egunuraka,"2026-09-07 05:01:04",0.94151,1,egunuraka
1195,16832052,Dhruv1029,"2026-09-04 18:14:58",0.94151,1,dhruv1029
1196,16856334,"Mariyyyaa ella","2026-09-08 21:44:33",0.94150,1,mariyyyaaella
1197,16806192,EmmaL09,"2026-09-03 00:54:57",0.94150,3,emmal09
1198,16826984,"Olivia Redd","2026-09-04 10:02:45",0.94150,1,oliviaredd
1199,16829721,"Manushi Bombaywala","2026-09-04 11:34:41",0.94150,1,manushibombaywala
1200,16798564,"Ιωάννης Σταμελιάς","2026-09-03 13:47:24",0.94150,3,giannhsstamelias
1201,16839883,Darth_vader_090605,"2026-09-07 09:44:22",0.94150,1,priyanshujha090605
1202,16799782,"Diogo R. Ferreira","2026-09-01 11:35:25",0.94150,4,diogoff
1203,16856983,kaypto,"2026-09-10 11:34:50",0.94150,2,kaypto
1204,16808747,"Александр Трифонов","2026-09-02 13:16:50",0.94150,1,cybrvibe
1205,16800048,okuub11,"2026-09-01 08:31:04",0.94150,1,okuub11
1206,16868278,"Avian Ross","2026-09-10 18:44:25",0.94150,2,avianross
1207,16811711,feng,"2026-09-11 13:55:50",0.94149,1,guofungwong
1208,16878345,ineumi2_,"2026-09-13 05:17:30",0.94149,4,ineumi2
1209,16800003,Itpl16,"2026-09-01 15:44:15",0.94149,4,itpl16
1210,16802686,"Argus Kern","2026-09-01 12:10:54",0.94149,1,arguskern
1211,16844341,"William Chang","2026-09-06 18:02:10",0.94149,1,williamchangyl
1212,16809769,"Aditya Kumar U","2026-09-10 06:10:38",0.94149,1,"adityakumaru,arvindlol,chashin"
1213,16855108,"Ahmed Hossam Elhawary","2026-09-11 06:16:28",0.94149,1,ahmedapolo
1214,16853247,WangDongwei15,"2026-09-10 08:14:55",0.94149,2,wangdongwei15
1215,16855094,"Anandhini ep","2026-09-10 13:59:24",0.94149,4,anandhiniep
1216,16806460,enenenhhh,"2026-09-09 04:07:29",0.94148,3,enenenhhh
1217,16853999,Srinija,"2026-09-12 12:52:26",0.94148,4,madisrinija
1218,16843018,"Sieg Sola","2026-09-07 14:30:26",0.94148,4,siegsola
1219,16817337,"Dharmik patel Patel","2026-09-10 14:18:25",0.94148,6,dharmikpatelpatel
1220,16827498,zhangby5555,"2026-09-04 08:26:19",0.94148,1,zhangby5555
1221,16805629,"Bikhyat Adhikari","2026-09-02 02:24:47",0.94148,1,bikhyatadhikari
1222,16866324,"ravi AK","2026-09-10 17:55:57",0.94148,2,raviak
1223,16799015,kitayama,"2026-09-12 08:28:42",0.94147,5,kkityama
1224,16808527,"Vikas Rajpurohit","2026-09-10 13:22:13",0.94147,3,vikasrajpurohit
1225,16864874,"Arjjun s","2026-09-10 07:19:42",0.94147,1,arjjuns
1226,16848247,"Thanh Mân123","2026-09-08 09:22:20",0.94147,3,thanhmn123
1227,16802136,Manish,"2026-09-12 16:21:17",0.94147,3,manishpatil115
1228,16811820,"Diego Alonso Meza Delgado","2026-09-11 02:41:32",0.94147,5,diegoamd
1229,16841262,"Yahaya Kabir","2026-09-06 12:25:18",0.94147,1,yahayakabir02
1230,16849030,Ameyyy,"2026-09-07 20:03:01",0.94146,1,ameyvichave01
1231,16799274,"valentine mwai","2026-09-08 11:31:28",0.94146,3,valentinemwai
1232,16828419,"gui shan111","2026-09-04 09:35:06",0.94146,1,guishan111
1233,16883902,"ABDUL Rehman","2026-09-13 03:17:36",0.94146,1,datawithabxrehman
1234,16804064,PANDEY21,"2026-09-02 17:43:45",0.94146,1,vivek2113
1235,16858688,"Nguyễn Bình Phú","2026-09-09 09:05:26",0.94146,2,phunguyen15456
1236,16880866,"KRISHNA SIMHA","2026-09-12 17:23:02",0.94146,3,krishnasimha
1237,16853298,Rafif,"2026-09-08 09:23:30",0.94146,1,muhammadrafifdanuja
1238,16799718,"Vishal Kishore","2026-09-02 13:36:45",0.94146,1,kishorevishal
1239,16883037,"Mohammad Yaser Hussain","2026-09-13 00:54:44",0.94146,3,mohammadyaserhussain
1240,16798953,Obzngs,"2026-09-11 13:09:44",0.94146,14,obzngs
1241,16838768,400297-จีระศักดิ์,"2026-09-05 10:37:18",0.94146,2,jeerasakananta
1242,16849233,Fatemeh_Balaei,"2026-09-13 05:54:54",0.94146,6,fatemehbalaei
1243,16829671,Meri_Petrosyaaann,"2026-09-05 18:02:27",0.94145,6,meripetrosyaaann
1244,16799469,Lelouch,"2026-09-01 13:12:21",0.94145,1,aayushh13
1245,16852972,"Akihiro koga","2026-09-09 09:15:35",0.94145,8,akihirokoga
1246,16879498,"Андрей Мехоношин","2026-09-12 08:21:11",0.94145,1,andrewamn
1247,16867554,lins6767,"2026-09-13 00:49:41",0.94145,2,lins6767
1248,16859229,"Evel Fu","2026-09-09 14:46:49",0.94144,1,evelfu
1249,16832027,ryuksm01,"2026-09-08 06:53:41",0.94144,7,shashwatamukherjee
1250,16821861,"Mohammed Majeed","2026-09-05 15:51:44",0.94144,1,mojjeed
1251,16814169,Raphdraft,"2026-09-03 09:21:11",0.94144,1,raphdraft
1252,16858788,"Khadka PARLEE","2026-09-09 13:38:09",0.94144,2,khadkaparlee
1253,16882524,"Sonal Welihinda","2026-09-13 04:55:03",0.94144,2,sonalwelihinda
1254,16870719,"Thanh Vũ","2026-09-11 06:54:35",0.94143,1,messithanh2k
1255,16829041,dhseries,"2026-09-09 04:01:10",0.94143,1,hoang001
1256,16809429,"samhith nadig","2026-09-03 10:46:51",0.94143,1,samhithnadig
1257,16803701,"Carolin DJ","2026-09-08 11:31:43",0.94143,1,carolindj
1258,16839058,রোদশী,"2026-09-05 08:56:25",0.94143,1,nuzhatbintenazim
1259,16844094,fragcoder,"2026-09-06 16:09:00",0.94143,1,fragcoder
1260,16833121,Kagura_UT,"2026-09-12 02:33:45",0.94143,1,tatsuhikou
1261,16848130,P76131042蔡炘晏,"2026-09-07 13:29:06",0.94143,1,p76131042
1262,16818230,"k sheep","2026-09-08 12:19:34",0.94143,1,tomokokyonen
1263,16839263,SHIFT_R,"2026-09-05 10:00:54",0.94143,1,ryoichiro
1264,16848320,shohtani,"2026-09-11 00:39:00",0.94143,3,shohtani
1265,16817901,"Praful Tiwari1","2026-09-06 09:40:47",0.94142,23,prafultiwari1
1266,16831046,"jukai zhu","2026-09-05 02:37:47",0.94142,1,jukaizhu
1267,16852982,"Aditya Sasidhar","2026-09-08 12:41:54",0.94142,2,tadityasasidhar
1268,16805343,"Andre Endress","2026-09-06 19:49:54",0.94142,3,andreendress
1269,16804526,"SAMPAT PRAJAPAT","2026-09-03 12:33:32",0.94142,2,sampatprajapat
1270,16811442,"Estevao Smith","2026-09-03 00:51:35",0.94142,1,estevaosmith
1271,16872137,"Riad Hossain","2026-09-11 11:14:46",0.94141,2,riadhhossain
1272,16816687,momiji_free,"2026-09-09 01:50:06",0.94141,17,momijifree
1273,16805930,"Duyen Nguyen","2026-09-02 01:47:33",0.94141,1,catherine246
1274,16849241,"Matias Loukojärvi","2026-09-07 19:26:05",0.94141,1,matiasloukojrvi
1275,16881487,FFFishes7,"2026-09-12 14:18:21",0.94141,1,fffishes7
1276,16831836,"Ayşe Yaşar","2026-09-04 20:21:16",0.94141,3,ayeyaar
1277,16815045,_AshwinMahawar_,"2026-09-03 11:01:10",0.94141,1,ashwinmahawar
1278,16822467,IDK_409,"2026-09-03 16:47:46",0.94141,1,idk409
1279,16802526,"Mala Yadav","2026-09-04 03:35:55",0.94141,3,mail2malayadav
1280,16799442,"Raghav Sharma 2002","2026-09-02 09:42:00",0.94140,1,raghavsharma2002
1281,16844489,"Rohit Gupta","2026-09-06 18:02:45",0.94140,1,rohitgupta1027
1282,16876681,Kiriesh,"2026-09-11 21:56:43",0.94140,1,kiriesh
1283,16804884,"Robby Internet","2026-09-01 18:09:21",0.94140,2,robbyinternet1
1284,16878614,"Aidan Ridderhof","2026-09-13 03:43:59",0.94140,1,aidanridderhof
1285,16835567,"Chani Leon","2026-09-06 03:00:06",0.94140,4,leonchani
1286,16808154,"Grace Ganyilo","2026-09-09 08:54:07",0.94140,4,graceganyilo
1287,16855269,"Mohitraj Rathor","2026-09-10 08:22:42",0.94140,4,mohitrajrathor
1288,16807887,wcsarita,"2026-09-07 04:24:05",0.94140,2,wcsarita
1289,16799745,"Kübra Arığ","2026-09-02 07:19:44",0.94140,4,kbraar
1290,16810012,"Aryan Gupta","2026-09-12 09:53:24",0.94139,4,abacilla
1291,16854533,"Gnach Deraj","2026-09-10 05:10:11",0.94139,1,gnachderaj
1292,16798754,Matts6591,"2026-09-02 12:25:18",0.94139,3,mathwithmatt
1293,16809593,RudraSingh0001,"2026-09-13 05:53:18",0.94139,5,rudrasingh0001
1294,16813111,Annekyl,"2026-09-03 05:38:08",0.94139,3,annekyl
1295,16811006,yuuu-okazaki,"2026-09-02 21:15:18",0.94139,1,yuuuokazaki
1296,16823045,"Akanksha Sahai","2026-09-03 22:31:35",0.94139,2,akgoesplaces
1297,16818644,"Felix Berget","2026-09-11 08:24:30",0.94138,14,jovialkar
1298,16806097,"Krishna Anandan Ganesan","2026-09-02 02:58:56",0.94138,2,vulcanpint
1299,16844432,"Utkarsh Singh","2026-09-11 03:54:11",0.94138,1,utkarshx27
1300,16801812,"Jonathan Gusching","2026-09-01 12:57:24",0.94138,6,jonathangusching
1301,16809591,"Saurab Godse","2026-09-07 10:56:47",0.94138,2,godsesaurab
1302,16819730,"Robo Maven","2026-09-03 14:28:44",0.94138,1,robomaven
1303,16826579,xuanxuan496,"2026-09-05 13:34:09",0.94138,1,xuanxuan496
1304,16839583,"Jordan Mukaddam","2026-09-05 12:10:09",0.94137,1,jordanmukaddam
1305,16803617,VGekko,"2026-09-01 16:43:40",0.94137,1,vgekko
1306,16814721,"Kartik Sharma","2026-09-10 20:05:03",0.94137,3,kartiksharma4656
1307,16823857,"Sabit Al Juma","2026-09-08 00:04:52",0.94137,2,sabitaljuma
1308,16798774,"Chih-Neng Tung","2026-09-07 06:59:25",0.94137,6,chihnengtung
1309,16866274,"Manisha Gupta","2026-09-10 13:55:08",0.94137,3,manishagupta123
1310,16828688,"All over the golf","2026-09-04 12:04:20",0.94136,7,alloverthegolf
1311,16827487,JKTAN827,"2026-09-09 11:02:52",0.94136,6,jktan827
1312,16840039,karthickraja,"2026-09-05 17:42:39",0.94136,3,karthickrajas
1313,16799222,izumi600,"2026-09-01 09:09:00",0.94136,4,izumi600
1314,16840226,"Suyog Bewle","2026-09-05 19:43:35",0.94136,1,suyogbewle
1315,16862245,"Sohith Patha","2026-09-09 20:18:05",0.94136,1,sohithpatha
1316,16805897,kunal_singh,"2026-09-10 13:27:39",0.94135,2,kunalsingh100
1317,16800049,"Hoshi Hinata","2026-09-01 09:18:44",0.94135,1,hoshihinata
1318,16807588,"Batuhan Sülün","2026-09-07 13:01:54",0.94135,4,batuhansln
1319,16877852,InformaBook2,"2026-09-12 07:29:28",0.94135,6,informabook2
1320,16810673,"BT boilerplate","2026-09-02 20:29:31",0.94135,1,btboilerplate
1321,16803104,"Muhammad Robith","2026-09-12 14:06:35",0.94134,8,muhammadrobith
1322,16881802,"Byron Leukemans","2026-09-12 16:12:15",0.94134,2,byronleukemans
1323,16838405,"Goutam sharma","2026-09-09 17:26:00",0.94134,1,goutamsharma12
1324,16854910,baro_nht,"2026-09-08 16:51:54",0.94134,3,baronht
1325,16819926,"Sharon.n Gichira","2026-09-11 17:24:23",0.94133,14,sharonngichira
1326,16806164,SaipraneethReddyOne,"2026-09-02 02:51:54",0.94133,1,saipraneethreddyone
1327,16875482,PSRlegend7,"2026-09-11 20:44:32",0.94133,2,psrlegend7
1328,16816958,"Zobayer Abdullah","2026-09-03 10:22:58",0.94133,2,zobayerabdullah
1329,16835635,messibeatgravity,"2026-09-05 03:43:41",0.94133,1,messibeatgravity
1330,16814657,"Akash Prajapati 01","2026-09-11 16:42:51",0.94133,7,akashprajapati01
1331,16866083,"Shravani Bavkar","2026-09-10 12:01:35",0.94132,2,shravbavkar1705
1332,16853573,CNPolaris521,"2026-09-08 08:49:43",0.94132,2,cnpolaris521
1333,16853489,JIAWEILI0001,"2026-09-10 05:04:07",0.94132,30,jiaweili0001
1334,16844988,"Branko Adziev","2026-09-06 21:56:06",0.94132,2,brankoadziev
1335,16842209,Soham_Deshpande,"2026-09-11 04:55:55",0.94132,4,sohamdeshpande11
1336,16847005,"Andreas Granhøy-Lieng","2026-09-07 08:38:11",0.94131,1,andreasgranhylieng
1337,16801836,DevashishSoni123,"2026-09-01 18:47:48",0.94131,1,devashishsoni123
1338,16807196,i-za-world,"2026-09-10 01:28:49",0.94131,3,kizawa
1339,16824070,"Kimberly Sultan","2026-09-08 00:30:09",0.94130,2,ksultan
1340,16860647,Ievasss,"2026-09-09 13:52:39",0.94130,4,ievasss
1341,16865553,Severanceee,"2026-09-10 09:27:07",0.94130,1,severanceeeq
1342,16807955,acw511,"2026-09-02 08:34:11",0.94130,2,acw511
1343,16843778,"riko okada","2026-09-06 13:42:59",0.94129,1,leehu2837
1344,16823975,GN,"2026-09-05 18:02:26",0.94129,2,gns100
1345,16801810,"Anushka Kumari","2026-09-07 14:28:37",0.94129,5,kumarianushka02
1346,16799430,"Zanan Pech","2026-09-02 17:37:42",0.94129,2,zananpech
1347,16802105,"SN JAI VISHNU","2026-09-03 09:56:37",0.94128,2,"jaivishnu2006,saiharishsaids,svimalrajan"
1348,16852647,"Syed Abue Tayeb Al-Zeyed","2026-09-08 05:39:04",0.94128,2,syedabuetayebalzeyed
1349,16802071,Karan,"2026-09-05 17:07:11",0.94128,5,karan9351
1350,16822559,"Muntasir Mamun396","2026-09-04 14:54:19",0.94128,2,muntasirmamun396
1351,16866066,"joshi malav","2026-09-10 11:05:37",0.94128,2,joshimalav
1352,16856824,Taha,"2026-09-13 01:27:50",0.94127,24,tahaaf
1353,16832701,"Aikantic Maitra","2026-09-05 16:04:53",0.94127,3,aikanticmaitra
1354,16840350,"Mikołaj Dybizbański","2026-09-08 12:33:12",0.94127,1,mikoajdybizbaski
1355,16865297,hcbyun0408,"2026-09-12 00:04:56",0.94127,2,hcbyun0408
1356,16871921,"Md Arafat","2026-09-11 09:10:16",0.94126,1,arafat362
1357,16806818,"Nidhi Tiwari","2026-09-03 04:00:39",0.94126,1,nidhitiwari4
1358,16826564,Karrenay,"2026-09-06 02:49:13",0.94126,2,karrenay
1359,16849958,LicheA13,"2026-09-10 06:05:01",0.94125,2,lichea13
1360,16862372,"Gigin George Mathew","2026-09-09 18:22:38",0.94125,2,gigingeorgemathew
1361,16855421,"REVANTH CHOWDARY AREKATLA","2026-09-09 17:07:24",0.94125,2,revanth3897
1362,16807250,"Arin Avanoosyan","2026-09-02 21:51:46",0.94125,2,arinavanoosyan
1363,16806403,"Subhobrata Dey","2026-09-04 10:35:13",0.94124,3,sbcd90
1364,16842401,Nidhal,"2026-09-06 12:26:29",0.94123,3,znidhal
1365,16882312,"Ferchichi Wassim","2026-09-12 20:35:01",0.94123,2,ferchichiwassim
1366,16799500,"Muhammad Awais Tariq","2026-09-06 02:33:36",0.94122,2,muhammadawaistariq87
1367,16801470,"Rohan Dsouza","2026-09-01 09:24:01",0.94122,1,rohandsouza003
1368,16854418,"Trọng Lê","2026-09-08 18:35:20",0.94122,2,fuchonghihihi
1369,16802288,a3amaT02,"2026-09-12 22:51:02",0.94122,15,a3amat02
1370,16803904,"NAGIREDY SURYA","2026-09-03 15:24:29",0.94122,5,nagiredysurya
1371,16799135,"Aqib Raza","2026-09-01 04:02:20",0.94121,1,aqibrazadev
1372,16855616,Eagle888,"2026-09-08 18:04:22",0.94121,3,eagle888
1373,16846637,"Saad M Khan","2026-09-08 14:04:22",0.94121,1,saadkhanxdcatalyst
1374,16809386,"Shobhit kumar","2026-09-03 08:23:06",0.94121,1,shobhitkumar29
1375,16844030,rodea0952,"2026-09-10 14:41:24",0.94120,2,ryutohosokawa
1376,16842405,"Arnav Shendurnikar","2026-09-09 05:55:58",0.94120,6,arnavshendurnikar
1377,16866216,k240042Manahil,"2026-09-10 11:27:55",0.94120,1,k240042manahil
1378,16823765,"Arda Baran Baytar","2026-09-04 02:32:04",0.94119,1,ardabaranbaytar
1379,16839214,field996,"2026-09-06 01:36:13",0.94118,1,field996
1380,16847574,"Liujin Qiu","2026-09-08 07:58:58",0.94118,1,qqiuliujin
1381,16823812,"Ryukichi INOUE","2026-09-13 05:59:06",0.94117,6,ryukichiinoue
1382,16822737,"Shaurya Handu","2026-09-03 18:26:58",0.94117,2,shauryahandu
1383,16856820,"Kolybalova Anastasia ","2026-09-09 18:38:48",0.94117,7,kolybalovaanastasia
1384,16810086,"Akash Babu","2026-09-10 20:57:53",0.94115,2,akashbabu17
1385,16803861,jakeyjokey,"2026-09-01 17:33:47",0.94115,4,jakeyjokey
1386,16802042,"Praveen Kumar Mohan","2026-09-02 14:56:39",0.94115,1,praveenkumar1818
1387,16864551,jonattanrv,"2026-09-10 06:06:53",0.94115,3,jonattanrv
1388,16868880,"Denis Zhuk","2026-09-11 08:25:41",0.94115,1,dead4an
1389,16843285,yamauchi,"2026-09-08 06:35:51",0.94115,4,yamauch1
1390,16798912,"Elnur Bairamov","2026-09-10 02:34:03",0.94114,5,elnurbairamov
1391,16805389,"Emir Delipınar","2026-09-01 20:55:22",0.94114,3,emirdelipnar
1392,16846395,"Davit Khantadze","2026-09-11 13:42:39",0.94114,11,davitkhantadze
1393,16868039,"Lev Beloussov","2026-09-11 20:18:40",0.94113,5,lev1106
1394,16846909,qqq123321,"2026-09-07 08:26:10",0.94113,1,qqq123321
1395,16802702,"Lis Hdez","2026-09-03 14:27:09",0.94113,3,lishdez
1396,16831254,"João Felix","2026-09-08 16:19:53",0.94110,1,joaosilvafelix
1397,16799355,"Mr Robot","2026-09-01 06:16:42",0.94110,3,hngnguynnn
1398,16844637,Azzam,"2026-09-06 19:23:22",0.94110,1,iltizamhasann
1399,16839806,"Довыдовский Назар","2026-09-05 18:20:56",0.94110,1,nazzzrr
1400,16881055,Kentsik,"2026-09-12 12:30:30",0.94109,1,kentsik
1401,16843716,DeepMind,"2026-09-12 08:33:11",0.94108,8,deepthink123
1402,16876744,"Angella Semu","2026-09-11 22:31:29",0.94108,1,angellasemu
1403,16810459,"Hoso Badalyan","2026-09-02 18:35:49",0.94108,2,hosobadalyan
1404,16805233,"Ryan Dave Fernandes","2026-09-06 08:23:47",0.94107,5,ryandavefernandes
1405,16810461,"Bekama Regasa Negewo","2026-09-03 06:20:41",0.94107,1,bekamaregasanegewo
1406,16799142,mcotton,"2026-09-08 21:16:09",0.94107,1,mcotton
1407,16845270,"Kacper Lipiec","2026-09-07 08:09:20",0.94106,1,kacperlipiec
1408,16839273,"Junya _318","2026-09-09 14:32:49",0.94105,2,junya318
1409,16808632,"Emmanuel Felix","2026-09-02 14:39:40",0.94105,1,manuelfelix
1410,16866332,Mantis,"2026-09-11 07:22:30",0.94105,1,orchidmantis
1411,16838573,"huanxian chen","2026-09-10 07:50:31",0.94105,2,huanxiachen
1412,16852940,bmax16634,"2026-09-11 18:42:47",0.94105,2,bmax16634
1413,16867511,"[Mali12]Aboubacar Diarra","2026-09-10 15:40:24",0.94105,1,aboubacardiarra1810
1414,16832100,Stormy.kaggle,"2026-09-04 19:08:15",0.94105,2,stormykaggle
1415,16864916,THARUNC,"2026-09-10 06:20:59",0.94104,1,tharunc2006
1416,16846170,Sentinels,"2026-09-07 06:40:58",0.94104,1,vaishnavik1409
1417,16848414,"Yossef Elshamy","2026-09-08 04:49:51",0.94103,3,yossefelshamy
1418,16821028,kapilsingh09,"2026-09-10 16:45:41",0.94103,1,kapilsingh99893
1419,16803869,"Kevin Villeda De Leon","2026-09-01 17:50:31",0.94102,4,kevinvilledadeleon
1420,16882875,BLANDCorporatio,"2026-09-12 23:29:24",0.94102,3,blandcorporatio
1421,16855296,"Akash Kailas Nagdive","2026-09-10 05:44:27",0.94101,1,akashkailasnagdive
1422,16799847,有浦大貴,"2026-09-07 04:54:25",0.94101,8,taikiariura
1423,16823320,"Orlando Virginio Penha Junior","2026-09-04 17:30:20",0.94100,1,orlandovpjunior96
1424,16840476,Qingge96,"2026-09-05 16:39:49",0.94100,1,qingge96
1425,16802689,"Andrey K.","2026-09-01 16:49:02",0.94100,3,heelhook
1426,16803239,"Mohammed Nafay Ali","2026-09-03 04:12:04",0.94100,2,mohammednafayali
1427,16810465,DavitPoghosyan2007,"2026-09-04 16:42:52",0.94100,2,davitpoghosyan2007
1428,16826596,陈思危大王,"2026-09-04 07:33:32",0.94099,1,csw2023302141216
1429,16857845,"Himanshu Dhiman","2026-09-09 04:04:09",0.94099,1,hmnshudhmn24
1430,16838435,"C.E.73 STARGAZER","2026-09-10 14:27:10",0.94099,2,hasawei
1431,16866812,"Rishi Jha","2026-09-10 14:28:40",0.94098,1,rishijha0910
1432,16806021,"Yung Kam Lun","2026-09-02 05:49:58",0.94097,1,yungkamlun
1433,16808968,"Aditya Kamtikar","2026-09-02 13:55:41",0.94097,2,adityakamtikar
1434,16805610,"Marie Victoire IPOUK","2026-09-02 22:19:11",0.94097,2,marydata
1435,16823692,"Théo Giovedi","2026-09-09 15:22:14",0.94096,1,gioveditheo
1436,16866832,"MohammadEsmaeil Nikbakhsh","2026-09-11 19:39:12",0.94095,1,ms20237
1437,16805711,shinchisaito,"2026-09-02 01:01:03",0.94095,1,shinchisaito
1438,16799075,"Monique Senjaya","2026-09-01 09:56:42",0.94094,2,moniquesenjaya
1439,16799358,"Faria Shahid","2026-09-08 06:21:46",0.94093,4,fariashahid
1440,16829765,"George Othon","2026-09-06 01:26:16",0.94092,12,georgeothon
1441,16806684,"Akmal Azzam o'g'li","2026-09-02 09:40:16",0.94091,7,akmalmir
1442,16811029,tquinn6,"2026-09-11 20:40:59",0.94091,3,tquinn6
1443,16826172,"PoseidonYash ","2026-09-12 23:35:57",0.94090,10,poseidonyash
1444,16881492,"Niccolò Dell'Agnello","2026-09-12 16:34:06",0.94090,2,niccoldellagnello
1445,16805461,OTA_1,"2026-09-11 15:26:00",0.94090,5,"creativesxtra,dolajyd,johnjojewale"
1446,16802685,"Luca Lullo","2026-09-09 18:02:51",0.94090,5,lucalullo
1447,16806304,ayaka.ohnishi,"2026-09-02 07:04:35",0.94090,1,ayakaohnishi
1448,16845371,Kazuhiro_Yogo,"2026-09-07 01:36:17",0.94090,1,kazuhiroyogo
1449,16881796,"Humayra Afia","2026-09-12 15:54:29",0.94089,1,humayraafia
1450,16823491,Dana,"2026-09-03 21:10:38",0.94089,1,de3xie
1451,16803809,ElenaSuperWoman,"2026-09-01 16:28:28",0.94089,1,elenasuperwoman
1452,16807388,"Minh Đăng Lê","2026-09-03 03:19:06",0.94087,1,minhngle
1453,16848389,Eric,"2026-09-07 18:09:54",0.94087,3,hamstard
1454,16840457,都甲健翔,"2026-09-08 10:25:35",0.94087,2,kento628
1455,16831932,Kelimm,"2026-09-11 18:38:16",0.94087,1,kelimm
1456,16804053,"Gregory Williams","2026-09-08 00:26:13",0.94086,3,gdbwilliams
1457,16855223,datafluxlab,"2026-09-12 11:29:14",0.94086,4,datafluxlab
1458,16802354,"Alikhan Gavrilov","2026-09-03 11:59:43",0.94086,2,alikhangavrilov
1459,16819882,eisu_kgl,"2026-09-12 14:41:47",0.94085,4,eisu34
1460,16800841,OmeiOgami,"2026-09-01 11:14:29",0.94085,3,omeiogami
1461,16830905,Xhxxcc,"2026-09-08 08:54:15",0.94084,2,xhxxcc
1462,16810130,Sivu_Nzimeni,"2026-09-13 06:08:06",0.94084,34,sivunzimeni
1463,16859184,"CHEN Qiyue","2026-09-09 09:46:27",0.94084,1,hmtychen
1464,16845957,"Zaine Ancheta","2026-09-07 16:26:52",0.94082,1,zaine2k
1465,16867812,"Priya yadav","2026-09-10 18:13:33",0.94082,1,impriya12
1466,16871374,"Steven Zhu","2026-09-11 08:20:18",0.94082,4,stevenzzhu
1467,16860240,"Tanuj Saxena","2026-09-09 12:34:22",0.94082,3,tanujsaxena
1468,16805529,"Brisa Marina","2026-09-07 00:39:53",0.94081,2,brisamarina
1469,16858056,"Karolos Liveris","2026-09-09 05:54:39",0.94080,1,karolosliveris
1470,16802086,Prakash,"2026-09-10 16:43:16",0.94080,12,mlkash
1471,16845650,zzzzzql,"2026-09-07 04:49:28",0.94079,3,zzzzzql
1472,16828370,"Antonio Paul","2026-09-04 17:05:32",0.94074,1,antoniopaul
1473,16845070,Saif_Ashraf,"2026-09-10 08:38:18",0.94073,6,saifashraf232
1474,16808614,imjamj01,"2026-09-09 22:21:23",0.94073,15,takemayuj01
1475,16842741,"Ilya Den","2026-09-12 18:28:34",0.94073,4,ilyaden
1476,16864942,"Dhruv Chakraborty","2026-09-10 10:23:26",0.94072,1,dhruv07321
1477,16822983,"Jobin thavu varghese","2026-09-11 07:49:39",0.94072,1,jobinv12
1478,16802667,"Syed Rayyan Haider","2026-09-12 11:50:31",0.94072,14,"abdulrafay2525,mabdulrafay2,syedrayyanhaider"
1479,16877664,fursbi,"2026-09-12 19:08:39",0.94071,6,fursbi
1480,16843900,"Dharin Dave","2026-09-09 17:49:08",0.94071,2,"dharindave120703,prathmeshkolekar"
1481,16805031,"arend jansen","2026-09-06 19:07:39",0.94070,1,arendjansen
1482,16843326,"Chirel Chi","2026-09-07 14:32:01",0.94070,1,chirelchi
1483,16849461,"Israa Saede","2026-09-12 13:39:02",0.94069,1,esraaalsaeede
1484,16798919,"Gopi Krishnan R","2026-09-01 16:55:00",0.94068,1,gopikrishnan2005
1485,16814301,"Nilesh Singh","2026-09-04 07:14:22",0.94067,1,nileshsingh09
1486,16861035,"Gauri Maruti Katkar","2026-09-09 14:22:28",0.94065,1,gaurikatkar
1487,16880378,"Rebecca Shirievo","2026-09-12 19:28:03",0.94064,1,rebeccashirievo
1488,16805227,"Lucius Neo","2026-09-04 16:54:23",0.94062,1,lucius000
1489,16809424,"Doodle Peach","2026-09-03 14:25:58",0.94060,1,doodlepeach
1490,16803280,"Pixel Pirates","2026-09-06 14:53:33",0.94060,4,"ayushkumawat108,kamalkata,piyush419"
1491,16799219,Samekto,"2026-09-01 03:57:47",0.94060,2,samekto
1492,16799853,"Aum Patel 131","2026-09-02 03:56:00",0.94058,9,aumpatel131
1493,16832489,"Sarp Esenli","2026-09-04 20:38:31",0.94057,1,sarpda
1494,16838545,"Văn FIFA","2026-09-06 01:37:48",0.94056,1,vnfifa
1495,16810453,"Arsen Ishkhanian","2026-09-02 18:32:02",0.94054,1,arsenishkhanian
1496,16808827,"Joel Rautavaara","2026-09-02 12:40:48",0.94050,1,joelrautavaara
1497,16812617,fixedstarK,"2026-09-03 17:14:21",0.94047,1,koseikaida
1498,16881063,KevinBastawrous,"2026-09-12 14:07:31",0.94046,1,kevinbastawrous
1499,16806595,chuan-chih,"2026-09-03 06:27:07",0.94046,3,meowlu
1500,16802339,Yashika202006,"2026-09-12 09:14:04",0.94043,4,yashika202006
1501,16852548,Kunal_Anand7222,"2026-09-08 05:29:01",0.94038,1,kunalanand7222
1502,16865441,HendraDanuSaputraChauwito,"2026-09-10 09:31:04",0.94034,2,usilisme
1503,16866600,Buzzo666,"2026-09-11 14:40:54",0.94034,2,buzzo666
1504,16804919,"Hashir Shaikh","2026-09-02 18:13:40",0.94034,6,hashirmnaeem
1505,16853385,"Eshan Osman","2026-09-10 11:00:54",0.94033,2,eshanishere
1506,16799449,Dhol_Aman,"2026-09-01 06:21:50",0.94030,1,dholaman
1507,16847847,"Mahyar Rajaei","2026-09-07 14:24:22",0.94030,7,mahyarrajaei
1508,16871385,平木優花,"2026-09-12 13:03:57",0.94028,17,hiraki132131
1509,16804049,"Vijesh Kumar 45","2026-09-08 11:19:40",0.94027,1,vijeshkumar45
1510,16817864,ultrayyy,"2026-09-05 09:26:24",0.94023,2,ultrayyy
1511,16808999,Magnus,"2026-09-04 09:42:07",0.94022,2,plshelpme
1512,16881713,"R4N99a NGRO","2026-09-12 16:41:52",0.94020,5,r4n99angro
1513,16842799,VaishnxviUchiha_,"2026-09-06 09:40:02",0.94019,2,vaishnxviuchiha
1514,16800206,KenRit,"2026-09-03 10:41:34",0.94016,1,kenrit
1515,16856109,"Zakaria Hanir","2026-09-08 19:25:20",0.94015,3,zakariahanir
1516,16862273,"kogul s","2026-09-09 18:55:12",0.94012,2,kogullll
1517,16873030,TanoPereira,"2026-09-11 16:06:40",0.94012,4,tanopereira
1518,16847252,yxxchh,"2026-09-07 11:59:28",0.94010,3,yxxchh
1519,16877155,"Alem Memic","2026-09-13 04:07:46",0.94008,11,alem88
1520,16827814,ShivanshDut,"2026-09-04 11:00:31",0.94003,3,shivanshdut
1521,16848589,"Chirayu Gupta09","2026-09-07 21:34:45",0.93996,2,chirayugupta09
1522,16803006,DDQQ,"2026-09-04 13:10:50",0.93994,6,onjrey
1523,16851300,"yousef Elshahat","2026-09-10 15:23:47",0.93991,1,yousefelshahat2
1524,16810931,DP,"2026-09-06 16:50:57",0.93985,13,dmitrypimenov99
1525,16842123,"Vecheslav Eremeev","2026-09-06 05:36:57",0.93980,1,lorddiablo74
1526,16799464,"Ryota Tanaka","2026-09-10 22:16:54",0.93976,4,toyodart
1527,16859985,"Konrad Łykowski","2026-09-12 17:08:40",0.93975,10,konradykowski
1528,16859694,priya@1234556,"2026-09-09 10:57:58",0.93972,1,priya1234556
1529,16805185,"Juan Felipe Huan Lew Yee","2026-09-06 03:52:30",0.93969,1,felipelewyee
1530,16838813,"Baidurya Bhattacharyya","2026-09-08 16:27:11",0.93966,1,boibhai
1531,16802827,"Mina Niazizadeh","2026-09-01 16:23:38",0.93963,5,mina8888
1532,16869561,"Andrés de la Roca","2026-09-11 21:52:22",0.93963,1,andrsdelaroca
1533,16799183,"Jesmi George","2026-09-08 17:47:38",0.93962,2,jesmigeorge04
1534,16843715,puruchinera,"2026-09-08 00:14:35",0.93962,6,yoel39
1535,16798887,Danjas,"2026-09-10 19:52:43",0.93960,6,danjas
1536,16855426,"Baptiste Lesne","2026-09-08 20:02:32",0.93958,1,baptistelesne
1537,16821189,Vlodus,"2026-09-09 14:14:56",0.93957,6,vlodus
1538,16832543,"Tyler C","2026-09-04 20:56:42",0.93956,1,trc204
1539,16877502,vanokaggler,"2026-09-12 14:46:56",0.93956,1,vanokaggler
1540,16854051,vynie1605,"2026-09-08 12:29:23",0.93953,1,vynie1605
1541,16807901,"Tracy Porter","2026-09-02 15:37:45",0.93945,1,tracyporter
1542,16865603,"Bhagyashri Raut21","2026-09-10 11:25:48",0.93940,1,bhagyashriraut21
1543,16805256,"Manuk Mkheyan","2026-09-02 18:36:04",0.93937,3,manukmkheyan
1544,16802309,funtik,"2026-09-04 14:16:33",0.93925,5,"arsenyvetkasov,brattsew"
1545,16876799,pocapoca,"2026-09-12 05:24:23",0.93905,2,pocapoca
1546,16831119,"MSAADI ABDELLAH","2026-09-05 01:10:05",0.93886,3,msaadiabdellah
1547,16833077,"Thomas Deng","2026-09-04 23:23:41",0.93881,1,tdeng24
1548,16843576,Chandrashekar,"2026-09-06 16:46:46",0.93873,1,hermitsays
1549,16848218,"Thiago L.","2026-09-10 18:31:24",0.93868,10,thaago
1550,16810841,"christopher obuchere","2026-09-11 03:20:29",0.93838,10,owls0711
1551,16799322,"Shubham Nayak","2026-09-01 14:47:00",0.93828,5,cyborgnayak
1552,16860273,SHY舒O=v=O,"2026-09-11 09:23:32",0.93826,3,shyovo
1553,16855826,"Nathan Gilman1","2026-09-10 18:13:31",0.93807,7,nathangilman1
1554,16830307,"Padamata Dhanush","2026-09-06 13:09:10",0.93799,1,padamatadhanush
1555,16808435,Barbagrande007,"2026-09-05 12:43:34",0.93797,3,barbagrande007
1556,16822564,"Linus Henneberger","2026-09-12 12:01:42",0.93796,6,linushenneberger
1557,16815407,"SIVA S","2026-09-12 06:30:31",0.93795,100,codingmaster24
1558,16801853,Mutahar,"2026-09-07 20:31:14",0.93789,9,mmalam
1559,16814031,"Anis Rashidov","2026-09-03 14:05:14",0.93788,4,anrash001
1560,16853233,"Yashpalsinh Thakor","2026-09-08 10:42:52",0.93787,1,yashpalthakor
1561,16802806,Akniet,"2026-09-07 17:35:27",0.93787,7,aknietkusmoldayeva
1562,16805325,"Monesh Satheeswaran","2026-09-01 20:10:51",0.93786,1,moneshsatheeswaran
1563,16855076,"Muhammad Zaki Zulhamlizar","2026-09-08 17:19:17",0.93784,1,muhammadzakizulham
1564,16844806,"Jean Deutchoua","2026-09-09 12:12:55",0.93783,4,jeandeutchoua
1565,16808487,momomoran,"2026-09-02 14:07:33",0.93781,1,momomoran
1566,16880221,"Dev Chandra Adhikari","2026-09-12 14:30:55",0.93778,9,devchandraadhikari
1567,16823209,Lynatine,"2026-09-11 10:12:07",0.93776,2,lynatine
1568,16799497,Leneen,"2026-09-08 15:35:57",0.93774,1,leneen
1569,16866829,"Tien Thang Mai","2026-09-10 15:09:02",0.93773,1,tienthangmai
1570,16844980,OTA_2,"2026-09-08 08:12:12",0.93767,2,"jamiuabdullahbaba,johnchristopherm,tosinola"
1571,16829784,"Tyom Papiyan","2026-09-04 12:41:49",0.93767,2,tyompapiyan
1572,16827597,"Harsh Saharan","2026-09-11 04:41:33",0.93767,3,harshsaharan001
1573,16871073,Slug,"2026-09-11 07:54:10",0.93766,4,dusanpark
1574,16827616,YWY2002,"2026-09-11 07:07:13",0.93761,3,ywy2002
1575,16843931,madongping,"2026-09-07 06:17:32",0.93758,1,madongping
1576,16810186,"Kishore Kannan","2026-09-04 07:26:15",0.93747,6,kishorekannan123
1577,16826461,"Debojyoti Basu","2026-09-05 13:53:55",0.93743,1,debojyoti29basu
1578,16805450,aWright,"2026-09-11 22:45:56",0.93741,10,ktownactuary
1579,16854614,冲冲冲高,"2026-09-09 14:02:56",0.93738,2,rush0high
1580,16846682,ntxmai_hd,"2026-09-08 12:38:25",0.93738,4,ntxmaihd
1581,16810433,"Faruk Alıç","2026-09-02 20:00:51",0.93738,2,farukal
1582,16832417,"Anjali Khantaal","2026-09-07 19:00:07",0.93738,1,anjalikhantaal
1583,16868239,"Md. Al Amin","2026-09-11 13:00:55",0.93738,1,sialamin
0,16714052,baseline_submission.csv,"2026-08-12 18:43:47",0.93738,1,
1584,16798667,"Taylor S. Amarel","2026-09-02 16:47:53",0.93738,1,taylorsamarel
1585,16859362,pething,"2026-09-09 12:00:05",0.93738,1,pething
1586,16864856,"Harshita Lad","2026-09-10 10:02:39",0.93738,2,harshitalad
1587,16860406,deltawater,"2026-09-12 12:11:31",0.93738,1,deltawater
1588,16832247,"Diya Patel","2026-09-04 18:15:41",0.93737,1,diyapatel02
1589,16824877,DwijitDasari,"2026-09-04 13:11:42",0.93737,1,dwijitdasari
1590,16802654,"Dmitry C4be","2026-09-01 12:52:57",0.93737,1,dmitryc4be
1591,16838875,rsIntelligence,"2026-09-05 07:42:40",0.93737,1,rsintelligence
1592,16880838,Snehan,"2026-09-12 11:07:55",0.93737,1,snehan1608
1593,16841618,"Avnish Ahlawat","2026-09-06 02:12:51",0.93737,1,avnishahlawat
1594,16823647,"Christian F. Badillo H.","2026-09-04 02:47:57",0.93737,2,christiaanfbadilloh
1595,16879100,"Konain worsi","2026-09-12 15:23:54",0.93737,3,konainworsi
1596,16809231,"Takayanagi Sensei","2026-09-04 15:34:38",0.93736,4,takayanagisensei
1597,16860726,sgvnobxqf,"2026-09-12 16:27:46",0.93735,1,sgvnobxqf
1598,16829681,"Adrian Luu","2026-09-04 13:07:48",0.93731,2,adrianluu
1599,16804806,"Priyanshu Mishra","2026-09-08 15:35:36",0.93731,1,priyanshu7930
1600,16809893,"Irfan Arisani","2026-09-12 03:46:59",0.93718,1,irfanarisani
1601,16820326,benpython,"2026-09-03 16:27:23",0.93713,2,benlepers
1602,16842307,"Deepti Singh","2026-09-06 12:26:08",0.93710,1,deeptisingh3004
1603,16803644,"Philippe Coulombe","2026-09-11 15:18:21",0.93710,1,philippecoulombe
1604,16808828,vcor,"2026-09-07 09:54:39",0.93706,2,vcokaggle
1605,16877802,KJ,"2026-09-12 02:19:38",0.93702,1,jokerrt
1606,16822910,"Amit Roy Antu","2026-09-04 08:48:01",0.93702,2,amitroyantu
1607,16803920,seamanc2016,"2026-09-05 03:55:37",0.93701,1,seamanc2016
1608,16808966,"kaka m8n","2026-09-03 18:20:08",0.93701,1,kakam8n
1609,16843583,"Davin LeClair","2026-09-09 09:02:20",0.93696,2,davinleclair
1610,16881089,"craig sid","2026-09-13 06:06:52",0.93696,1,craigsid
1611,16818530,"Mohamed HADRICH","2026-09-03 12:56:04",0.93667,4,mohamedhadrich01
1612,16805226,JiatongLi,"2026-09-02 21:40:56",0.93665,1,jenniferjtli
1613,16840413,medraddaoui,"2026-09-06 17:53:55",0.93661,3,medraddaoui
1614,16825759,"Nagendra Gouda 125","2026-09-06 07:49:20",0.93655,2,nagendragouda125
1615,16841130,"ADITYA UPADHYAY","2026-09-06 17:06:26",0.93652,1,realaduop
1616,16808669,SriAliasBobby,"2026-09-09 20:49:26",0.93641,10,srialiasbobby
1617,16805239,"Kamil Nazarli","2026-09-11 12:56:12",0.93606,5,kamil9999
1618,16858020,"Md Tareq Shah Alam","2026-09-09 10:55:34",0.93563,1,mdtareqshahalam27
1619,16860035,simplecar,"2026-09-09 12:15:28",0.93550,1,simplecar
1620,16845408,"Creeper Thánh","2026-09-10 03:25:15",0.93483,4,creeperthnh
1621,16841782,"Muh Amri Sidiq","2026-09-12 22:34:30",0.93465,1,amri11
1622,16845192,"Sahil Naseem","2026-09-07 00:13:46",0.93436,1,sahilnaseem7
1623,16805120,"Prateek Srivastava","2026-09-06 19:48:31",0.93426,1,pratik2901
1624,16799198,cygnusterbang,"2026-09-01 07:26:30",0.93422,1,cygnusterbang
1625,16855470,"Hector D.V.","2026-09-08 20:17:42",0.93409,1,hectordv
1626,16805576,Orochimaru,"2026-09-07 23:31:44",0.93388,1,ishan8061
1627,16825670,stop__h_,"2026-09-07 03:32:27",0.93373,1,stophhh
1628,16867716,Vsevolod_progr,"2026-09-10 17:16:43",0.93340,1,vsevolodprogr
1629,16805481,"Leon Makaryan","2026-09-01 21:54:59",0.93324,1,leonmakaryan
1630,16802447,"Kanat Kozhaniyazov","2026-09-09 11:28:09",0.93324,1,kanatkozhaniyazov
1631,16804845,"abd el moujib","2026-09-01 20:31:18",0.93317,1,abdelmoujib
1632,16867635,"Boogey Man","2026-09-11 18:58:47",0.93307,10,boogey004
1633,16843493,"Murali Sairam","2026-09-12 13:31:59",0.93266,1,muralisairam
1634,16803754,"Priyanka Asthana","2026-09-02 17:54:28",0.93266,5,priyankasthana
1635,16853479,MachineNeil,"2026-09-08 09:14:49",0.93250,1,machineneil
1636,16809007,"Krishna Mahajan","2026-09-02 18:16:31",0.93228,1,krishna17311
1637,16845325,"Adewole Adedapo","2026-09-09 01:35:04",0.93205,1,adewoleadedapo
1638,16876763,"Toyosi Jogunola","2026-09-11 18:21:47",0.93201,1,toyosijogunola1
1639,16858634,briskwalking53,"2026-09-11 03:56:16",0.93199,1,takayukihayakawa
1640,16839552,"Deepak Reddy Kura","2026-09-10 18:07:29",0.93182,1,deepakreddykura
1641,16823293,"Troy Loeffler","2026-09-13 06:06:42",0.93154,17,troyloeffler
1642,16875483,vignesh201121,"2026-09-11 13:05:01",0.93093,1,vignesh201121
1643,16848898,CardboardTank,"2026-09-07 16:49:51",0.93087,1,cardboardtank
1644,16804793,algyier,"2026-09-03 18:59:50",0.93056,2,zyatro09
1645,16802704,"Jun Nohara","2026-09-02 11:20:29",0.93051,1,junnohara
1646,16831284,"Yuduo Wu","2026-09-05 03:47:21",0.93032,1,yuduowu
1647,16831142,Роман,"2026-09-12 14:22:47",0.92870,1,romanneromanov
1648,16806874,DhruvPatel0113,"2026-09-02 07:58:38",0.92756,1,dhruvpatel0113
1649,16810753,"Praxitelis Ntokos","2026-09-12 22:47:51",0.92689,1,praxitelisntokos
1650,16807148,"Zhong Yige","2026-09-02 07:18:52",0.92581,1,zhongyige
1651,16848116,"Enzo Cruciani","2026-09-11 13:00:00",0.92581,2,enzocruciani
1652,16801819,PHKSE7D39,"2026-09-03 07:27:00",0.92567,2,phkse7d39
1653,16798805,"Jim Gruman","2026-09-12 06:14:44",0.92560,11,jimgruman
1654,16882606,"Clare Laurent","2026-09-12 23:13:54",0.92536,1,clarelaurent
1655,16804963,"Jonathan T","2026-09-01 19:39:46",0.92406,2,jtdataperuser
1656,16862252,bumapdumpt,"2026-09-09 20:23:54",0.92371,1,bumapdumpt
1657,16810468,"Adam Martí","2026-09-03 18:48:10",0.92303,2,adammart
1658,16841173,"Juairia Apsara","2026-09-07 00:00:45",0.92205,1,juairiaapsara
1659,16832051,"Ray Smith","2026-09-09 18:06:25",0.92048,1,rsmith851
1660,16838926,Noon,"2026-09-08 03:19:03",0.91919,1,noon555
1661,16881535,"Zoltan Ersek","2026-09-12 17:09:44",0.89966,1,zoltanersek
1662,16806177,Deepak,"2026-09-07 18:15:03",0.88871,1,deepaksurya7
1663,16810471,"Swayam Bhoir","2026-09-05 15:49:01",0.88581,1,swayambhoir
1664,16808572,"Mihnea Munteanu","2026-09-02 12:46:45",0.88361,4,mihneamunteanu
1665,16798909,"Jisung woo","2026-09-02 06:00:28",0.88256,1,jisung77
1666,16810083,bourbaki,"2026-09-02 16:28:42",0.88146,2,filippogiovagnini
1667,16805566,"Hrishikesh Dhuri","2026-09-01 21:48:14",0.88110,1,hrishikeshdhuri19
1668,16799381,"Paras Gaur","2026-09-01 18:29:51",0.87908,2,animeguylrn
1669,16848899,"Daniil Pulatov","2026-09-08 16:35:24",0.87729,1,daniilpulatov
1670,16822411,"half sugerrr","2026-09-05 16:20:08",0.87626,8,halfsugerrr
1671,16881205,Sonali210,"2026-09-12 13:02:13",0.87589,2,sonali210
1672,16811633,"Wai Mai Lydia Tsang","2026-09-13 03:15:32",0.87582,8,waimailydiatsang
1673,16807146,"Amir Sohail","2026-09-12 10:55:54",0.87482,9,amirsohail122
1674,16844514,Charlotte,"2026-09-08 15:20:40",0.87420,1,alekseus
1675,16830806,"First name Second name","2026-09-10 21:38:43",0.86992,4,bredonmwangi
1676,16811236,BlazeAdapt,"2026-09-03 00:23:56",0.86632,1,blazeadapt
1677,16819628,"Rohit kumar211987","2026-09-04 08:10:34",0.86563,3,rohitkumar211987
1678,16844137,"Rohit Kumar #2","2026-09-07 18:50:43",0.86126,2,rohitraj264
1679,16803065,"Gauttam Jangir","2026-09-07 06:46:35",0.85345,14,gauttamjangir
1680,16865707,"Punit Parmar","2026-09-12 09:14:54",0.84391,4,punitparmar8949
1681,16832862,IMASD123,"2026-09-06 21:41:36",0.84160,1,imasd123
1682,16869709,"Felipe Livon","2026-09-11 17:16:51",0.84160,1,felipelivon
1683,16884423,ravina,"2026-09-13 05:30:40",0.83452,1,piratesofmonotony
1684,16799521,"Süleyman Yılmaz","2026-09-02 10:27:19",0.82334,3,slymnylmz
1685,16875774,Darynbek,"2026-09-12 03:05:32",0.81978,2,darynbek
1686,16799269,"Abdulhay Yassir","2026-09-05 14:56:08",0.81572,1,abdulhayyassir
1687,16879245,"Jasteg Singh","2026-09-12 06:09:42",0.81317,2,jastegsingh1234
1688,16798985,"Heath Dingus","2026-09-01 04:21:21",0.80913,10,heathdingus
1689,16838324,"Sumit Kumar Dwivedi","2026-09-11 07:34:25",0.80829,1,sumitdwi123
1690,16851817,HotMitDev,"2026-09-08 02:05:33",0.80784,2,hotmitdev
1691,16870608,田中偲惟人,"2026-09-12 06:52:02",0.80759,1,shiito
1692,16822993,"Cuschevici Climent","2026-09-04 13:24:51",0.80735,1,cuschevicicliment
1693,16841838,the007prime,"2026-09-07 14:10:11",0.80676,2,the007prime
1694,16839764,"P.Lakshmi Sainath Reddy","2026-09-05 13:45:54",0.80664,1,plakshmisainathreddy
1695,16804821,porvani2zi,"2026-09-06 19:09:35",0.80633,1,"belyaevgleb,duckichpuckich"
1696,16848037,Kutay23,"2026-09-07 13:25:44",0.80563,1,kutay23
1697,16883175,"Waleed Almorade","2026-09-12 22:34:21",0.80522,2,waleedalmorade
1698,16805441,"Beyza Durdu","2026-09-02 17:57:22",0.80490,1,beyzadurduu
1699,16840492,YMOM249,"2026-09-06 12:29:02",0.80424,1,kaggle5kaggle
1700,16876792,"Thales Galuchi","2026-09-12 22:54:40",0.80317,7,thalesgaluchi
1701,16842129,"Sakib Alam Jisan","2026-09-06 05:38:38",0.80312,1,sakibalamjisan
1702,16801177,AbuHelweh,"2026-09-08 12:14:28",0.80280,10,yahiaabuhelweh
1703,16876908,"Atharv Nawab","2026-09-11 20:19:51",0.80257,1,atharvnawab
1704,16830297,"Surendra Yarrareddy","2026-09-12 10:54:38",0.80069,1,surendrayarrareddy
1705,16864401,"Zhi1 Wang","2026-09-11 04:22:19",0.80063,1,zhi1wang
1706,16799356,"Vincentius Leonanda Prabowo","2026-09-06 07:21:27",0.80043,3,vincentius1013
1707,16865555,"Niranjan Lamichhane","2026-09-13 05:55:35",0.79411,1,niranjanlamichhane
1708,16831248,Kyon,"2026-09-11 12:59:56",0.76854,4,kyazaki
1709,16842135,Arif_tech,"2026-09-07 13:13:31",0.76518,1,ariftech
1710,16867481,"Royer Elvis Moreano Condorcuya","2026-09-11 15:47:46",0.73842,1,royerelvis
1711,16832454,M1nhPh4m,"2026-09-04 18:19:44",0.67459,1,m1nhph4m
1712,16827674,"Shaikh Mohammad Hasnat ","2026-09-04 11:42:33",0.58749,1,shaikhmohammadhasnat
1713,16800107,masayasuonodera,"2026-09-11 14:23:47",0.52500,2,masayasuonodera
1714,16798650,parkjuuyeong,"2026-09-01 00:31:02",0.50000,1,parkjuuyeong
1715,16800096,"BALAJI VARA PRASAD DEGA","2026-09-01 09:08:37",0.50000,1,balajivaraprasad
1716,16802594,"Sahir Maharaj","2026-09-12 22:53:09",0.50000,12,sahirmaharajj
1717,16805611,"David Blandón","2026-09-01 22:14:41",0.50000,1,dacxj0
1718,16841153,"Test Team","2026-09-05 19:36:24",0.50000,1,"emilygrace1431998,mdabdullahalafif"
1719,16841442,"Eng Ali Mutahhar","2026-09-05 21:52:31",0.50000,1,aliree
1720,16841573,"Mohammed alnzary","2026-09-05 23:45:25",0.50000,2,mohammedalnzary
1721,16841692,TommyMSCS,"2026-09-06 02:14:50",0.50000,1,tommymscs
1722,16845946,lucataco,"2026-09-07 04:30:17",0.50000,1,lucataco
1723,16857481,"Nguyễn Anh Tài","2026-09-09 01:50:56",0.50000,1,tainadpln
