Rank,TeamId,TeamName,LastSubmissionDate,Score,SubmissionCount,TeamMemberUserNames
1,16799961,"Christoffer Thimsen","2026-09-17 11:53:46",0.94675,31,lowasitgoes
2,16798949,"Chris Deotte","2026-09-11 20:50:03",0.94672,3,cdeotte
3,16798784,yalpha,"2026-09-18 05:53:23",0.94665,100,yusukeimura
4,16799525,BOB,"2026-09-18 14:17:08",0.94665,121,hotpotbro
5,16822665,Leo,"2026-09-08 10:52:33",0.94664,28,nanaresudo
6,16809885,"Paul Bryan Elefante","2026-09-18 15:26:12",0.94663,16,heuljax
7,16853354,"Eduardo Molina","2026-09-18 01:45:20",0.94662,17,eduardomolinaai
8,16803825,"Laura Liepa","2026-09-18 19:46:59",0.94660,103,lauraliepa
9,16897402,"Anurag Garg","2026-09-18 21:06:07",0.94660,22,anuraggarg1209
10,16798852,"M & M","2026-09-18 11:37:08",0.94660,78,"mahoganybuttstrings,masayakawamata"
11,16798679,Don-Ravi,"2026-09-18 04:33:27",0.94660,117,"donmarch14,ravi20076"
12,16798625,haya,"2026-09-17 16:56:26",0.94659,50,yhay81
13,16805636,Optimistix,"2026-09-18 23:59:18",0.94658,150,optimistix
14,16843730,"Kaggler Sergio","2026-09-18 20:20:44",0.94658,31,kagglersergio
15,16799685,starkhushi,"2026-09-18 05:00:15",0.94657,100,starkhushi
16,16802221,"Maher el Ouahabi","2026-09-15 00:46:02",0.94655,78,maherelouahabi
17,16823911,"Ahmet Bugrahan ALTUNOK","2026-09-18 23:49:26",0.94655,74,ahmetbugrahanaltunok
18,16799295,ikevayansky,"2026-09-15 01:46:04",0.94655,94,ikevayansky
19,16800007,Rapha,"2026-09-17 14:09:20",0.94655,61,raphaabels
20,16809987,ManuelArt,"2026-09-17 19:06:55",0.94654,44,manuelart
21,16858192,"Igor A","2026-09-17 04:03:42",0.94654,25,igorarapov
22,16801830,Tilii,"2026-09-18 22:30:16",0.94654,111,tilii7
23,16804794,avg,"2026-09-18 11:59:52",0.94654,29,alexgagloev
24,16802720,shimizuYY,"2026-09-18 10:23:32",0.94654,30,shimizuyy
25,16799914,tomasa2,"2026-09-18 09:49:31",0.94654,35,tomasa2
26,16882163,"Oleksii Zhukov","2026-09-18 07:32:27",0.94653,28,zhukovoleksiy
27,16799231,"Omkar Kadam","2026-09-18 12:11:27",0.94653,99,itzzomkar
28,16840371,CG,"2026-09-18 04:03:08",0.94653,68,alexanderwang2001
29,16822208,"Jasper Dekoninck","2026-09-05 18:28:21",0.94653,16,jasperdekoninck
30,16813926,"인공저능연구소( Artificial Idiocy Lab )","2026-09-18 00:17:03",0.94653,123,megayak
31,16865969,"SAURABH VISHWAKARMA","2026-09-18 06:54:02",0.94652,28,surabhv21
32,16798614,cstdy,"2026-09-18 21:03:51",0.94652,53,kirill0212
33,16876270,"Asem Adnan","2026-09-18 18:02:43",0.94652,80,asemadnan
34,16802882,"Adithya Giridharan","2026-09-18 16:26:39",0.94652,60,adithyagiri
35,16848028,Kirderf,"2026-09-18 16:20:40",0.94652,32,kirderf
36,16798610,"Xin Feng","2026-09-16 06:21:15",0.94652,10,milanfx
37,16897185,Klem,"2026-09-18 07:06:35",0.94652,11,theklem1234
38,16848963,DefiAudit,"2026-09-18 03:29:12",0.94652,75,defiaudit
39,16904645,"Longyu Qin","2026-09-17 22:53:15",0.94651,17,longyuqin
40,16847802,IchikaHoshino,"2026-09-18 00:15:49",0.94651,119,"htunkhi,kaxa1910,ratatatat2107"
41,16834326,Nath,"2026-09-17 00:50:15",0.94651,47,nathaliach
42,16799115,kglctf,"2026-09-18 03:56:19",0.94651,180,kglctf
43,16858954,"Khoi Ng","2026-09-17 08:37:42",0.94651,3,khoingt
44,16811824,"Hammad Farooq","2026-09-17 17:44:41",0.94651,12,malikhammadfarooq
45,16894248,"Ahsaan Raza","2026-09-17 17:45:56",0.94651,2,raoahsaanmaniii
46,16919863,"Arseniy Kalashnikov","2026-09-18 09:52:53",0.94651,4,"arseniykalashnikov,mikewow"
47,16914484,"Sachin Sachdeva","2026-09-18 11:49:30",0.94651,18,sachinsachdeva
48,16890256,"Luca Portugalli","2026-09-16 21:07:00",0.94651,4,lucaportugalli
49,16849043,xinghan,"2026-09-18 14:46:36",0.94651,47,xinghan0220
50,16863351,"GeunMo Yi","2026-09-18 03:59:13",0.94651,31,geunmoyi
51,16889447,Exposed,"2026-09-18 02:25:17",0.94651,40,erickeller2
52,16799328,CyberRacoon,"2026-09-18 10:22:17",0.94651,78,racoontw
53,16805319,サポタン,"2026-09-18 13:08:54",0.94651,42,sapotan
54,16920770,"Nikitas Rafael Nikitas","2026-09-18 16:42:08",0.94651,8,rafanikitas
55,16922102,"Prabhat Agnihotri","2026-09-18 19:02:13",0.94651,8,pls1999
56,16805583,jazivxt,"2026-09-18 05:51:10",0.94651,171,jazivxt
57,16872029,devsungyeon,"2026-09-18 02:03:54",0.94651,57,devsungyeon
58,16805381,taiseiu,"2026-09-18 05:59:03",0.94651,38,taiseiu
59,16843656,"Raju Sah","2026-09-18 16:24:17",0.94651,47,rajucode
60,16847460,"Mathieu W","2026-09-18 07:06:33",0.94651,31,mathieuw
61,16847295,"Team HRI","2026-09-16 11:56:35",0.94651,6,nilseinecke
62,16799216,"Ilya Sevastyanov","2026-09-18 04:13:08",0.94651,18,sev1lya
63,16862526,"Javier Hernáez","2026-09-17 16:29:02",0.94651,8,javierhernaez
64,16867753,Varangians,"2026-09-16 22:43:39",0.94651,35,"rishabhp97,s171004,saachishetty28"
65,16814215,Pra,"2026-09-18 18:17:43",0.94651,39,prabhatagnihotri
66,16879439,vizeno,"2026-09-18 02:26:18",0.94651,15,vizeno
67,16906909,BobtheBot369,"2026-09-18 03:07:22",0.94651,26,bobthebot369
68,16848410,takemo,"2026-09-18 04:55:52",0.94651,28,takemoriyuto
69,16871921,"Md Arafat","2026-09-18 18:11:25",0.94651,37,arafat362
70,16885983,"Mohamed el.harery","2026-09-17 17:45:00",0.94651,19,mohamedelharery
71,16825448,"Arnav Goel","2026-09-16 14:38:14",0.94651,36,arnavgoel17
72,16863564,"Saki Tenma","2026-09-17 02:12:57",0.94651,20,sakitenma
73,16802297,"Aman Atar","2026-09-17 03:36:38",0.94651,106,amanatar
74,16805476,KuziJA,"2026-09-17 04:02:07",0.94651,13,kuzija
75,16809336,"Sreejit Pradhan","2026-09-18 16:17:12",0.94651,22,sreejitpradhan
76,16845269,"GyuDong Lee","2026-09-17 02:16:11",0.94651,11,gyudonglee
77,16912809,spark328,"2026-09-17 09:19:01",0.94651,2,spark328
78,16814691,"Chinzorigt Ganbat","2026-09-17 14:22:35",0.94651,61,chinzorigtganbat
79,16823003,gulfan,"2026-09-18 15:47:39",0.94651,7,gulfan
80,16820934,"Nilav Kashyap","2026-09-18 15:51:05",0.94651,6,nilavkashyap
81,16840013,ajikajadeh,"2026-09-17 23:26:58",0.94651,40,ajikajadeh
82,16832536,"Md. Hamid Hosen","2026-09-18 01:00:38",0.94651,10,hosen42
83,16856887,Aamod06,"2026-09-17 18:39:18",0.94651,7,aamod06
84,16886396,"Rajan Nagarajan","2026-09-17 21:36:40",0.94651,4,narajan
85,16830559,guansuo,"2026-09-18 00:46:30",0.94651,2,guansuo
86,16881307,yeqinxin,"2026-09-18 06:54:04",0.94651,3,yqx123456
87,16918752,"Hyun-woo Kim","2026-09-18 06:45:26",0.94651,1,hwkims
88,16865714,"UTE AI Lab","2026-09-18 08:07:06",0.94651,14,nguynchutncng
89,16913726,suxing-star,"2026-09-18 08:21:48",0.94651,2,suxingstar
90,16799149,"Jay Prakash","2026-09-18 12:13:42",0.94651,6,godofoutcasts
91,16805966,CAPRICORNUS0908,"2026-09-18 14:21:20",0.94651,103,capricornus0908
92,16920300,"Sum Hsin Jee","2026-09-18 14:23:52",0.94651,1,sumhsinjee
93,16875499,"Berat Erol ÇELİK","2026-09-18 20:40:57",0.94651,53,beraterolelk
94,16921247,"Лукин Алексей","2026-09-18 21:13:06",0.94651,2,lukinalexey
95,16809918,aliemirkoca,"2026-09-16 19:34:30",0.94651,25,aliemirkoca
96,16889983,"Subodh Deogade","2026-09-16 14:01:11",0.94651,3,sometimessubodh
97,16798870,"Jenny He","2026-09-18 01:52:08",0.94651,57,jennyheeeeee
98,16920308,VicenteCardoso,"2026-09-18 16:25:25",0.94651,6,vicentescardoso
99,16880417,Dazai_is_not_here,"2026-09-18 05:52:09",0.94651,22,minmattral
100,16807998,"Md Abdul Al Hasib","2026-09-18 16:01:25",0.94651,13,mdabdulalhasib
101,16799811,Will,"2026-09-17 07:35:15",0.94651,103,"aditya2909rb,aryankaisth,wguesdon"
102,16806374,"Ronit Agarwal","2026-09-16 22:27:31",0.94651,21,"boandme,ronitagarwal1,shauryasahdev2"
103,16798563,"M.N. Mohamed Aman","2026-09-18 11:07:44",0.94651,90,mnmohamedaman
104,16894434,"Zhenrui.Weng & Zhouyi.Wang","2026-09-18 14:24:18",0.94651,5,"zhenruiweng,zhouyiwang25"
105,16909151,mrwanggang,"2026-09-17 03:28:48",0.94651,3,mrwanggang
106,16910591,"Laraib Fatima","2026-09-17 03:59:39",0.94651,2,laraib888
107,16798636,"Jeki Wan Taufik","2026-09-17 03:53:06",0.94651,11,jek1wantaufik
108,16913247,URAD,"2026-09-17 20:53:22",0.94651,3,uradkr
109,16921484,"Ahmed Abohadeed","2026-09-18 15:43:56",0.94651,1,abo7adeed
110,16894204,"Team Qing Cong","2026-09-19 00:06:41",0.94651,20,"mingzezhang1,tonyhuangnb"
111,16918435,"Roxy CAT22","2026-09-18 17:54:53",0.94651,10,roxycat22
112,16893928,JackyFan123,"2026-09-16 11:18:45",0.94650,20,jackyfan123
113,16852305,RainbowC0,"2026-09-16 05:10:39",0.94650,23,wenyezhou
114,16843606,"Shiv Satyam","2026-09-17 01:15:39",0.94650,15,shivsatyam
115,16800764,"Mizushima Toshihiko","2026-09-18 22:55:02",0.94650,110,mizushimatoshihiko
116,16828094,兄弟陪我同甘共苦，我就变同甘苦兄弟,"2026-09-16 06:52:00",0.94650,32,"typh0000n,yuanzhihao030605"
117,16906682,"peizhen qiu","2026-09-16 13:58:40",0.94650,2,peizhenqiu
118,16879871,Jakiduy,"2026-09-17 16:45:03",0.94650,14,jakiduy
119,16885873,"Дмитрий Герасимов","2026-09-13 10:58:15",0.94650,7,domager72
120,16823225,Aurrog,"2026-09-13 16:25:58",0.94650,26,aurrog
121,16897999,Kelp1k,"2026-09-15 21:11:29",0.94650,10,doktorkelp
122,16808961,QSynPrim,"2026-09-15 08:12:56",0.94650,62,ksmashhero
123,16827009,dosomethingbetter,"2026-09-18 10:34:56",0.94650,2,dosomethingbetter
124,16800029,BhuvanNR,"2026-09-17 13:14:23",0.94650,30,bhuvannr2006
125,16802736,"Joe Young","2026-09-15 15:50:05",0.94650,66,jsphyg
126,16829821,"Raghav Agrawal","2026-09-13 19:16:26",0.94650,19,raghagra
127,16875526,CHENJUNFENG,"2026-09-14 09:28:15",0.94650,10,fcjjpp
128,16907304,swamyksk@2004,"2026-09-16 15:58:36",0.94650,5,swamyksk2004
129,16806910,Naveenkumar,"2026-09-17 16:39:54",0.94650,94,"kavinn25,naveeen142007"
130,16799042,F.A.Nina,"2026-09-16 10:53:25",0.94650,97,nina2025
131,16803858,"Elvern Neylmav Tanny","2026-09-14 03:11:21",0.94650,18,elvernneylmavtanny
132,16911754,"Mohd Aasim Ansari","2026-09-18 05:35:52",0.94650,5,aasim2003
133,16806846,"Akhilesh godugu","2026-09-14 15:11:22",0.94650,6,akhileshgodugu
134,16855994,Vanshika,"2026-09-15 04:26:17",0.94650,9,crystalbaby
135,16854763,"Iswar Patra","2026-09-16 14:22:23",0.94650,6,iswarpatra
136,16868621,"Code Master","2026-09-16 01:21:24",0.94650,47,abdullahmathar
137,16844752,"Senih Bayankulu","2026-09-14 22:11:15",0.94650,21,senihbayankulu
138,16865334,Rohitt_94,"2026-09-14 07:36:10",0.94650,21,rohitt94
139,16799982,"Talha Tursun","2026-09-15 05:22:28",0.94650,86,talhatursun
140,16798730,"K.THARUN KUMAR","2026-09-14 13:49:27",0.94650,22,tharunkumar369
141,16847628,"Kunal Desale","2026-09-14 14:22:41",0.94650,10,kunaldesale2408
142,16881329,"Den Pugovkin","2026-09-17 14:07:27",0.94650,37,denpugovkin
143,16832827,JeedimetlaCharan213,"2026-09-15 11:56:37",0.94650,14,jeedimetlacharan213
144,16891090,"yankai shao","2026-09-16 01:23:13",0.94650,1,yankaishao
145,16799609,"Vinay Rai","2026-09-15 11:20:08",0.94650,10,vinay24baghira
146,16821861,"Mohammed Majeed","2026-09-16 07:20:02",0.94650,3,mojjeed
147,16897825,ghostttt_who,"2026-09-16 12:26:40",0.94650,10,ghosttttwho
148,16831056,"Alexey Kuznetsov","2026-09-18 19:53:16",0.94650,87,legtarrr
149,16823977,"Guilherme Raiuga","2026-09-15 02:39:10",0.94650,55,guilhermeraiuga
150,16875988,Taeyang,"2026-09-14 11:24:41",0.94650,37,taeyangg4
151,16826356,"Pablo César Ruíz","2026-09-15 21:57:04",0.94650,12,pcruiher08
152,16843855,"Sumit Sarkar","2026-09-15 17:58:47",0.94650,20,"csubhradipta,sumitsarkar969,suvagpoddar"
153,16891683,yjjhuj,"2026-09-15 05:54:13",0.94650,8,yjjhuj
154,16808436,NIklitaCheporev,"2026-09-14 21:20:37",0.94650,23,niklitacheporev
155,16806230,yukiZ,"2026-09-15 10:01:43",0.94650,4,hideyukizushi
156,16801810,"Anushka Kumari","2026-09-15 13:18:48",0.94650,6,kumarianushka02
157,16896249,"Gaurav Kokila","2026-09-16 04:03:01",0.94650,11,gauravkokila
158,16853864,"Ritanshu Prasad","2026-09-16 05:39:50",0.94650,3,ritanshuprasad
159,16799784,"Mathurin Ache","2026-09-16 07:16:01",0.94650,8,mathurinache
160,16896130,"Pj Sh","2026-09-16 12:27:59",0.94650,3,amirtanha
161,16807474,"Tamerlan Omralinov","2026-09-15 05:28:46",0.94649,21,tamerlanomralinov
162,16798714,"Sung Heo","2026-09-15 07:40:57",0.94649,45,kmmmvs
163,16804076,"Renji Starfall","2026-09-16 21:29:40",0.94649,22,renjistarfall
164,16831827,"nick gault","2026-09-16 05:45:36",0.94649,31,nicholasgg
165,16798831,Naji,"2026-09-18 22:38:38",0.94649,119,najiama
166,16872257,"Tomohiko Ikeda","2026-09-12 15:15:51",0.94649,8,tomohikoikedajpn
167,16854010,"Dank Axon","2026-09-16 05:40:55",0.94649,11,dankaxon
168,16884013,"fahim magsi","2026-09-13 11:16:52",0.94649,10,fahimmagsi
169,16885322,aether,"2026-09-13 12:20:19",0.94649,2,aether74
170,16799414,"Laurent Pourchot","2026-09-16 09:46:57",0.94649,25,pourchot
171,16799762,NapoleonIT,"2026-09-14 07:31:37",0.94649,66,alexfeklin1234
172,16807117,shisan92,"2026-09-18 00:45:02",0.94649,22,shisan92
173,16799720,"Krizsó Gergely","2026-09-13 16:57:21",0.94649,23,lucifer19
174,16810015,shawncsx,"2026-09-15 02:15:14",0.94649,37,shawncsx
175,16799336,Souvik_D_Biswas,"2026-09-13 17:27:25",0.94649,3,souvikdbiswas
176,16887566,"Sōsuke Aizen","2026-09-13 18:17:32",0.94649,1,soukeaizenz
177,16916970,Zuki,"2026-09-18 14:53:54",0.94649,13,zulkarneyn
178,16827807,"Alpay Abbaszade","2026-09-15 16:41:07",0.94649,17,alpayabbaszade
179,16886835,LIH.YUN,"2026-09-13 18:04:03",0.94649,2,fxlcee
180,16885134,"Manjunadh Padarthi","2026-09-17 06:28:20",0.94648,6,manjunadhpadarthi
181,16842157,SM30,"2026-09-11 13:09:35",0.94648,27,sagarmane104
182,16853876,KotaroT1,"2026-09-14 03:01:54",0.94648,12,kotarot1
183,16877418,"Kostiantyn Kazanin","2026-09-18 00:04:44",0.94648,18,kostya876
184,16894524,"Chudeng Lin","2026-09-15 08:38:36",0.94648,5,chudenglin
185,16804861,RuiFSPinto,"2026-09-18 07:50:56",0.94648,56,ruifspinto
186,16803972,"Pradeep Sriramula","2026-09-15 13:35:07",0.94648,10,pradeep0245
187,16890917,"Jiatong Ji","2026-09-18 06:53:28",0.94647,13,jiatongji
188,16915397,"Logan Clark","2026-09-17 14:34:52",0.94647,2,loganclark211
189,16799620,"Ismail Ucuran","2026-09-12 12:44:00",0.94647,12,ismailucuran
190,16810800,Randy,"2026-09-15 14:34:15",0.94647,50,rvndyerwin
191,16855478,"CHEN Xiang","2026-09-12 02:34:35",0.94647,37,intoxicatinglips
192,16798984,Abhijeet000000007,"2026-09-18 17:20:12",0.94647,61,"abhijeet000000007,clashingarena"
193,16798866,"Huzaifa Mankda","2026-09-18 14:39:09",0.94647,26,huzaifa242
194,16894327,maccine,"2026-09-18 12:56:06",0.94647,14,maxxxine
195,16798723,ganesha,"2026-09-16 07:07:08",0.94646,10,"naveenjv12,ramjv6"
196,16798880,Hermengardo,"2026-09-18 03:10:50",0.94646,61,hermengardo
197,16803764,"lionel W509","2026-09-13 08:47:26",0.94646,23,lionelw509
198,16798830,Juyong,"2026-09-18 01:45:33",0.94646,66,kimdoong
199,16802712,"Michael Y. Qiu","2026-09-18 23:56:11",0.94646,13,michaelqiu0606
200,16832906,"Nelson VIKOU","2026-09-17 18:16:11",0.94646,30,nelsonvikou
201,16906503,K3V1NM,"2026-09-18 17:33:11",0.94646,6,k3v1nm
202,16801873,"Evgeny Nevodnich","2026-09-16 17:06:42",0.94646,21,evgenynevodnich
203,16848636,"Takumu Hata","2026-09-18 15:55:54",0.94646,3,takumuhata
204,16831551,"Wenbo Qin","2026-09-16 04:25:18",0.94646,40,wenboqin
205,16894206,semistelly,"2026-09-18 04:56:06",0.94646,9,semistelly
206,16847429,scikit-learn,"2026-09-10 14:19:16",0.94646,32,scikitlearning
207,16846342,khursani,"2026-09-17 07:57:22",0.94645,24,khursani8
208,16804031,JusteME😅,"2026-09-17 13:48:04",0.94645,36,degnonguidi
209,16799087,easonyanyan,"2026-09-18 15:41:33",0.94645,24,easonyanyan
210,16803528,choqui62,"2026-09-18 10:53:50",0.94645,35,choqui62
211,16884436,"malcolm tan","2026-09-16 05:28:33",0.94645,8,malcolmtan
212,16897007,"RUSHMANTH NALLURI","2026-09-18 07:08:51",0.94645,7,rushmanthnalluri
213,16805147,Hemingweb,"2026-09-13 10:01:56",0.94645,40,"hemingweb,nassimdev0x"
214,16888009,dp23334,"2026-09-17 03:55:31",0.94645,11,dp23334
215,16870992,"Aaryan Pawar","2026-09-16 07:41:03",0.94645,25,aaryanpawar16
216,16872249,Farazsha,"2026-09-11 10:01:01",0.94645,1,farazsha
217,16845334,"Dary Cuello","2026-09-13 02:06:20",0.94645,8,skipperml
218,16798803,AnthonyTherrien,"2026-09-18 19:15:28",0.94645,25,anthonytherrien
219,16799484,"Charismatic Pizza Party🍕","2026-09-12 09:56:01",0.94645,6,debugendless
220,16881958,Febriyansyah,"2026-09-12 21:29:21",0.94645,5,febriyansyahresearch
221,16889249,"Dirt Ball","2026-09-16 02:51:37",0.94645,7,benprendergast
222,16824841,"Faraz Shamim","2026-09-18 14:46:08",0.94645,26,mrimperium
223,16881524,"Muhammed Shad Bhati","2026-09-12 14:14:51",0.94645,1,bhatimohdshad
224,16876854,MPEVP,"2026-09-12 18:39:57",0.94645,1,manojmandal
225,16802166,"Shigeru Kondou","2026-09-09 06:15:19",0.94645,7,shigerukondou
226,16798611,"Samuel martinez perez","2026-09-12 22:57:26",0.94645,8,samuelmartinezperez
227,16803816,Santhana,"2026-09-18 14:51:15",0.94645,9,santhanalekshmic
228,16882446,AlperennBaran,"2026-09-13 11:15:17",0.94645,8,alperennbaran
229,16879081,都是同龄人我原本没想降维打击！,"2026-09-16 01:11:28",0.94645,8,ordea1
230,16799732,camurberkayy,"2026-09-14 06:33:57",0.94645,11,camurberkayy
231,16832278,hotaq,"2026-09-17 17:41:14",0.94644,22,chinnaphatkhun
232,16903624,jackchen1207,"2026-09-16 07:15:02",0.94644,3,jackchen1207
233,16885493,Briano,"2026-09-17 02:05:54",0.94644,1,woominyo
234,16804882,elmo,"2026-09-15 11:31:53",0.94644,47,mktakizawa
235,16804441,"Andrew Leal70","2026-09-10 18:29:47",0.94644,22,andrewleal70
236,16898480,"Pranav pant","2026-09-18 17:52:03",0.94644,35,bored99
237,16875841,cccyou,"2026-09-13 10:09:19",0.94644,8,cccyou
238,16891352,Catalyst,"2026-09-14 13:56:56",0.94644,6,vibekaggler
239,16881741,mmasato,"2026-09-17 16:18:22",0.94644,11,mizogakimasato
240,16833189,DD_AI_Studio,"2026-09-14 01:45:19",0.94644,15,ddaistudio
241,16802187,jyama,"2026-09-17 23:16:16",0.94644,35,yarukikun
242,16864959,"Ripon C. Malo","2026-09-10 23:28:47",0.94644,2,riponce
243,16799673,@luke,"2026-09-16 16:55:52",0.94644,11,loukaspritsas
244,16799429,yuurei,"2026-09-17 00:52:53",0.94644,10,nyhalcyon
245,16846930,Bertholdt,"2026-09-11 07:19:59",0.94644,25,bertholdt
246,16860962,"Suraj Kumar Nanda","2026-09-14 19:03:37",0.94644,36,surajkumarnanda
247,16824074,SOONHANKWON,"2026-09-15 02:54:30",0.94644,10,soonabletv
248,16842698,MinhTran2346,"2026-09-10 08:41:40",0.94644,36,minhtran2346
249,16817896,famou,"2026-09-12 10:12:22",0.94644,14,lihuaiming
250,16866897,Algorex,"2026-09-10 13:50:15",0.94644,6,daniellebagaforomeer
251,16849097,"Diya Sharma","2026-09-10 17:08:57",0.94644,2,diyasharmanexa
252,16846931,beyond-compare,"2026-09-11 07:08:40",0.94644,9,"mathqueen,xihangshan"
253,16871221,haodou092,"2026-09-11 06:22:54",0.94644,1,haodou092
254,16811961,"Fil Thinh","2026-09-10 12:27:45",0.94644,12,filthinh
255,16853244,"Vũ Tuấn","2026-09-11 17:06:31",0.94644,33,vtunksdlvnj6
256,16863612,JinchengZhang1,"2026-09-10 02:54:35",0.94644,10,jinchengzhang1
257,16802111,"Nazar Koval","2026-09-18 06:52:04",0.94644,37,miickey
258,16839803,AreJain,"2026-09-10 17:21:10",0.94644,16,arejain
259,16828175,"Gregory L.","2026-09-10 11:33:00",0.94644,9,lgregory
260,16803030,"Hoai Vo","2026-09-09 15:16:45",0.94644,45,vkhoai
261,16866502,"Aniket Abhishek Soni","2026-09-10 12:11:03",0.94644,1,aniketsoni
262,16808677,Funguscakehead,"2026-09-14 03:02:41",0.94644,9,funguscakehead
263,16840930,Dubnium,"2026-09-13 11:39:35",0.94644,29,ahmetyasin1
264,16849496,PapaSoda,"2026-09-09 17:08:57",0.94644,5,papasoda
265,16800681,"Mikhail Naumov","2026-09-17 16:27:24",0.94644,131,mikhailnaumov
266,16870380,"Tejasv Bhatia","2026-09-12 07:45:41",0.94644,8,tejasvbhatia
267,16814953,ypl0lpy,"2026-09-09 06:29:49",0.94643,22,ypl0lpy
268,16886495,"Drek Fretson","2026-09-18 23:12:18",0.94643,25,drekfretson
269,16798678,YoussefSalem_fr,"2026-09-18 07:56:21",0.94643,54,youssefsalemishere
270,16904557,"Aliy Elbekov","2026-09-18 09:28:42",0.94643,10,aliyelbekov
271,16916705,paugibertacarreta,"2026-09-18 15:29:40",0.94643,14,paugibertacarreta
272,16799752,"Romone Dunlop","2026-09-11 08:10:40",0.94643,74,romonedunlop
273,16840935,miki,"2026-09-15 16:59:56",0.94643,24,miki2025lee
274,16849951,"Guy Bason","2026-09-16 10:03:13",0.94643,13,guybason
275,16905485,"Le Huy Tuong","2026-09-17 15:08:40",0.94643,14,lehuytuong
276,16883204,"[Deleted] 34116b1a-1130-4eae-95fb-514fd4d801b7","2026-09-12 22:14:21",0.94643,1,del=6d9c6949d9981c31
277,16881257,"minghao ma","2026-09-13 10:05:13",0.94643,9,minghaoma1
278,16895859,"Tadeáš Tkadlec","2026-09-17 10:41:59",0.94643,19,tadetkadlec
279,16857433,"Francisco Sánchez","2026-09-17 00:50:18",0.94643,6,fransafu
280,16809829,"Tatsuya Aramaki","2026-09-15 13:33:31",0.94643,18,tatsuyaaramaki
281,16810878,Jorgen9B,"2026-09-12 15:41:44",0.94643,44,jorgen9b
282,16865493,"Ark Medwin","2026-09-14 08:39:20",0.94643,8,benjfrank
283,16853007,jeongwonyu123,"2026-09-09 01:15:22",0.94643,17,jeongwonyu123
284,16802586,"Rob Schieber","2026-09-17 22:01:22",0.94643,28,robschieber
285,16879331,aliREZA,"2026-09-15 22:35:31",0.94642,5,afazlik1
286,16842264,"ML Player 1","2026-09-17 06:36:14",0.94642,27,"lihong0907,nemonade,stuartchu666"
287,16811067,"Baha Enes Ören","2026-09-08 10:15:48",0.94642,19,bahaenesren
288,16891617,"Arnav Gawade ","2026-09-18 17:36:03",0.94642,6,arnavgawade
289,16859333,"raghad alsaqqa","2026-09-17 10:13:29",0.94642,15,raghadalsaqqa
290,16798605,"Pavlo Ivanin","2026-09-08 14:37:38",0.94642,12,pavloivanin
291,16841712,"Sean Zhang","2026-09-08 20:43:24",0.94642,9,"blackpearls1,seanzhang2445"
292,16798958,huangbin,"2026-09-12 08:50:03",0.94642,27,huangbin1
293,16806545,mochi0601,"2026-09-14 16:47:50",0.94642,38,mochi0601
294,16842031,"Kim Minh","2026-09-12 03:42:48",0.94642,37,hanming14
295,16840897,"Kiran Kunapuli","2026-09-09 09:45:08",0.94642,10,kirankunapuli
296,16805310,"Sergey Qt2024","2026-09-18 18:01:50",0.94642,58,sergeyqt2024
297,16879334,"Leer Wong","2026-09-15 18:21:18",0.94642,5,leerwong
298,16838574,"Taemyung Heo","2026-09-13 12:28:04",0.94642,11,tmheo74
299,16832427,ASHML,"2026-09-13 18:36:01",0.94642,10,ashml
300,16799267,June3141,"2026-09-10 08:10:37",0.94642,4,june3141
301,16882852,"John Tyler","2026-09-12 20:33:35",0.94642,1,johntyler331
302,16888372,"Niloofar Yoonesi","2026-09-18 12:30:15",0.94642,5,niloofaryoonesi
303,16854578,"Asuu Dane","2026-09-10 16:36:48",0.94642,1,asuudane
304,16838711,"sakkn sakkn","2026-09-15 03:12:10",0.94642,15,sakknsakkn
305,16799072,lighth,"2026-09-15 01:14:48",0.94642,6,lighth
306,16802953,Ole-Jakob,"2026-09-14 15:04:41",0.94642,43,olejakobrosenvold
307,16898992,Vance,"2026-09-16 04:24:36",0.94641,6,vansbc
308,16832950,Fayette77,"2026-09-16 05:07:45",0.94641,16,fflucky
309,16853116,"navazsh fathi","2026-09-12 08:58:57",0.94641,3,navazshfathi
310,16882907,"محي الدين العنسي","2026-09-13 20:55:17",0.94641,5,mohyaldeen77
311,16810298,"Jared Floersch","2026-09-10 06:43:25",0.94641,33,jaredfloersch
312,16843980,"Shengwei Lu","2026-09-14 21:34:25",0.94641,7,shengweilu
313,16875458,SeraphinaGlacia,"2026-09-11 13:32:45",0.94641,6,seraphinaglacia
314,16842758,"Keiichiro Terahara","2026-09-08 08:35:17",0.94641,16,keiichiroterahara
315,16890915,关注塔菲喵,"2026-09-14 17:37:25",0.94641,10,"bronwick,sunnyhe123"
316,16850692,Cate,"2026-09-11 10:10:03",0.94641,15,catejames
317,16864977,AmitKumarPradhan,"2026-09-11 19:26:32",0.94641,16,akpradhn
318,16847574,"Liujin Qiu","2026-09-16 02:18:07",0.94641,3,qqiuliujin
319,16842814,ParsaAshrafi,"2026-09-14 12:19:37",0.94641,12,parsaashrafii
320,16839897,kenchanhodgkin,"2026-09-18 23:59:29",0.94641,13,kenchanhodgkin
321,16861973,quzhihang,"2026-09-10 11:36:20",0.94641,5,quzhihang
322,16802687,SergeyN1942,"2026-09-18 18:38:41",0.94641,60,sergeyn1942
323,16803997,"Praneeth Paikray","2026-09-07 20:26:00",0.94641,26,paiky1995
324,16870580,"Ugur Tasdan","2026-09-13 00:06:03",0.94641,14,fairlanderflick
325,16817843,"Dannya AbdulHadi","2026-09-13 03:29:17",0.94641,4,dannyaabdulhadi
326,16866443,goodpjw2008,"2026-09-16 14:13:18",0.94641,14,goodpjw2008
327,16893752,"Jack Shumway","2026-09-18 14:38:01",0.94640,2,jackshumwaya3x
328,16809162,"kyle Taylorer","2026-09-12 09:37:54",0.94640,10,kyletaylorer
329,16860415,Aelly,"2026-09-11 10:51:22",0.94640,7,aellyyy
330,16804363,GurSimran,"2026-09-17 12:54:04",0.94640,17,gurseeon
331,16798971,daoviet,"2026-09-14 07:32:31",0.94640,25,daoviet
332,16820688,"Umair Zia","2026-09-15 15:32:11",0.94640,22,stealthtechnologies
333,16800069,wmls^0^okok,"2026-09-14 01:06:59",0.94640,9,kjy666
334,16802295,Ajanraj,"2026-09-12 19:55:53",0.94640,16,ajanraj25
335,16806696,米津玄師.,"2026-09-16 04:54:08",0.94640,12,useikawa
336,16871380,Imcyj123,"2026-09-16 00:48:35",0.94640,40,kurase
337,16802824,"Liam O’Brien","2026-09-15 10:38:09",0.94640,4,liamob96
338,16802812,"Abu Kayyisah Basyid","2026-09-13 15:10:04",0.94640,22,abukayyisahbasyid
339,16852935,Jackpot181,"2026-09-15 12:24:28",0.94640,7,jackpot181
340,16808993,"Akiyoshi Kinoshita","2026-09-15 08:26:25",0.94640,15,satokin13m
341,16851746,"chen junnian","2026-09-08 07:16:45",0.94640,10,chenaini
342,16842182,Koooooooooo,"2026-09-11 09:35:01",0.94640,15,kouokada
343,16828109,sanny0605,"2026-09-18 01:38:39",0.94640,121,sanny0605
344,16850451,Cpleasance,"2026-09-12 00:14:49",0.94640,24,cpleasance
345,16880507,"Omar Mukhtar","2026-09-13 12:46:19",0.94640,14,omarmukhtar3
346,16830917,"Murat Emre YÜCEL","2026-09-09 10:48:11",0.94640,23,muratemreycel
347,16853080,jingle2026,"2026-09-10 05:02:43",0.94640,5,jingle2026
348,16905383,李明,"2026-09-17 04:33:01",0.94639,10,liming2026good
349,16808095,kminsher,"2026-09-18 12:41:40",0.94639,21,kminsher
350,16871923,"Clement Ling","2026-09-12 16:32:37",0.94639,6,clementling
351,16799386,"Sala J","2026-09-10 09:59:02",0.94639,31,sjwell
352,16886658,xhsmsuper,"2026-09-13 19:18:08",0.94639,4,xhsmsuper
353,16876177,SergioMoras,"2026-09-13 16:27:16",0.94639,7,sergiomoras
354,16845485,niulai,"2026-09-08 03:57:10",0.94639,10,rngrng
355,16802764,cigdembal,"2026-09-18 16:39:40",0.94639,46,cigdembaloglu
356,16823331,Charlezz8z,"2026-09-10 03:23:27",0.94639,9,charlezz8z
357,16843254,zfzflzf,"2026-09-17 04:09:40",0.94639,11,zfzflzf
358,16881357,zhangwr6666,"2026-09-15 13:50:41",0.94639,2,zhangwr6666
359,16841792,salamanda19,"2026-09-16 19:17:22",0.94639,8,salamanda19
360,16859513,"Maziyar Abyari","2026-09-16 23:44:35",0.94639,11,maziyarabyari
361,16823055,SDA000,"2026-09-18 11:14:50",0.94639,34,sda000
362,16913980,"bank kobe","2026-09-18 06:49:51",0.94639,13,bankkobe
363,16857102,"Possible Knowledge","2026-09-12 19:35:53",0.94639,18,possibleknowledge
364,16807826,"rupsa roy","2026-09-08 05:04:06",0.94639,4,rupsarroy
365,16803041,nkmr,"2026-09-17 02:43:17",0.94638,22,nicomugilove
366,16843266,Jim879793123,"2026-09-15 05:50:33",0.94638,9,jim879793123
367,16881908,pwxc00,"2026-09-12 17:12:31",0.94638,2,alert04
368,16803634,"Arnie Jimenez","2026-09-14 19:00:50",0.94638,15,arniejimenez
369,16846551,Dilovar,"2026-09-08 05:30:21",0.94638,4,dilovar
370,16857913,"Sukanti Kar","2026-09-09 04:09:44",0.94638,1,sukantikar
371,16896223,"Koh Endru","2026-09-16 03:42:06",0.94638,7,kohendru
372,16798601,"Georgy Mamarin","2026-09-12 07:58:12",0.94638,11,georgymamarin
373,16799807,"Patrice MAZEL","2026-09-13 10:35:55",0.94638,2,patricemazel
374,16803855,Evdilos_Ikaria,"2026-09-16 03:56:57",0.94638,28,georgem
375,16849042,"Muhammad Khan Muneer","2026-09-10 21:52:03",0.94638,7,muhammadkhanmuneer
376,16839884,"MN Kaggler","2026-09-17 18:05:16",0.94638,19,mnkaggler
377,16852671,"Lê Quang Cảnh","2026-09-12 13:19:46",0.94638,12,zhincez
378,16823555,"Bulşah Keçici","2026-09-15 04:53:46",0.94638,8,bulsahkecici
379,16808154,"Grace Ganyilo","2026-09-17 09:09:10",0.94638,5,graceganyilo
380,16886455,"Alpha Lin","2026-09-14 01:13:40",0.94638,12,alphalin2010
381,16867794,"Nitish Songara","2026-09-11 08:16:10",0.94638,6,nitishsongara
382,16811462,really?,"2026-09-14 11:22:57",0.94638,11,udaken10
383,16868635,"Hüseyin Enes Duran","2026-09-11 21:30:54",0.94638,12,hseyinenesduran
384,16918677,"cinnamon melon pig","2026-09-18 15:45:12",0.94638,1,cinnamonmelonpig
385,16845914,"coke lu","2026-09-08 08:33:13",0.94638,5,cokelu
386,16892492,"Almaz Sakhapov","2026-09-18 03:56:32",0.94638,4,almazsakhapov
387,16920772,"Eren Batı","2026-09-18 18:22:11",0.94638,3,erenbati
388,16855013,Sakthei,"2026-09-13 17:40:31",0.94638,2,sakthei
389,16878837,beibeihk,"2026-09-12 04:02:53",0.94638,3,beibeihk
390,16799970,"Tuncay Aydın","2026-09-14 04:40:11",0.94638,6,muhammedtuncayaydn
391,16823053,XAVI,"2026-09-15 19:58:21",0.94638,13,xx1263
392,16876372,Ayodeji,"2026-09-14 11:02:18",0.94637,6,ayodejiibrahimlateef
393,16865244,"Krissawan Boontham","2026-09-14 14:41:20",0.94637,13,krissawanboontham
394,16829894,Kyr1ll,"2026-09-09 12:03:22",0.94637,5,kyr1ll
395,16816456,tuko_tanzwoo,"2026-09-12 05:46:18",0.94637,17,tukotanzwoo
396,16850954,"Lamine Yamal","2026-09-07 23:38:05",0.94637,1,ermanman
397,16862239,MetamorphoseQ,"2026-09-10 03:54:39",0.94637,2,metamorphoseq
398,16815512,ali_abidi_1111,"2026-09-12 14:42:22",0.94637,13,aliabidi2357
399,16814708,maronist,"2026-09-08 01:19:13",0.94637,4,emikonandate
400,16863977,arare-uma,"2026-09-10 05:58:49",0.94637,1,arareuma
401,16798599,"Дворкин Евгений Владимирович","2026-09-12 21:13:59",0.94637,32,evgendvorkin
402,16881292,AryamanSi17,"2026-09-13 19:03:53",0.94637,13,aryamansi17
403,16803000,destroyer@123787,"2026-09-16 11:22:03",0.94637,5,destroyer123787
404,16817026,kif,"2026-09-12 06:10:22",0.94637,16,echigobran
405,16871172,"Dinidu Rukshan","2026-09-12 14:20:13",0.94637,9,dinidurukshan
406,16845402,cshara,"2026-09-15 12:00:39",0.94637,1,cshara
407,16803292,dukka,"2026-09-13 13:54:31",0.94637,51,onurozahioglu
408,16862089,"Electric Weasle","2026-09-09 17:38:51",0.94637,4,electricweasle
409,16848954,Psi,"2026-09-18 09:11:21",0.94637,14,philippsinger
410,16871146,huijie_g,"2026-09-16 08:49:17",0.94637,11,huij11gg
411,16838667,"Xiangtao Xiao","2026-09-14 08:10:59",0.94637,2,xiangtaoxiao
412,16807684,"Sayaka Kitahara","2026-09-15 08:20:17",0.94637,13,sayakakitahara
413,16908412,"Kartik Chilkoti","2026-09-17 17:28:02",0.94637,10,kartikchilkoti
414,16798882,Solid,"2026-09-18 15:59:50",0.94636,43,nizhen
415,16876094,Nihil1337,"2026-09-14 09:15:59",0.94636,31,nihil1337
416,16809944,"Brejesh Balakrishnan","2026-09-13 05:44:26",0.94636,5,brejeshbalakrishnan
417,16802405,"Toshifumi Komiya","2026-09-18 06:10:26",0.94636,46,toshifumikomiya
418,16839989,awei,"2026-09-17 01:47:29",0.94636,11,awei666
419,16799109,BlamerX,"2026-09-11 09:09:48",0.94636,27,blamerx
420,16807961,"Arivu Chezhiyan","2026-09-08 04:44:24",0.94636,71,"arivuchezhiyan,jeevag2006"
421,16856850,"Jiayi Du","2026-09-08 22:18:04",0.94636,1,jahyee
422,16881623,Wei,"2026-09-14 16:29:47",0.94636,6,wwang200
423,16838710,psychoTKC,"2026-09-12 07:35:55",0.94636,7,psychotkc
424,16847182,"Bitbyte gng","2026-09-12 09:05:04",0.94636,17,"abhiramdarbha,manittiwari,tannna"
425,16841137,"Görkem Ege Akıncı","2026-09-18 03:20:49",0.94636,11,grkemegeaknc
426,16861891,"Enrico Silvi","2026-09-09 20:50:33",0.94636,3,enricosilvi
427,16877292,"Hamza Zulfiqar","2026-09-16 10:06:49",0.94636,8,rhamzazulfiqarj
428,16802602,"ML learner","2026-09-13 14:18:20",0.94636,6,usermaname1
429,16798810,kava1,"2026-09-18 14:30:54",0.94636,77,kava1
430,16845047,"Rafael Gomes","2026-09-11 20:51:23",0.94636,6,grafael
431,16810884,Vaibhav,"2026-09-08 12:40:19",0.94636,25,vaibhavpatel
432,16841279,"M Who 11","2026-09-09 16:04:47",0.94636,3,mwho11
433,16828134,"Younghwan Hwang","2026-09-14 08:52:41",0.94635,9,younghwanhwang
434,16806975,John,"2026-09-05 01:23:22",0.94635,28,john159151
435,16865928,"Reda Mountassir","2026-09-17 15:01:17",0.94635,13,"aribaymane61,redamountassir"
436,16867270,"Triết Nguyễn","2026-09-14 09:20:38",0.94635,25,strayer1337
437,16811459,GCarnovale,"2026-09-18 01:51:47",0.94635,61,gcarno
438,16799655,AjayKumar@9391123,"2026-09-09 11:23:19",0.94635,14,ajaykumar9391123
439,16878590,"Shuichiroh Oda","2026-09-13 02:10:11",0.94635,10,shuichirohoda
440,16833268,HIGORMALz,"2026-09-15 22:13:38",0.94635,17,higormalz
441,16805518,"Santiago Maniches","2026-09-14 15:30:59",0.94635,49,santmani
442,16822871,Timass,"2026-09-04 15:24:36",0.94635,11,timmass2
443,16914777,canary17,"2026-09-18 08:34:34",0.94635,4,canary17
444,16802907,YUYA,"2026-09-16 11:52:02",0.94635,5,yuyaizumikawa
445,16809492,"Mohamed Youssef","2026-09-07 13:43:20",0.94635,20,mhmd1424
446,16810341,datatuu,"2026-09-05 17:00:05",0.94635,21,yaoguang516
447,16805281,SC,"2026-09-08 13:29:11",0.94635,42,ryosketchbook2007
448,16844017,"hamdi mohamed","2026-09-07 11:00:26",0.94635,2,hamdimohamed22
449,16807259,"Manoj L9865988","2026-09-18 20:23:21",0.94635,24,"manojl9865988,navyashettynsagae"
450,16802257,"Asterios Terzis","2026-09-05 20:51:00",0.94635,7,asteriosterzis
451,16895410,Cho_Kang_Hee,"2026-09-18 08:40:12",0.94635,15,chokanghee
452,16839908,"Mehran Kazeminia","2026-09-16 10:47:50",0.94635,48,mehrankazeminia
453,16850553,"Mark Barney","2026-09-16 19:41:13",0.94635,3,markbarney
454,16871224,"padma akash","2026-09-11 08:55:08",0.94634,2,padmaakash
455,16881535,"Zoltan Ersek","2026-09-18 11:18:46",0.94634,7,zoltanersek
456,16861090,hailillya,"2026-09-10 15:48:06",0.94634,6,hailillya
457,16847933,weichy7,"2026-09-14 06:14:38",0.94634,6,weichy7
458,16891680,"ZeKai Zhan","2026-09-18 06:52:54",0.94634,3,zekaizhan
459,16826206,"Abiram Bharathi S.A","2026-09-08 10:01:52",0.94634,27,abirambharathisa
460,16809421,yatakeuc,"2026-09-10 12:00:18",0.94634,21,yatakeuc
461,16904753,"Kagan Mumcu","2026-09-16 12:11:42",0.94634,2,kaganmumcu
462,16810297,overwhelmer,"2026-09-05 16:03:39",0.94634,19,overwhelmer
463,16799524,tuboa2,"2026-09-18 07:38:51",0.94634,26,tuboa2
464,16897555,columnz7,"2026-09-16 06:48:27",0.94634,1,columnz7
465,16821928,"Akalya Bharathi S A","2026-09-12 15:51:10",0.94634,21,akalyabharathisa
466,16891960,europanite,"2026-09-18 13:28:01",0.94634,14,europanite
467,16838199,"Shishir Adhikari","2026-09-18 00:16:01",0.94634,8,shishiradhikari11
468,16845423,XJHya233,"2026-09-07 20:49:49",0.94633,8,xjhya233
469,16886006,"Selim Halykov","2026-09-13 13:43:06",0.94633,2,selimhalykov
470,16830370,KikET,"2026-09-11 13:09:06",0.94633,8,kikets
471,16846099,"sabbir hossain","2026-09-07 06:29:48",0.94633,1,sabbirhardworker
472,16841650,"Travis Reinart","2026-09-08 23:25:44",0.94633,3,travisreinart
473,16871638,aueurm,"2026-09-11 17:00:01",0.94633,2,aueurm
474,16823643,"Muneeb ul Hassan","2026-09-08 16:08:41",0.94633,7,muneeb2405
475,16808122,Ricky,"2026-09-05 06:06:50",0.94633,9,rickyds97
476,16823495,dragoshh1984,"2026-09-08 16:22:38",0.94633,7,dragoshh1984
477,16844525,zqh19991223,"2026-09-07 07:33:10",0.94633,13,zqh19991223
478,16802485,JungHwan,"2026-09-05 07:29:23",0.94633,10,najunghwan
479,16880143,xuechengzou,"2026-09-13 04:51:49",0.94633,3,xuechengzouinkaggle
480,16894650,Ramadhanigb19,"2026-09-16 01:44:22",0.94633,4,ramadhanigb19
481,16802581,AI6102,"2026-09-05 14:46:10",0.94633,8,"liudiandian,lymhhh666"
482,16882597,"Zhihuan Xue","2026-09-12 20:28:09",0.94633,2,xuantianfengwu
483,16823033,coder738,"2026-09-18 10:25:00",0.94633,4,coder738
484,16801472,"Bros 360x","2026-09-05 08:11:09",0.94633,27,"alexander683,bros360x"
485,16805265,"Silvan Müller","2026-09-05 22:21:33",0.94633,7,silvanmller
486,16806089,khgb,"2026-09-08 00:06:21",0.94633,40,khgb123
487,16809986,"Guru Prasaath S","2026-09-06 04:09:06",0.94633,3,guruprasaathas111
488,16839411,"Patrick CHER","2026-09-15 05:34:14",0.94633,25,patrickcher
489,16808556,"Ali Ghandi","2026-09-14 14:16:14",0.94632,11,aligh474
490,16847488,"Yan Tao Tang","2026-09-18 04:47:44",0.94632,8,yantaotang
491,16798811,sswatari,"2026-09-07 06:37:57",0.94632,18,sswatari
492,16859579,CongNguyenM,"2026-09-09 12:43:24",0.94632,8,congnguyenm
493,16833289,"Alejandro Lopez-Rincon","2026-09-13 22:30:40",0.94632,38,alejandrolopezrincon
494,16803281,"Mohan Krishna Thalla","2026-09-17 16:44:34",0.94632,6,mohankrishnathalla
495,16904836,Mario,"2026-09-17 11:04:49",0.94631,4,mario9898
496,16842060,"Rob C","2026-09-08 00:54:57",0.94631,4,robertcheah
497,16820895,Sybery_AI,"2026-09-06 21:27:10",0.94631,17,syberyai
498,16857868,rehubinggao,"2026-09-14 04:26:42",0.94631,8,rehubinggao
499,16803386,Jatin,"2026-09-18 10:01:40",0.94631,5,jatinkumar2005
500,16839666,"Yash Aswale","2026-09-12 21:01:18",0.94631,7,yashloq779
501,16860307,Araki.rw,"2026-09-12 16:08:41",0.94631,5,arakirw
502,16846892,"Rintaro Tsumugi","2026-09-18 15:53:07",0.94631,8,rintarotsumugi
503,16858075,Carter,"2026-09-16 00:46:07",0.94631,16,caca505
504,16870733,Jingxiang,"2026-09-11 18:30:17",0.94631,5,jingxiango
505,16841843,"Aadit Agrawal","2026-09-06 04:05:51",0.94630,8,aaditagrawal
506,16913962,Sora_JODDD,"2026-09-17 14:08:30",0.94630,5,sorajoddd
507,16833367,"Mihir Argulkar","2026-09-07 08:13:42",0.94630,9,mihirargulkar
508,16798566,Chovy,"2026-09-10 01:00:22",0.94630,20,chovyxu
509,16799786,"Nityashmi sharma","2026-09-05 09:11:32",0.94630,20,"hargunsandhu,nityashmisharma"
510,16845576,CHCV,"2026-09-10 11:57:33",0.94630,3,chcvpz
511,16870701,"Võ Xuân Thùy","2026-09-12 14:59:23",0.94630,7,thyvxun
512,16842677,endobop,"2026-09-14 09:39:08",0.94630,8,krishanukalita
513,16808813,"Muhammet Faruk Erem","2026-09-16 22:02:51",0.94629,36,muhammeterem
514,16805458,Herohito,"2026-09-18 20:40:45",0.94629,8,aangphurba
515,16870060,Hamachi,"2026-09-11 10:12:54",0.94629,5,hamatz
516,16798594,isthereanycode,"2026-09-04 04:21:34",0.94629,30,isthereanycode
517,16832837,"Marie-Lou Barnaud","2026-09-13 17:17:35",0.94629,6,marieloubarnaud
518,16916230,VROPEXT,"2026-09-17 19:19:48",0.94628,1,vropext
519,16921319,Hydru8128,"2026-09-18 23:50:56",0.94628,6,hydru8128
520,16802740,"Just Code","2026-09-11 15:37:11",0.94628,12,justcode1
521,16805868,"Gaurab Baral","2026-09-04 13:24:59",0.94628,13,itzgauurab
522,16819432,"Ali hussien jawad","2026-09-13 22:06:15",0.94628,18,"alihussienjawad,khalidnidawi"
523,16844686,Abhinandan,"2026-09-06 22:22:09",0.94628,3,abhi8667j
524,16798911,Chiranjeev,"2026-09-06 04:33:06",0.94628,18,abhirajhiwale
525,16832500,"An Pham","2026-09-04 18:40:21",0.94628,8,hoang1711
526,16822664,"Dhruv Tibarewal","2026-09-07 16:24:01",0.94627,5,dhruvtibarewal
527,16805293,r2singh,"2026-09-16 17:52:19",0.94627,4,ratnaraj
528,16817920,"Juan Oliver","2026-09-14 18:51:49",0.94627,15,juanmaoliver
529,16877337,"Felipe Figueiredo02","2026-09-11 23:12:43",0.94627,6,felipefigueiredo02
530,16798623,"Evan Arlen Handy","2026-09-04 01:07:17",0.94627,14,evanarlenhandy
531,16890566,"Nguyen Nhut Minh","2026-09-17 16:01:42",0.94627,8,nguyennhutminh
532,16805345,彭元彥,"2026-09-02 19:00:00",0.94627,6,pongpong1027
533,16832851,"Selim Akl","2026-09-05 13:22:49",0.94627,7,selimakl
534,16799677,Krisuj,"2026-09-17 09:06:55",0.94627,2,krisuj
535,16798965,"Hussaan Haroon","2026-09-10 15:26:19",0.94626,3,hussaanharoon
536,16887345,"ronger zhu","2026-09-17 05:45:46",0.94626,15,rongerzhu
537,16887271,"Utkirbek Azimov","2026-09-14 07:47:01",0.94626,4,azimovu
538,16798905,"DYLAN GUNAWAN13331","2026-09-02 07:40:21",0.94626,11,dylangunawan13331
539,16806474,"tom c tea","2026-09-13 04:21:52",0.94626,5,tomctea
540,16798795,"(ノ◡ <)","2026-09-13 12:38:27",0.94626,10,nawfeelrahman1124444
541,16897877,"Mitansh kanani ","2026-09-18 19:01:45",0.94626,14,"aadithire,mitanshkanani"
542,16859512,"Kosuke KUWAHARA","2026-09-13 13:19:11",0.94625,6,kukukucode
543,16818192,"Augustine Williams223","2026-09-03 10:48:34",0.94625,1,augustinewilliams223
544,16920832,"SEUN OH","2026-09-18 14:26:02",0.94624,1,ohseun0210
545,16801189,Keanan,"2026-09-17 14:07:13",0.94624,5,citerne
546,16828008,"Jayyanth K B","2026-09-09 13:54:18",0.94624,10,jayyanthkb
547,16852781,"Safwan Amin","2026-09-08 17:56:31",0.94624,5,bracu23101281
548,16885753,"Rabia Naz","2026-09-18 23:27:33",0.94624,10,rabianaz22
549,16810087,CaptainNemo,"2026-09-04 17:52:33",0.94624,17,nemokaggler
550,16801950,haukesteffen,"2026-09-17 14:52:34",0.94624,19,haukesteffen
551,16884857,Shakeel,"2026-09-13 15:53:05",0.94623,7,shakeel787
552,16832136,huohuaya,"2026-09-06 02:13:28",0.94623,5,huohuaya
553,16841605,"Sushmit Deb","2026-09-06 21:55:41",0.94623,5,sushm17
554,16814218,人畜无害,"2026-09-04 02:24:16",0.94623,11,slowmo19
555,16919677,"Lev Morozov","2026-09-18 13:18:52",0.94623,2,levmorozov
556,16848276,"Cemal Ataş","2026-09-07 19:30:42",0.94623,5,cemalata
557,16799994,"jidong Wu","2026-09-06 11:57:06",0.94622,6,jidongwu
558,16810147,"Roshan Roy","2026-09-06 12:34:06",0.94622,1,roshanroy333
559,16885966,Kan,"2026-09-16 13:22:43",0.94622,8,kantamotohashi
560,16799543,Finezza,"2026-09-18 20:02:49",0.94622,19,finezza
561,16810885,"Gaiar Baimuratov","2026-09-03 16:35:47",0.94622,11,baimuratov
562,16840877,KLwin,"2026-09-15 13:56:12",0.94622,14,amanmt24013
563,16832041,datarchive,"2026-09-08 16:28:41",0.94622,12,univekqls
564,16823819,"Clark Kitchen","2026-09-05 21:14:12",0.94622,3,clarkkitchen
565,16827146,wanglei,"2026-09-17 09:43:59",0.94621,20,wellywelly
566,16810511,StephenNedumpally,"2026-09-02 18:06:05",0.94621,1,stephennedumpally
567,16905057,"Bala Baskar","2026-09-18 17:11:46",0.94621,7,balabaskar
568,16855395,KennyHTW,"2026-09-08 19:58:46",0.94621,6,kennyhtw
569,16799922,"Anhad Mahajan","2026-09-05 18:47:11",0.94621,46,anhadmahajan06
570,16883171,bliutech,"2026-09-13 17:12:42",0.94621,10,bliutech
571,16800168,MAT,"2026-09-07 12:23:00",0.94621,15,mehmetanltays
572,16811220,blacksword812,"2026-09-06 21:16:32",0.94621,19,blacksword8192
573,16804847,"Vladimir Demidov","2026-09-16 20:27:18",0.94621,100,yekenot
574,16833018,AsSidiq,"2026-09-05 04:05:41",0.94621,18,assidiq
575,16805721,"Rommel Sharma","2026-09-17 05:53:44",0.94621,12,rommelsharma
576,16843561,QiYian,"2026-09-06 15:19:25",0.94620,5,uhduih123
577,16889130,maoxin123,"2026-09-15 12:52:55",0.94620,12,maoxin123
578,16798699,ONODERA,"2026-09-04 12:19:14",0.94620,6,onodera
579,16892224,"Khuong Duy 01","2026-09-14 15:51:17",0.94620,5,khuongduy01
580,16800504,Foxure,"2026-09-03 11:10:26",0.94620,11,foxure
581,16834628,GagePeppers,"2026-09-06 02:47:52",0.94620,6,gagepeppers
582,16832257,Jack,"2026-09-14 16:48:14",0.94620,12,jackg12345
583,16868638,"Win Suthar","2026-09-14 20:44:47",0.94620,7,ashwanidhukra
584,16806494,"Lam Mo Kit ","2026-09-02 16:29:33",0.94620,3,lammokit
585,16801545,william950615,"2026-09-06 00:14:39",0.94619,21,william950615
586,16888814,rand346,"2026-09-15 15:18:07",0.94619,7,rand346
587,16906069,"Greg Spitz","2026-09-17 08:44:42",0.94619,5,gregspitz
588,16802898,"Dennis SH Lai","2026-09-16 16:48:26",0.94619,16,dshihlai
589,16897957,"dua manusia nol persiapan","2026-09-17 17:42:05",0.94619,9,"banukuncoro,rogernathanael"
590,16847194,"Horikita Saku","2026-09-07 12:28:52",0.94619,3,horikitasaku
591,16888864,"SAHIL GROVER","2026-09-15 12:00:05",0.94619,4,sahilgrover
592,16854719,ILUNOSHA,"2026-09-12 16:21:15",0.94618,36,elu7301
593,16808114,"Gaurav kumar","2026-09-18 07:26:23",0.94618,12,gauravkrsinha
594,16893632,"Nicolás Pedemonte","2026-09-18 20:21:08",0.94618,8,nicolspedemonte
595,16855215,"Marc Maldonado Lorca","2026-09-16 18:54:35",0.94617,3,marcmaldonado
596,16808767,"BNBU YUXIANG Jiang","2026-09-18 02:53:37",0.94617,26,yuxiang328
597,16799578,Nenya,"2026-09-07 19:56:28",0.94617,18,nenya17
598,16827911,"Araik Tamazian","2026-09-05 19:03:59",0.94617,13,atamazian
599,16858537,VC4,"2026-09-16 01:16:53",0.94616,17,luckyvc
600,16828369,Galza98,"2026-09-04 14:47:02",0.94616,8,galza98
601,16887683,Viginem,"2026-09-17 18:35:59",0.94616,5,vighneshpawaskar
602,16803554,PavelLiashkov,"2026-09-03 11:12:12",0.94616,4,bigbag1983
603,16832829,"Ishan Raj","2026-09-06 10:43:14",0.94616,3,mightyjiraiya
604,16877852,InformaBook2,"2026-09-18 15:42:59",0.94616,24,informabook2
605,16799209,Rakhansyah,"2026-09-05 19:23:42",0.94616,12,rakhansyah
606,16841654,HananFish,"2026-09-07 15:36:23",0.94616,6,hananfish
607,16843189,캐글리언,"2026-09-15 01:11:38",0.94616,12,kaglerian
608,16891375,Nilanjan_Saha123,"2026-09-17 10:39:18",0.94615,15,nilanjansaha123
609,16808616,"amaury lc","2026-09-02 14:53:32",0.94615,3,amaurylc
610,16799154,"Kodai Fukuda","2026-09-17 08:10:39",0.94615,43,kodaifukuda0311
611,16857736,nawggg,"2026-09-16 02:48:33",0.94615,1,nawggg
612,16878061,GarrieD,"2026-09-13 21:49:31",0.94615,5,garried
613,16800040,"Fabien Roduit","2026-09-13 00:36:23",0.94615,4,kamiryu
614,16821052,"Adama Traore","2026-09-03 20:21:28",0.94615,10,adamstra
615,16828042,add_mul,"2026-09-05 05:24:00",0.94615,7,addmul
616,16886121,"Kota Fuchiwaki","2026-09-18 12:53:06",0.94615,10,kotafuchiwaki
617,16848214,insunglee0818,"2026-09-08 03:03:07",0.94615,5,insunglee0818
618,16832614,Markus.JM,"2026-09-14 14:47:22",0.94615,5,maiernator
619,16807530,falsenine,"2026-09-14 00:33:32",0.94614,6,koheishima
620,16799125,"M. Syahrindra","2026-09-12 11:14:32",0.94614,10,mochammadsasuharno
621,16823625,"Varadaraj Borkar","2026-09-08 04:03:51",0.94614,14,varadarajborkar
622,16845056,"Siddharth Patel","2026-09-11 19:58:11",0.94614,2,siddhugp
623,16843709,"Azmat Hussain","2026-09-07 16:34:58",0.94614,2,ahussai
624,16881630,"Felipe Colombarolli","2026-09-13 08:42:04",0.94614,1,felipecolombarolli
625,16842110,nick.ai007,"2026-09-10 07:11:29",0.94614,6,nickai007
626,16892601,Rockandmat,"2026-09-17 23:42:27",0.94614,2,rockandmat
627,16805359,rampichino,"2026-09-03 16:18:36",0.94613,3,alfreale
628,16894888,"邓睿宸 2311274","2026-09-15 07:42:50",0.94613,1,soraynn
629,16862332,"Jaded Llama","2026-09-12 16:40:00",0.94613,3,jadedllama
630,16802434,"Arko Bera","2026-09-16 17:56:15",0.94613,3,cartoonistbeard
631,16811853,"SOUSSOU Koffi Désiré","2026-09-10 09:34:09",0.94613,11,soussoukoffidsir
632,16811109,DaTaro,"2026-09-13 22:34:16",0.94613,10,starokes
633,16811838,caiguoneng,"2026-09-03 09:27:13",0.94612,5,caiguoneng
634,16798804,"Kazuhiro Masuyama","2026-09-15 04:11:09",0.94612,61,kazuhiromasuyama
635,16906090,小等等,"2026-09-18 09:48:51",0.94612,12,atwelve
636,16814987,"Zihan Ni","2026-09-06 06:03:35",0.94612,6,lunangai
637,16814410,"Khara Han","2026-09-04 06:02:26",0.94612,13,"kharahan,zavierchen"
638,16802551,"Anurag Goyal","2026-09-03 11:46:30",0.94612,6,anuraggoyal2203
639,16838761,Wakabourne,"2026-09-16 13:05:00",0.94612,3,wakabourne
640,16843671,Soni-KR,"2026-09-07 19:25:39",0.94612,6,mouradkraiem
641,16802312,BIZEN250,"2026-09-04 07:48:36",0.94612,11,bizen250
642,16855993,LR.AIML,"2026-09-17 15:29:52",0.94611,14,"lucasgroot,robkraseu"
643,16823110,"Jan Fidor","2026-09-04 14:58:47",0.94611,19,janfidor
644,16847020,SudoShellz,"2026-09-08 04:01:06",0.94611,3,taryncampbell
645,16877284,"Azamat Sadikov","2026-09-11 22:52:54",0.94611,1,azamatsadikov
646,16808265,IOE,"2026-09-05 12:39:27",0.94611,8,s1teko
647,16822859,Jeeva2470041,"2026-09-04 04:49:13",0.94611,8,jeeva2470041
648,16822442,rootxhacker,"2026-09-04 03:38:10",0.94611,3,rootxhacker
649,16841762,wis-smec,"2026-09-07 04:23:35",0.94611,6,wissmec
650,16885596,"Hessa Khalfan","2026-09-15 11:58:28",0.94610,12,hessakhalfan
651,16839145,"Eshan Mehendale","2026-09-06 18:37:34",0.94610,3,eshanmehendale
652,16826089,Dule@11,"2026-09-04 18:44:32",0.94610,7,dule11
653,16847483,"StrGenIx | Laurens D'hooge","2026-09-07 11:52:20",0.94610,5,dhoogla
654,16806364,"Matthew Y","2026-09-02 20:54:44",0.94610,4,cidkardi
655,16824050,"Karam Khasawneh","2026-09-04 14:47:51",0.94609,7,karamkhasawneh
656,16809375,adamdavis99,"2026-09-11 15:50:02",0.94609,4,adamdavis99
657,16802998,"Yoongdoo Noh","2026-09-18 18:29:08",0.94609,63,yoongdoonoh
658,16799882,"Ákos Pintér","2026-09-12 14:50:30",0.94609,100,kospintr
659,16808782,"Semih Temiz","2026-09-03 21:07:00",0.94609,7,semhtemiz
660,16832242,"Pranjal Verma","2026-09-06 07:08:27",0.94609,2,pranjalverma08
661,16817747,"Olatide Bolaji","2026-09-05 20:27:14",0.94609,20,olatidebolaji
662,16802205,"Paul Shelby","2026-09-04 11:13:37",0.94609,14,paulshelby
663,16822784,"mattéo Mathis","2026-09-16 11:16:21",0.94609,11,mattomathis
664,16894415,"Aquib Ahmad","2026-09-18 14:56:36",0.94609,4,aquibahmad7
665,16898816,Jhonc08200021,"2026-09-18 03:18:59",0.94609,3,jhonc08200021
666,16828977,flag_06,"2026-09-18 11:51:33",0.94608,10,flag06
667,16802403,noam,"2026-09-03 18:10:34",0.94608,4,noamdwc
668,16799565,"Lâm Huy","2026-09-05 12:35:42",0.94608,15,lamhuy8904
669,16798802,W-Bruno,"2026-09-03 23:49:46",0.94608,15,haoqiangzheng
670,16807114,jdw0899,"2026-09-16 15:33:26",0.94608,5,jdw0899
671,16839540,"Xerx 350","2026-09-14 20:02:14",0.94608,4,xerx350
672,16839987,"Dalia Mowafy","2026-09-18 18:54:15",0.94608,25,daliamowafy7
673,16855391,Crystal2006,"2026-09-12 02:40:24",0.94607,6,crystal2006
674,16802789,DinCaus,"2026-09-16 21:35:22",0.94607,41,dincaus
675,16805741,"NextAura AI _ ZU","2026-09-02 08:09:58",0.94607,7,mohandabuayyash1
676,16806584,"Nithin maktha","2026-09-02 05:40:13",0.94607,1,makthanithin
677,16811749,zane666,"2026-09-05 03:40:08",0.94607,2,zane666
678,16911638,"Michael Simony","2026-09-18 08:36:02",0.94607,5,michaelsimony
679,16804378,"Özgür Berke Akyol","2026-09-05 09:21:27",0.94606,13,ozgurba
680,16855316,"Jaskaran Singh","2026-09-09 18:40:22",0.94606,8,jaskaran20306
681,16898077,kminh712,"2026-09-17 15:07:33",0.94606,1,hanashiroanzu
682,16898644,"Challenge Accepted","2026-09-15 21:45:24",0.94606,3,challengeaccepted111
683,16811769,lyagushkerr,"2026-09-07 08:18:23",0.94606,7,lyagushkerr
684,16857742,CalebSChen,"2026-09-11 05:53:51",0.94606,15,calebschen
685,16908881,"Gabriele M","2026-09-16 23:04:33",0.94606,1,gmartegiani
686,16802938,Maxim,"2026-09-04 03:05:16",0.94605,5,ektarr
687,16803921,"Mohammed Rajaa","2026-09-03 09:54:55",0.94605,9,mohammedrajaa
688,16884630,"Kenzo Okajima","2026-09-18 15:24:49",0.94605,7,kenzookajima
689,16827164,wangxt1,"2026-09-04 08:19:48",0.94605,3,wangxt1
690,16799086,LULU,"2026-09-07 14:21:01",0.94605,13,"luluwenhaolulu,qingwending"
691,16802759,"Georgios Nikolitsis","2026-09-18 11:00:52",0.94604,53,gnikolitsis
692,16842490,"AYi GUO","2026-09-08 08:42:39",0.94604,5,ayiguo
693,16838407,"Srivatsav Kannan","2026-09-05 13:16:28",0.94603,4,srivatsavkannan
694,16895855,"Yiman Gao","2026-09-15 15:09:23",0.94602,4,yimangao
695,16895549,DebugBird,"2026-09-18 02:40:24",0.94602,3,pinecone101
696,16822718,Hoaivo,"2026-09-03 17:03:13",0.94602,3,hoaivo
697,16799137,dengyufei,"2026-09-16 14:13:27",0.94602,56,dengyufei666
698,16802466,chenshiyo,"2026-09-09 10:30:54",0.94601,5,chenshiyo
699,16853299,"Artem Deviatov","2026-09-08 12:55:58",0.94601,4,f12s3d45s6
700,16799557,CaERu_korokoro,"2026-09-16 12:28:16",0.94601,2,caeru11291129
701,16842839,"Hyunil Yoo","2026-09-17 04:53:47",0.94601,5,hyunil91
702,16892480,"Rithesh Bashetty","2026-09-15 14:39:15",0.94601,10,ritheshbashetty
703,16839321,shenjj02,"2026-09-07 03:08:33",0.94600,2,shenjj26
704,16882546,"Eric Wang","2026-09-13 19:47:48",0.94600,1,wangeric15
705,16919268,hzn,"2026-09-18 15:38:53",0.94600,8,benhzn07
706,16895907,clouder_121,"2026-09-15 10:35:19",0.94599,1,clouder121
707,16869716,Jonaid,"2026-09-12 14:24:56",0.94599,12,jonaidshianifar
708,16843958,Rohan,"2026-09-12 17:45:57",0.94599,9,mathleteutd
709,16883037,"Mohammad Yaser Hussain","2026-09-16 02:49:39",0.94599,8,mohammadyaserhussain
710,16800519,"Alibay Alili","2026-09-18 19:34:41",0.94599,11,alibay
711,16839121,WIKXY,"2026-09-16 06:53:59",0.94598,14,beneththeskin
712,16799748,"Komil Parmar","2026-09-02 07:07:08",0.94598,4,komilparmar
713,16915407,"Muhammad Zulkifil","2026-09-18 14:26:44",0.94598,8,muhammadzulkifil
714,16798976,"Sadam Torres","2026-09-04 03:04:21",0.94598,8,sadamtorres
715,16848057,"Yunus Dermencioglu","2026-09-07 13:23:55",0.94597,2,yunusdermencioglu
716,16833371,"Irkan Alfa","2026-09-05 17:33:19",0.94597,2,irkanalfaraji
717,16861514,"Yanwei Lu","2026-09-11 10:37:22",0.94597,5,yanweilu
718,16853538,Keychain,"2026-09-08 15:26:41",0.94597,4,tomoki1126
719,16802350,"shankar lal","2026-09-01 22:09:48",0.94597,4,shankar3234
720,16829820,tkdndgus,"2026-09-05 17:27:31",0.94597,5,tkdndgus
721,16858661,Vishwa,"2026-09-16 07:21:19",0.94597,8,rv1922
722,16849233,Fatemeh_Balaei,"2026-09-18 20:59:24",0.94596,22,fatemehbalaei
723,16804933,hypecoef,"2026-09-06 15:13:02",0.94596,10,pieego
724,16806112,"Dariush Afshar","2026-09-04 03:08:33",0.94596,10,dariushafshar
725,16806707,"Bissultanov Yernar","2026-09-07 06:53:50",0.94596,3,deasoffice
726,16802382,rockyhg,"2026-09-14 01:30:26",0.94596,13,rockyhg
727,16892605,zaltark,"2026-09-16 14:53:40",0.94596,4,zaltark
728,16803203,oliver,"2026-09-18 20:18:01",0.94595,35,oliverlang
729,16811538,treflow,"2026-09-03 18:43:36",0.94595,3,treflow
730,16804907,jvachier,"2026-09-17 15:41:07",0.94595,13,jvachier
731,16803260,Kareem,"2026-09-08 17:44:58",0.94594,3,kareemmourad
732,16908521,"Anish Prakash","2026-09-18 17:45:27",0.94594,1,anishprakash27
733,16858255,Wheeler,"2026-09-16 02:06:24",0.94594,15,wh1111
734,16823630,"Ayoola Okunlola","2026-09-14 15:56:47",0.94594,5,ayoolaokunlola
735,16806170,"Lamaq and Nastija","2026-09-18 10:03:13",0.94594,15,"lamaqdahodwala,nastijakalugina"
736,16809884,"Water ground","2026-09-18 23:30:38",0.94594,44,kyumoto
737,16845916,"Toshihiro Noguchi","2026-09-07 11:57:56",0.94594,2,toshihironoguchi
738,16803133,TBRTRL,"2026-09-17 22:21:53",0.94594,95,tbrtrl
739,16852863,ooooosik,"2026-09-14 01:44:39",0.94593,4,ooooosik
740,16802044,Arukyan,"2026-09-18 09:40:39",0.94593,11,arukyan
741,16798792,Allan,"2026-09-11 05:32:54",0.94593,3,bayntuna
742,16859100,"Youzhe Yang","2026-09-09 15:31:16",0.94593,4,youzheyang
743,16802848,Soham,"2026-09-04 18:18:48",0.94592,5,soham308
744,16916693,"soham samanta","2026-09-18 17:23:56",0.94592,3,sohamsamanta
745,16894388,소시지햄,"2026-09-16 05:26:47",0.94592,8,haemgu
746,16867748,"Shohinur Pervez Shohan","2026-09-10 18:45:16",0.94591,3,shohinurpervezshohan
747,16798899,"Chekhlov Dmitrii","2026-09-06 15:31:43",0.94591,2,zoli800
748,16799371,"Rugved Bane","2026-09-16 18:05:20",0.94591,19,rugvedbane
749,16851333,준입니다.,"2026-09-15 05:00:13",0.94591,2,itsjun
750,16812064,"Liu Classmate","2026-09-09 04:29:41",0.94591,10,liuclassmate
751,16833405,islet,"2026-09-18 01:30:27",0.94590,8,kojimar
752,16861020,"VIKASH YADAV","2026-09-16 11:34:16",0.94590,7,vikashyadav05
753,16820017,"Mika SHNHR","2026-09-16 04:26:05",0.94589,13,mikashnhr42261
754,16865368,F1star,"2026-09-16 03:19:34",0.94589,10,fistar
755,16811916," Lưu Khải Hưng","2026-09-10 04:57:00",0.94589,5,lukhihng
756,16847462,kphotchara,"2026-09-16 00:52:12",0.94589,3,kphotchara
757,16889975,znzou47,"2026-09-15 05:48:07",0.94589,4,znzou47
758,16870705,kimzaiyi1,"2026-09-11 05:49:13",0.94589,2,kimzaiyi1
759,16810230,Nick,"2026-09-17 08:32:01",0.94588,2,mykytadubov
760,16890244,PhoenixAStar,"2026-09-16 22:22:07",0.94588,8,phoenixastar
761,16803775,JanjibDEV,"2026-09-14 03:00:30",0.94588,1,janjibdev
762,16877475,OW,"2026-09-12 04:10:40",0.94588,2,oscarwei
763,16808814,kouchan,"2026-09-13 07:26:13",0.94588,13,kouchan0104
764,16811904,"Hưng Lưu","2026-09-10 03:57:22",0.94588,7,yahhngliu
765,16798828,AbdullahSafwan333,"2026-09-09 06:20:31",0.94588,9,abdullahsafwan333
766,16809469,"Yusuf Ömer Erem","2026-09-04 19:45:11",0.94587,3,yusuferem
767,16798628,"Makoto Furukawa","2026-09-10 01:07:03",0.94587,16,makotofurukawa
768,16802751,"Hamza Nazim Siddiqui","2026-09-17 08:30:23",0.94587,31,"dtdoww,shreyashsiddharth"
769,16806807,"Zeyou Zhang","2026-09-16 18:11:52",0.94586,2,zeyouzhang
770,16839118,"Julien Heiduk","2026-09-10 22:37:32",0.94586,28,zoupet
771,16906204,big-git-man,"2026-09-18 17:49:49",0.94585,11,biggitman
772,16860127,"Jeffery Mei","2026-09-09 16:41:17",0.94584,6,callmejeffery
773,16891988,Dlmpoq01,"2026-09-14 18:22:47",0.94584,1,d46033461
774,16848251,Bxckwood,"2026-09-07 21:27:52",0.94584,6,bxckwood
775,16906208,"Yi-Chi,Tseng ","2026-09-17 02:37:04",0.94584,2,yichitseng
776,16865509,Danush_Kalyan,"2026-09-12 16:52:06",0.94584,8,danushkalyan
777,16799691,Ern711,"2026-09-10 23:04:51",0.94583,5,ern711
778,16871875,"Oliver Kinch","2026-09-11 12:56:34",0.94583,2,oliverkinch
779,16887255,"Weiyuan Du","2026-09-13 17:16:43",0.94583,2,weiyuandu
780,16843525,"MOSTEFAI MOUNIR","2026-09-18 23:45:09",0.94583,6,mostefaimounir
781,16883379,"Daniel Udekwe","2026-09-15 18:08:33",0.94583,6,danieludekwe
782,16854218,"Filip Martinek","2026-09-08 21:49:16",0.94583,1,filipmartinek
783,16847043,YeFeng311@outlook.com,"2026-09-15 01:02:01",0.94583,4,yefeng311outlookcom
784,16802822,hezhiqian,"2026-09-16 15:35:00",0.94582,15,hezhiqian
785,16824071,永井松太郎,"2026-09-13 15:09:39",0.94582,9,nattomann
786,16896806,Caalm,"2026-09-15 14:13:32",0.94582,2,aido05
787,16815449,Boltuzamaki,"2026-09-03 08:31:19",0.94581,2,boltuzamaki
788,16808670,"Dr Anil Kumar Dubey","2026-09-06 06:09:29",0.94580,8,dranilkumardubey
789,16802989,"Yong Jun Fai","2026-09-14 09:10:02",0.94580,7,yongjunfai
790,16862572,"William Bickelmann","2026-09-13 12:10:36",0.94580,7,williambickelmann
791,16851695,qianyuatkaggle,"2026-09-08 05:02:26",0.94580,1,qianyuatkaggle
792,16839860,NynsenFaber,"2026-09-05 14:56:15",0.94579,2,nynsenfaber
793,16892813,"Divyanshu Sharma","2026-09-15 14:54:14",0.94579,3,divyanshusharma9
794,16807881,Amaranta,"2026-09-04 03:53:18",0.94579,6,ulyanovantonamaranta
795,16803048,"yoshiomi shimazu","2026-09-17 16:09:02",0.94579,12,yoshiomishimazu
796,16876087,"Zhu Lin Ch'ng","2026-09-12 12:12:26",0.94579,5,czlcode
797,16800025,"Ömer Faruk Tekin","2026-09-18 09:37:01",0.94579,5,faruktekin
798,16802421,"Ryotaro Minato","2026-09-06 14:53:20",0.94579,3,ryotarominato
799,16867105,"Ayush Tiwari","2026-09-18 10:57:30",0.94579,1,ayushtiwariiitg
800,16809871,"Rimba Erlangga","2026-09-06 19:31:07",0.94578,39,rimbax
801,16799657,Akritas,"2026-09-02 11:43:24",0.94577,6,akritas
802,16822952,tespip,"2026-09-14 17:09:58",0.94577,2,tespip
803,16822226,"Hande  Nur Uygun","2026-09-05 22:55:27",0.94577,13,handeuygun
804,16905828,"Gaurav Vyas","2026-09-18 12:15:11",0.94577,20,ctogaurav
805,16854013,"Şahin Alp Akosman","2026-09-16 12:14:09",0.94577,14,sahinalpakosman
806,16808288,hundun,"2026-09-04 16:25:44",0.94577,23,zhongh4oyang
807,16809558,"Ricardo Pereira","2026-09-04 15:54:14",0.94576,4,rjopereira
808,16882307,"Yadunandan Raman","2026-09-17 08:31:20",0.94576,10,yadunandanraman
809,16823206,"Erfan Hosseini","2026-09-17 20:44:09",0.94575,3,erfanhos
810,16892341,"Morgan Le","2026-09-17 01:26:21",0.94575,2,minhhnle
811,16832833,"Corbett Austin","2026-09-04 22:32:07",0.94575,2,corbettaustin
812,16805339,"Nikhil Fotedar","2026-09-14 01:57:03",0.94574,7,nikhilfotedar
813,16889922,Simonlolita,"2026-09-15 01:32:21",0.94574,3,simonlolita
814,16858585,"Abdul Manan","2026-09-09 20:53:09",0.94574,9,abdulmanankhalid
815,16804406,dangwok,"2026-09-08 14:38:12",0.94574,2,josephdongwookkim
816,16881904,"Lmntrix Ace","2026-09-12 18:07:28",0.94572,2,lmntrixace
817,16805739,"Gerald Schwartz","2026-09-03 13:36:16",0.94572,1,geraldschwartz
818,16856313,"Julianno Rogery","2026-09-09 12:43:34",0.94571,1,juliannorcs
819,16800431,NatSwamin,"2026-09-04 10:44:04",0.94571,4,natswamin
820,16894782,Trennon5,"2026-09-16 07:39:12",0.94571,8,trennon5
821,16802771,"Gyanendra Singh Yadav","2026-09-18 10:30:48",0.94571,5,gyanendrasinghyadav
822,16801062,tuannm3812,"2026-09-04 13:12:35",0.94570,7,tuannm3812
823,16805798,"Tys TANA","2026-09-03 00:31:14",0.94570,2,tystana
824,16822923,UnfriendlyAI,"2026-09-04 18:51:17",0.94570,10,unfriendlyai
825,16823682,"Shantanu Chopra","2026-09-04 12:30:37",0.94569,2,shanchp
826,16823623,"Jocelyn Dumlao","2026-09-07 10:33:39",0.94569,2,jocelyndumlao
827,16805454,"Nishant Dhingra","2026-09-03 05:33:37",0.94568,10,nishantdhingra
828,16876182,Ricard0Borges,"2026-09-18 18:47:54",0.94568,7,ricard0borges
829,16879072,"Arpit Jain","2026-09-12 04:50:31",0.94568,1,arpitjain5
830,16889210,"Đoàn Nguyễn Ngọc Bảo","2026-09-15 06:43:02",0.94567,7,nguyeba
831,16843240,"William Gladston","2026-09-11 16:26:42",0.94567,1,williamgladston
832,16920738,"Николай Сергеев","2026-09-18 19:40:32",0.94567,3,s0mes1gn37
833,16866069,"ROU Senghak","2026-09-10 11:54:40",0.94567,1,rousenghak
834,16838804,None,"2026-09-07 06:10:05",0.94566,3,mdmorshalinemojumder
835,16839769,WUGAWUGA2,"2026-09-07 11:04:29",0.94565,3,wugawuga2
836,16805565,Guenoir,"2026-09-09 03:33:04",0.94565,12,joshuamichael15
837,16841283,"Black Scholes","2026-09-06 09:17:04",0.94564,3,blackscholz
838,16830955,"Komarov Andrew","2026-09-13 13:13:43",0.94563,2,lucci01a
839,16881094,remi_hr,"2026-09-12 15:19:42",0.94562,2,remihrf
840,16841643,amiakar,"2026-09-06 01:51:26",0.94560,2,amiakar
841,16862981,"Roberto Zanaboni","2026-09-12 20:25:26",0.94560,7,robertozanaboni
842,16892369,José,"2026-09-16 18:22:46",0.94560,18,kevinz123456
843,16841803,JasonDTao,"2026-09-13 02:18:25",0.94559,5,jasondtao
844,16914652,bautistareynolds,"2026-09-17 14:24:04",0.94558,2,bautistareynolds
845,16840555,coffeffe,"2026-09-07 20:52:41",0.94557,11,"coffeffe,vatereal"
846,16852584,InfernoTK,"2026-09-08 22:33:07",0.94557,2,infernotk
847,16907412," Dennis6886","2026-09-18 06:58:50",0.94556,3,dennis6886
848,16848318,"Nathan Jacob","2026-09-08 12:49:03",0.94556,4,nathanjacob
849,16807946,"Supanat Khaodhiar","2026-09-16 06:27:23",0.94556,4,supanatkhaodhiar
850,16921815,"Giovanni Novelli","2026-09-18 18:57:07",0.94554,8,giovanninovelli
851,16881846,SuperDubby,"2026-09-12 17:04:29",0.94553,10,superdubby
852,16853269,"Qiao Ke","2026-09-08 08:43:55",0.94553,1,bridgekk
853,16832502,"Mohamed Alaa Elboraay","2026-09-04 18:31:11",0.94552,1,mohamedalaa10
854,16810302,Tathagata_Ghosh_03,"2026-09-06 18:32:23",0.94549,7,tathagataghosh03
855,16803413,"Kanish Paul","2026-09-01 17:02:01",0.94549,1,kanishpaul
856,16892871,rumoa77,"2026-09-16 08:10:42",0.94549,3,rumoa77
857,16841337,JeeHyungKim,"2026-09-08 23:04:35",0.94548,7,wilshercky
858,16829258,cherish_zhang,"2026-09-15 07:56:24",0.94548,7,cherishzhang
859,16828514,"Trọng tâm Nguyễn","2026-09-04 10:18:27",0.94548,1,trngtmnguyn
860,16799681,S-as-H,"2026-09-18 12:46:17",0.94546,51,sasha1111
861,16892018,Dyl,"2026-09-18 14:14:07",0.94545,2,dylanvatanapradit
862,16870782,e3k,"2026-09-18 06:42:26",0.94545,20,ekleezhya
863,16854103,"Yan Slabodich","2026-09-09 12:28:15",0.94544,3,yanskij
864,16798898,"David Guzzi","2026-09-12 00:33:04",0.94544,5,davidguzzi
865,16881451,"Kotaro Imamura","2026-09-13 08:48:17",0.94543,2,kotaroimamura
866,16806870,"nikolaou nikolaou","2026-09-04 06:26:11",0.94542,3,nikolaounikolaou
867,16812070,"Shuta Takano","2026-09-16 15:20:36",0.94542,7,shutatakano
868,16839364,"loai fahman","2026-09-12 21:21:24",0.94541,6,loaifahman
869,16830537,NikitaChubai,"2026-09-11 09:41:44",0.94541,1,nikitachubai
870,16868319,Dron5591,"2026-09-15 17:49:43",0.94541,11,dron5591
871,16892236,kuchinwei,"2026-09-17 14:59:58",0.94540,3,kuchinwei
872,16799819,"alex chilton","2026-09-01 20:03:54",0.94540,5,alexchilton
873,16802997,K.Takahashi-1986,"2026-09-07 13:53:07",0.94540,5,ktakahashi1986
874,16836084,"Ashok Gaire","2026-09-05 03:36:45",0.94539,1,ashokgaire
875,16907290,"Juno Leong","2026-09-16 19:29:34",0.94538,6,leongbeeching
876,16810797,"Bhavagna Nagisetti","2026-09-11 21:13:29",0.94538,1,bhavagnanagisetti
877,16803077,"Arizal Muluk","2026-09-18 23:33:31",0.94537,26,arizalfirdaus123
878,16903815,"HyeongSeok Lee_KR","2026-09-18 03:56:51",0.94534,8,hyeongseokleekr
879,16802845,Pyeonggi,"2026-09-02 14:34:39",0.94533,11,pgkim42
880,16799031,Ye,"2026-09-18 16:17:23",0.94533,8,gimgoon
881,16880836,ManasviniAnand,"2026-09-12 11:24:42",0.94532,1,manasvinianand
882,16810831,"Mohsen Shahbazi","2026-09-05 18:10:35",0.94531,4,mohsenshahbazi
883,16798829,"Tian Yan666","2026-09-08 19:21:39",0.94531,8,tianyan666
884,16802874,"mariko f.","2026-09-18 14:35:55",0.94527,7,marikof
885,16799457,Akahachi,"2026-09-18 06:17:03",0.94527,8,wordcards
886,16844031,"Hansen Zhong","2026-09-06 21:03:52",0.94525,3,onegameonedream
887,16844149,"Neha Jha","2026-09-11 12:17:36",0.94524,1,jhaneha18
888,16876414,TwangyGarlic449,"2026-09-15 21:59:35",0.94523,2,twangygarlic449
889,16804053,"Gregory Williams","2026-09-18 16:03:27",0.94519,12,gdbwilliams
890,16917339,"Zugaj Productions","2026-09-18 16:04:05",0.94518,2,zugajproductions
891,16842192,"Daksh Lamba","2026-09-15 07:23:51",0.94517,6,dakshlamba
892,16886880,"Elvis GEM","2026-09-16 14:03:06",0.94516,13,elvisgem
893,16802895,kazkod,"2026-09-05 13:03:36",0.94515,1,kazkod
894,16866810,"Prudhvi Yelisetti","2026-09-18 04:57:36",0.94514,6,prudhviyelisetti
895,16885685,"Neglected Turtle","2026-09-13 14:26:20",0.94513,1,pleaselike
896,16921149,Soren-ABT,"2026-09-18 17:14:26",0.94512,3,sorenabt
897,16848429,"Alejandro Gonzalez","2026-09-09 06:12:20",0.94510,2,alejandroglzzap
898,16875647,ShowOne_01,"2026-09-18 14:52:15",0.94510,14,showone01
899,16841856,tyuyoshi,"2026-09-12 11:09:36",0.94508,2,hasegawatsuyoshi
900,16806527,Tsubasa_00,"2026-09-02 07:40:23",0.94506,1,tsubasa00
901,16886096,NSDMLK,"2026-09-14 05:25:04",0.94505,3,nsdmlk
902,16859470,"Kun J.WANG","2026-09-09 15:52:38",0.94501,2,kunjwang
903,16921005,bruno.rios1080,"2026-09-18 16:14:04",0.94501,3,brunorios1080
904,16806639,luochen211,"2026-09-02 06:49:48",0.94501,3,luochen211
905,16800792,PeterGrundell,"2026-09-10 05:54:53",0.94501,24,petea2z
906,16864566,"Bryce Chambers","2026-09-18 05:02:40",0.94500,6,brycechambers
907,16799068,"river August","2026-09-03 02:50:16",0.94498,6,riveraugust
908,16896783,MihailMV13,"2026-09-16 00:30:54",0.94498,1,mihailmv
909,16809396,wcwswswws,"2026-09-16 09:50:23",0.94497,39,wcwswswws
910,16914178,Kajo,"2026-09-17 14:26:23",0.94496,9,kajarnaklokossou
911,16882119,yakitori55,"2026-09-14 02:03:49",0.94495,2,yakitori55
912,16911664,"Ahonakpon Guy GBAGUIDI","2026-09-17 10:35:44",0.94494,4,guyahonakpongbaguidi
913,16828069,Soham7,"2026-09-08 14:30:35",0.94493,3,sohamsavalekar
914,16830291,"Hajime Kumami","2026-09-05 00:34:29",0.94492,1,hajimekumami
915,16801847,QuedboX,"2026-09-05 13:17:15",0.94491,5,asdfassdf
916,16866324,"ravi AK","2026-09-14 11:48:05",0.94490,4,raviak
917,16904197,"Oh that me? Pure Aura","2026-09-17 04:53:16",0.94490,9,electroknight
918,16798598,"Trish Cornelissen","2026-09-06 15:39:29",0.94487,47,tcspecialist
919,16892166,"Nilanjan Saha","2026-09-17 11:10:09",0.94484,3,nilanjansaha123hello
920,16831227,Marton,"2026-09-05 08:59:35",0.94484,3,martonfuck
921,16802777,"S Aishvarya","2026-09-05 13:32:13",0.94482,7,saishvarya
922,16800002,Async,"2026-09-13 08:58:26",0.94480,47,k1y0sh1
923,16805197,"Atharva Parab","2026-09-05 04:20:11",0.94480,12,atharvaparab
924,16877155,"Alem Memic","2026-09-15 07:37:21",0.94480,23,alem88
925,16916543,NorthOcean,"2026-09-18 06:46:59",0.94474,3,northocean
926,16807971,casati8,"2026-09-08 10:05:40",0.94474,8,casati8
927,16861800,蛤密呱,"2026-09-13 16:25:51",0.94471,12,strengle2357
928,16798836,"Wei Hsiang Lin111","2026-09-11 01:06:14",0.94471,17,weihsianglin111
929,16798937,"Nirmal Patel","2026-09-02 07:16:28",0.94470,4,nirmalpatel02
930,16806120,"Koh Saito","2026-09-03 16:16:24",0.94468,6,kohsaito
931,16832333,"Karan Tanshukh","2026-09-04 17:20:05",0.94468,1,karantanshukh
932,16808989,"Mohammad Alnajdawi","2026-09-02 14:59:44",0.94462,3,mohammadalnajdawi
933,16861663,"Ali Uysal","2026-09-11 12:57:18",0.94461,2,aliuysal11111
934,16847692,"Aryaveer Gupta","2026-09-17 09:38:19",0.94461,12,aryaveergupta
935,16854740,lizh2025,"2026-09-09 13:23:06",0.94459,3,lizh2025
936,16802105,"SN JAI VISHNU","2026-09-14 07:41:47",0.94456,5,"jaivishnu2006,saiharishsaids,svimalrajan"
937,16801808,"Mahabub Hasan Mamun","2026-09-17 14:47:45",0.94455,9,mahabub001cs
938,16807903,"Utkarsh Agrawal","2026-09-04 15:55:32",0.94455,3,n0va007
939,16848171,Satsujinngahara,"2026-09-17 17:02:29",0.94454,4,satsujinngahara
940,16798600,"Busya PRIME","2026-09-06 21:50:05",0.94453,7,busyaprime
941,16808743,"Mehmet Sami Boz","2026-09-04 14:37:33",0.94452,24,mehmetsamiboz
942,16864500,"Yueheng ZENG","2026-09-17 12:39:00",0.94452,14,yuehengzeng
943,16822206,"Advait ","2026-09-13 18:41:31",0.94451,4,advai1
944,16808128,Yangzhenyu,"2026-09-02 09:33:47",0.94451,2,rubyq0v0p
945,16810539,"Oleg Zagorulko","2026-09-02 19:00:12",0.94451,1,altersystem
946,16799920,"Aloe moon","2026-09-04 20:10:14",0.94451,4,aloemoon
947,16799947,"OJO EMMANUEL","2026-09-09 15:14:47",0.94450,18,ojoemmanuelnifemi
948,16846751,jimmy5566,"2026-09-09 07:36:16",0.94449,4,jimmy5566
949,16860702,Kurapapa,"2026-09-13 13:28:50",0.94448,3,kurapapa52
950,16893809,EricWang,"2026-09-18 23:01:35",0.94448,2,ericwang915
951,16804877,"Code by Nadiia","2026-09-11 12:45:11",0.94447,12,codebynadiia
952,16823835,kakuteki,"2026-09-04 08:25:25",0.94447,1,kakuteki
953,16802480,"Владислав Мурник","2026-09-09 11:55:18",0.94447,7,adik23twhrs
954,16805449,"amirhossein karimiee","2026-09-18 20:35:26",0.94446,9,amirhosseinkarimiee
955,16839516,恵輔平川,"2026-09-15 11:17:30",0.94445,17,hirakawa0k
956,16919421,"Eliott Kalfon","2026-09-18 17:48:17",0.94445,3,eliottka
957,16799549,"Avinash Maurya","2026-09-02 14:21:26",0.94444,5,avinash2009
958,16848519,"Ubeen Sim","2026-09-08 12:22:00",0.94444,4,ubeensim
959,16827628,"Arisa Fukuda","2026-09-15 05:36:03",0.94443,4,arisafukuda
960,16848583,"haru fuji","2026-09-11 16:44:54",0.94443,8,harufuji
961,16908010,"Vaibhav Karsh","2026-09-17 11:05:35",0.94441,2,vaibhavkarsh
962,16813886,"Animesh Kumar","2026-09-16 01:51:14",0.94441,5,animeshuit98
963,16852156,OneduckOneduck,"2026-09-09 04:27:33",0.94441,7,oneduckoneduck
964,16885477,"Samet Coşkun","2026-09-13 20:43:38",0.94440,8,sametsssx
965,16828700,"Yueran Cao 2001","2026-09-15 03:39:19",0.94439,5,yuerancao2001
966,16853222,"Sherwin Dias","2026-09-17 06:15:08",0.94439,2,sherwindias
967,16803089,"Worst Team Ever","2026-09-18 17:02:26",0.94436,61,bogdandoicin
968,16866310,"Vishal Khomane","2026-09-11 09:58:40",0.94436,1,vishal567
969,16845940,"Yug Parikh","2026-09-07 08:51:42",0.94436,2,yugparikh
970,16919970,"julian andres viejo garrido","2026-09-18 17:27:45",0.94436,1,salmaviejo
971,16895542,"Daniil Iakupov","2026-09-15 09:25:31",0.94435,2,daniiliakupov
972,16857084,"tetsuya takahashi","2026-09-17 23:29:32",0.94432,7,tetsuyatakahashi
973,16897967,"Geronimo Basso Sosa","2026-09-16 06:59:35",0.94428,1,geronimobasososa
974,16915676,"Arjun Hans","2026-09-17 20:02:41",0.94427,3,arjunhans
975,16838684,"Prathamesh Mistry","2026-09-08 20:21:34",0.94426,2,prothomeshmistry
976,16841870,"Yamin Hossain","2026-09-06 05:04:33",0.94425,1,yaminh
977,16826494,"Justine Lopez","2026-09-07 15:26:51",0.94423,6,justinelopez
978,16831000,nobuya,"2026-09-18 13:01:29",0.94419,55,kakiginobuya
979,16804786,"Pravin Takpire","2026-09-18 03:19:57",0.94419,4,pravintakpire
980,16877532,RodneyV,"2026-09-12 08:10:47",0.94418,6,mamkwebu
981,16849473,"Bobby Clare","2026-09-08 11:33:02",0.94416,1,bobbyclare
982,16799561,miyu.k1aras@gmail.com,"2026-09-18 23:40:01",0.94416,38,miyuk1arasgmailcom
983,16910494,"Sebastian Salutare","2026-09-18 01:34:51",0.94414,2,sebastiansalutare
984,16804087,JMAscacibar,"2026-09-15 13:10:54",0.94411,10,jmascacibar
985,16841215,"Deepak #2","2026-09-06 10:03:37",0.94410,3,deepakup85
986,16803082,"Rafael Cunha","2026-09-14 11:20:35",0.94409,3,rnascunha
987,16919824,Ibaina,"2026-09-18 10:51:30",0.94408,1,ibaina
988,16917967,"Thái Văn Tài","2026-09-18 07:57:05",0.94407,3,thivnti
989,16820576,"Kuba Kościan","2026-09-10 19:49:50",0.94406,26,kubakocian
990,16906907,KAGUYA810,"2026-09-18 12:40:59",0.94405,1,kaguya810
991,16863006,"Oleksandr Barskyi","2026-09-09 22:24:27",0.94401,2,oleksandrbarskyi
992,16805185,"Juan Felipe Huan Lew Yee","2026-09-15 16:05:25",0.94398,15,felipelewyee
993,16914611,zhangc0207,"2026-09-18 09:07:22",0.94398,2,zhangc0207
994,16839520,"Srishanth Sriramula","2026-09-05 12:41:21",0.94397,1,srishanthsriramula
995,16799984,"Erwin Huizenga","2026-09-18 21:52:23",0.94396,57,erwinh
996,16862236,_v_sneha2002,"2026-09-09 18:54:48",0.94394,4,vsneha2002
997,16906480,"Sahil kumar","2026-09-17 18:57:39",0.94394,7,sahilkumar03212
998,16809850,"Minghao Xia","2026-09-05 05:54:20",0.94393,3,minghaoxia
999,16845714,Joey,"2026-09-09 15:24:09",0.94392,16,joeyb114020045
1000,16845174,"Dren Hakaj","2026-09-15 01:41:34",0.94392,16,drenhakaj
1001,16808218,"Asmita Khaitan","2026-09-09 09:38:57",0.94391,14,khaitanasmita
1002,16837657,"Ashton Peng","2026-09-18 03:51:26",0.94391,33,ashtonpeng
1003,16813612,"RISHU RAJ","2026-09-03 20:38:04",0.94391,4,rishi412
1004,16803548,AndyL,"2026-09-02 21:36:38",0.94388,4,androidl
1005,16909365,MuBereket,"2026-09-17 20:57:35",0.94378,1,mubereket
1006,16798635,"Cengiz Gurel","2026-09-09 22:45:37",0.94376,2,cengizgurel
1007,16856903,"Roko Torbarina","2026-09-08 23:46:05",0.94376,2,rokotorbarina
1008,16867013,Oreb98,"2026-09-18 16:28:33",0.94374,4,oreb98
1009,16840184,02,"2026-09-13 19:15:46",0.94370,3,avik090
1010,16802394,"LEVAN KANKADZE","2026-09-17 11:21:06",0.94369,6,synchrocyclotron
1011,16919598,"Omar Faruq","2026-09-18 10:39:07",0.94368,1,stellaromar
1012,16857729,rejk,"2026-09-09 05:17:25",0.94368,9,rejk11
1013,16860820,Sadit,"2026-09-13 17:41:53",0.94368,11,sadit12
1014,16827183,asterask,"2026-09-07 08:31:01",0.94367,5,cherrycokecero
1015,16883680,LeadingTheAbyss,"2026-09-14 11:50:11",0.94367,4,masochistic
1016,16840715,"SaiPrasanth S Naidu","2026-09-13 05:12:20",0.94365,8,saiprasanthsnaidu
1017,16831054,LYH2401,"2026-09-16 08:11:43",0.94364,4,lyh2401
1018,16897839,dsfghjghgdfsfdgfgh,"2026-09-15 17:09:05",0.94363,2,dsghjhjkhgfddfgh
1019,16867920,KodHod,"2026-09-14 15:23:25",0.94363,7,"bbqplaza,taimahasuwan,wathit"
1020,16906224,"Vaishnav Gudipudi","2026-09-16 19:26:11",0.94362,5,vaishnavgudipudi
1021,16809529,平野竜貴,"2026-09-16 05:21:01",0.94362,30,hiraaaaah
1022,16807745,"Sheikh Madni","2026-09-18 14:47:42",0.94361,1,sheikhmadni
1023,16844490,"Ibrahim Amoo","2026-09-09 10:11:28",0.94359,3,ibrahimamoo
1024,16858945,"thuan nguyen159","2026-09-09 10:51:38",0.94358,4,thuannguyen159
1025,16831018,"Mir Abir Hossain","2026-09-04 20:05:15",0.94357,4,mirabirhossain
1026,16894448,"Kim Huỳnh","2026-09-16 02:55:13",0.94354,5,kimhunh
1027,16868781,"Srujan Nyamagoud","2026-09-11 03:04:09",0.94353,1,srujannyamagoud
1028,16865758,"Marco Rava92","2026-09-13 23:43:45",0.94353,9,marcorava92
1029,16804934,"Shayan Zulfiqar","2026-09-18 09:47:37",0.94352,13,shayanzk
1030,16807740,"Latent Drive","2026-09-15 00:44:35",0.94352,5,carlmakt
1031,16818074,VnHGTBoy,"2026-09-03 12:53:31",0.94350,7,vnhgtboy
1032,16799138,"Malco Qoo","2026-09-18 21:34:40",0.94349,16,malcoqoo
1033,16822460,"Vansh Kumar 16","2026-09-18 20:06:24",0.94349,8,vanshkumar16
1034,16845371,Kazuhiro_Yogo,"2026-09-14 06:31:09",0.94347,3,kazuhiroyogo
1035,16808168,Corruptors,"2026-09-02 11:22:21",0.94347,2,corruptors
1036,16798565,"Gaurav Dutta","2026-09-15 12:12:23",0.94340,29,gauravduttaiiitb
1037,16798789,Shailesh,"2026-09-12 14:33:54",0.94338,3,shailesh5430
1038,16894562,"Debasish Behera wabtec","2026-09-17 08:15:03",0.94337,1,debasishbeherawabtec
1039,16889676,rowhit,"2026-09-16 13:58:31",0.94336,2,rohitsrinivasan31
1040,16799875,"Siddhu Jaykay","2026-09-02 12:14:21",0.94334,5,siddhujaykay
1041,16909683,"Cyrus Namjoo","2026-09-18 02:17:36",0.94332,4,sirousnamjoo
1042,16798825,"Jason Lam","2026-09-11 06:03:55",0.94332,43,jlam83
1043,16798809,yanyyyzt,"2026-09-08 14:04:44",0.94330,11,yanyyyzt
1044,16803933,001eander,"2026-09-03 00:27:11",0.94329,2,o01eander
1045,16852777,"Göktürk Çolak","2026-09-12 08:06:27",0.94329,15,gokturkcolak
1046,16871309,Xoz17,"2026-09-12 13:54:07",0.94327,11,ajay990
1047,16860056,"pranay gaurav","2026-09-09 19:53:14",0.94325,1,pranaygaurav
1048,16877653,"Veronika Nuretdinova","2026-09-13 06:16:27",0.94325,1,nikotino
1049,16804647,"NAMAN TRISOLIYA","2026-09-03 13:52:52",0.94320,10,namantrisoliya
1050,16805784,"Andrew Tang","2026-09-04 07:04:39",0.94320,9,andrewtangg
1051,16847849,"ROHAN Exploit","2026-09-07 14:22:15",0.94320,2,rohanexploit
1052,16880110,"papa chany pa","2026-09-18 05:45:52",0.94316,1,affansaied
1053,16840369,Jeremy,"2026-09-05 16:34:41",0.94313,2,jeremybetz
1054,16868144,"firat yavas","2026-09-11 14:21:00",0.94312,2,firatyavas
1055,16803964,"Avinash Changrani","2026-09-16 03:55:09",0.94312,2,nabobery
1056,16888097,Grigorii,"2026-09-14 02:00:26",0.94309,1,grigorii1410
1057,16839477,"ANSHIKA JOISAR","2026-09-15 12:09:37",0.94305,2,anshikajoisar
1058,16809093,yanis_lou,"2026-09-02 12:24:28",0.94304,10,yanislou
1059,16879141,"Neha Maurya","2026-09-17 15:32:03",0.94300,6,nehamaurya1
1060,16844568,ayse,"2026-09-17 03:33:22",0.94300,21,aysenursolmaz
1061,16908671,"Shintaro Ito","2026-09-18 22:42:59",0.94298,6,sito17
1062,16808083,"Jerónimo Paiva","2026-09-02 20:48:21",0.94297,1,jernimopaiva
1063,16801664,ZAOUI_Yassine,"2026-09-18 07:09:20",0.94297,33,zaouiyassine
1064,16799128,DuDuDu0,"2026-09-12 07:36:43",0.94295,8,dududu0
1065,16913511,"Silver Surfer","2026-09-17 23:58:15",0.94294,3,hausch11
1066,16917247,"Jr Champ","2026-09-17 22:36:53",0.94291,7,jrchamp
1067,16840941,Daeren,"2026-09-06 12:50:55",0.94291,1,daeren
1068,16799978,"Kian Maghsoodi","2026-09-04 19:17:55",0.94286,6,kizmodo
1069,16801850,松田,"2026-09-15 13:17:39",0.94286,9,nekonekonekone
1070,16867614,"Davi Méaille","2026-09-11 09:11:32",0.94286,4,davimaille
1071,16802042,"Praveen Kumar Mohan","2026-09-15 12:16:32",0.94286,3,praveenkumar1818
1072,16845815,change167,"2026-09-09 13:04:51",0.94285,7,change167
1073,16833479,pp,"2026-09-18 06:06:44",0.94284,3,refrigerator21
1074,16799878,"Hữu Bình Nguyên Nguyễn","2026-09-08 03:36:48",0.94282,20,hubnhnguynnguyn
1075,16842740,"Mykyta Terentiev","2026-09-09 16:05:19",0.94282,2,mykytaterentiev
1076,16800246,"ARIFUDDIN R","2026-09-08 02:57:05",0.94281,7,arifuddinr
1077,16916615,JCLOSA,"2026-09-18 23:37:21",0.94280,10,wulzy2k
1078,16897831,"Amit Behura","2026-09-16 04:06:28",0.94280,3,amitbehura2
1079,16885490,Dingjunpeng,"2026-09-15 08:11:45",0.94278,11,avid147
1080,16855204,"Anshul Chikhale","2026-09-11 12:53:02",0.94274,4,anshulchikhale
1081,16808093,"Raiyana Rufaida","2026-09-13 18:31:43",0.94269,3,shes1r
1082,16839883,Darth_vader_090605,"2026-09-15 16:40:01",0.94268,5,priyanshujha090605
1083,16828280,"Shardul Pingale","2026-09-06 00:26:06",0.94263,2,shardulpingale
1084,16838435,"C.E.73 STARGAZER","2026-09-17 13:14:20",0.94253,7,hasawei
1085,16811091,"Eymen Akb","2026-09-08 22:34:18",0.94253,24,eymenakb
1086,16798874,"Syafrian Abra Hutabarat","2026-09-16 16:38:13",0.94250,16,syafrianabra
1087,16845683,"ska B222","2026-09-08 20:00:57",0.94249,4,skab222
1088,16848978,"Berşan Şatır","2026-09-09 12:47:13",0.94247,4,bersanstr
1089,16840560,"Renārs Paiders","2026-09-11 22:06:12",0.94245,9,renrspaiders
1090,16811914,"Michael Daniel EKKA","2026-09-03 07:35:06",0.94244,4,michaeldanielioai
1091,16798622,Wildata,"2026-09-18 07:11:43",0.94241,19,wildata
1092,16896225,"Shah Muhmmad Fazle Rabbi","2026-09-16 07:08:19",0.94241,1,engineerfrabbi
1093,16823812,"Ryukichi INOUE","2026-09-13 07:44:37",0.94241,10,ryukichiinoue
1094,16805628,Fabbasso,"2026-09-18 23:47:38",0.94241,24,fabrizio78
1095,16871385,平木優花,"2026-09-16 08:14:41",0.94241,37,hiraki132131
1096,16808003,"Matilda Tasiens","2026-09-18 16:54:28",0.94240,31,matildatasiens
1097,16885522,"Карп Мафиози","2026-09-13 13:08:13",0.94240,1,maruuv
1098,16859985,"Konrad Łykowski","2026-09-14 14:34:06",0.94239,14,konradykowski
1099,16810834,ArnoldRosielle,"2026-09-05 20:40:26",0.94238,3,arosielle
1100,16818752,JetJetGo,"2026-09-04 13:51:25",0.94233,3,psykrishna
1101,16798973,FanRuijie,"2026-09-07 06:58:27",0.94231,24,ruijiefancn04
1102,16840628,luicaru,"2026-09-08 15:19:47",0.94226,2,luicaru
1103,16832904,Rushikesh,"2026-09-04 22:55:28",0.94226,1,rushii23
1104,16817857,"Brishav Mondal","2026-09-10 09:18:49",0.94226,6,brishavmondal
1105,16911303,"Vashu Saini55","2026-09-17 07:34:47",0.94225,3,vashusaini55
1106,16803015,"Marcos Silveira","2026-09-07 15:23:14",0.94225,25,msilve
1107,16849966,"Kawsar Ahmmed","2026-09-13 11:52:23",0.94224,4,kawsarahmmednabil
1108,16917128,Here,"2026-09-18 12:15:27",0.94222,4,here78682
1109,16915912,"Famojuro Mathew","2026-09-18 12:13:21",0.94221,2,famojuromathew
1110,16808689,"Stephen Tarter","2026-09-14 20:45:51",0.94220,20,stephentarter
1111,16810411,"aggressive_elimination = True","2026-09-15 20:55:35",0.94220,4,"mcprorolexs,paperxd"
1112,16823527,"Michał Pasiowiec","2026-09-08 20:12:19",0.94219,4,michapasiowiec
1113,16848326,Elowry,"2026-09-10 20:22:12",0.94219,3,elowry
1114,16798983,malibu_orange,"2026-09-01 06:22:33",0.94218,3,malibuorange
1115,16913346,Vin'S,"2026-09-17 14:11:13",0.94218,3,vins416
1116,16864825,casperow,"2026-09-11 12:31:31",0.94218,1,casperow
1117,16876870,"Badrul Alam Leon","2026-09-12 20:20:30",0.94218,2,badrulalamleon
1118,16809344,Harmesh,"2026-09-18 20:06:47",0.94217,11,harmesh095
1119,16853306,"Shoko SH","2026-09-18 13:04:07",0.94216,10,shokos64
1120,16860226,"xie daoyun","2026-09-15 13:04:17",0.94216,2,xiedaoyun
1121,16809585,mgoto51004,"2026-09-10 13:38:10",0.94216,16,mgoto51004
1122,16814800,"Darío López Ramos","2026-09-07 07:26:55",0.94215,6,dariolr
1123,16896755,"Sujan Das","2026-09-18 13:45:17",0.94215,2,sujandas2023
1124,16799233,hirondelle_ken,"2026-09-01 06:10:54",0.94215,3,hirondelleken
1125,16846807,"Bijay Syangtan","2026-09-09 11:11:01",0.94215,4,bijaybijay
1126,16832958,mohamedahmed,"2026-09-07 16:32:28",0.94214,5,markeb
1127,16857480,dtHL123,"2026-09-11 10:27:52",0.94214,4,dthl123
1128,16875625,"astro not learning","2026-09-13 07:49:17",0.94213,12,zzzzzzzzyh
1129,16798956,Taka-344,"2026-09-14 06:04:53",0.94212,3,taka344
1130,16826989,Evander,"2026-09-08 15:39:55",0.94212,9,jiaoweishen
1131,16799660,seung12,"2026-09-05 15:10:54",0.94212,15,seung123
1132,16802552,Systum_Phar_Denge,"2026-09-07 20:09:52",0.94212,10,jamiussiddiqui
1133,16802749,PIPPI,"2026-09-10 13:06:35",0.94212,21,hayatarosu
1134,16853124,hhnn,"2026-09-10 14:32:22",0.94211,2,hhnn77
1135,16865483,鍵山勇太,"2026-09-10 13:36:34",0.94210,4,kagiyama0730
1136,16832297,user_8128,"2026-09-07 16:34:37",0.94209,2,user8128
1137,16850907,FalkTobias,"2026-09-08 00:59:56",0.94209,2,falktobias
1138,16805092,"Parth Sarnobat","2026-09-17 18:39:01",0.94209,12,parthsarnobat
1139,16885091,"siddharth chandra","2026-09-13 17:00:18",0.94209,9,siddharthchandra2007
1140,16867066,Furkan,"2026-09-17 12:48:41",0.94208,11,furkanzmez
1141,16894200,"Tú Hoàng","2026-09-15 09:55:55",0.94207,9,grizmo
1142,16887277,SongJH21,"2026-09-16 06:15:50",0.94207,6,songjh21
1143,16862898,WBF_USA_NYC,"2026-09-10 00:48:04",0.94207,2,wbfranci
1144,16869432,"Kélian Pons","2026-09-15 20:20:47",0.94207,14,"gwenn05,klianpons"
1145,16866957,"Ke Zihao k","2026-09-13 08:12:29",0.94207,4,boyilunk
1146,16850727,"Max Tenenbaum","2026-09-12 01:50:55",0.94207,2,maxtenenbaum
1147,16803027,"Andrea Moschetti","2026-09-03 19:50:37",0.94207,9,andreamoschetti
1148,16887988,"Ashwin Prakash","2026-09-16 05:00:18",0.94206,5,ashwinprakashml
1149,16907756,VSB,"2026-09-17 03:54:33",0.94206,2,bcnadh
1150,16823031,"Ziad Mohamed","2026-09-05 00:48:03",0.94206,7,ziadmoelsayed
1151,16824679,"Akansh Verma","2026-09-05 03:55:46",0.94206,1,illuzionzz
1152,16917275,"Ali Sajwani","2026-09-18 18:13:24",0.94206,14,alisajwani
1153,16805133,"Aryan Yadav","2026-09-01 23:40:23",0.94205,1,simplexcomplex
1154,16800643,Shivam,"2026-09-17 19:33:06",0.94205,20,shivamgravity
1155,16808267,"Simone Mazzoli","2026-09-05 13:17:19",0.94205,16,simonemazzoli
1156,16799715,"poignant padaeng","2026-09-02 12:24:56",0.94204,1,poignantpadaeng
1157,16846119,"Waqar Ahmed","2026-09-07 08:16:37",0.94204,2,waqarahmed55
1158,16801532,"Uğur Atlı","2026-09-01 11:15:59",0.94204,1,uuratl
1159,16803201,Yuzu,"2026-09-01 22:40:41",0.94204,2,yuzuoctopus
1160,16854209,"LI ZHIGANG","2026-09-09 05:02:47",0.94203,2,leezhigang
1161,16808910,"Muhammad Shoaib Altaf","2026-09-03 22:35:49",0.94203,1,muhammadshoaibaltaf
1162,16801031,"yann sadowski","2026-09-01 15:47:52",0.94203,3,yannsadowski
1163,16868487,"Manny Peiso","2026-09-17 21:26:55",0.94203,4,mannypeiso
1164,16808792,"Kerem Meriç","2026-09-06 17:15:21",0.94203,4,keremmeric
1165,16843857,Meshwa,"2026-09-07 21:02:40",0.94203,2,meshwapatel4287
1166,16848100,"Gonçalo Cravinho","2026-09-09 15:06:54",0.94203,1,gonalocravinho
1167,16802048,last2k4,"2026-09-01 20:40:48",0.94203,1,last2k4
1168,16838662,"Mahindra Ram pathuri","2026-09-18 09:33:29",0.94203,5,mahindrarampathuri
1169,16867168,"Artyom Oganesyan","2026-09-12 15:35:27",0.94202,5,artyomoganesyan
1170,16860228,"Ufuk Can Ilgin","2026-09-09 12:43:26",0.94202,1,ufukcanilgin
1171,16802106,"Farid Pangestu Aji","2026-09-02 20:50:10",0.94202,8,faridpangestuaji
1172,16817999,"Satyam Tiwari","2026-09-11 08:51:40",0.94201,3,satyamkes
1173,16859064,"SDIT030A-Shubham Oza","2026-09-11 11:02:10",0.94201,2,sdit030ashubhamoza
1174,16876230,_tripathi_ji_1,"2026-09-11 15:36:57",0.94201,2,tripathiji1
1175,16887005,LINKIT,"2026-09-13 15:41:46",0.94201,2,lin1027
1176,16820506,"Kei Masuda","2026-09-18 01:04:14",0.94201,14,keimasuda
1177,16865421,"Greg Lipman","2026-09-11 07:28:15",0.94201,4,greglipman
1178,16804981,"Emirhan Kadan","2026-09-09 19:50:53",0.94200,9,emirhankadan
1179,16813778,"Gorakh Nath Singh","2026-09-03 20:26:53",0.94200,1,gorakhnathsingh
1180,16803062,"Sarvesh Chhetri","2026-09-18 16:35:40",0.94200,15,sarveshchhetri
1181,16845268,"Yves Emmanuel","2026-09-07 20:03:38",0.94200,6,emmanuelyves
1182,16876294,hongquann,"2026-09-16 07:05:36",0.94200,7,hongquann
1183,16848597,"Minh Quân Đào","2026-09-07 16:28:03",0.94200,4,minhquno
1184,16805395,"Alfredo Chavelas","2026-09-09 19:13:30",0.94200,7,alfredochavelas
1185,16822873,hkassimi,"2026-09-07 15:35:18",0.94200,3,hkassimi
1186,16894574,"Atif Mazhar","2026-09-18 12:22:55",0.94199,2,atifmazhar
1187,16845896,Tiv,"2026-09-08 13:11:55",0.94199,3,tivdiss
1188,16841179,"rahul yadav","2026-09-05 21:47:13",0.94199,2,rahullalu
1189,16838817,"Roy Smith","2026-09-07 08:32:15",0.94199,3,roysmithkkkkkkkkk
1190,16851222,"Henrique Ceccatto","2026-09-14 18:32:06",0.94199,4,henriquececcatto
1191,16843048,"Deep Patil","2026-09-06 09:58:03",0.94199,2,deeppatil1
1192,16876318,"Avaya Thapa","2026-09-18 21:48:01",0.94199,2,"avayathapa,lewisball480"
1193,16868544,"Tisha Jadhav ","2026-09-11 12:59:17",0.94199,1,tishajadhav
1194,16802932,"Nicole Patterson","2026-09-10 00:24:33",0.94198,3,nicolepatterson8910
1195,16861950,"Abhishek Gupta","2026-09-11 08:30:43",0.94198,2,abhishekgupta56447
1196,16875436,"Mubashir Ul Hassan","2026-09-13 16:45:38",0.94198,1,mubashirulhassan00
1197,16802808,"Rohit Prakash Singh","2026-09-05 04:14:11",0.94198,3,rpsingh21
1198,16872289,"Tarun R","2026-09-16 04:42:37",0.94197,3,tarunrclg
1199,16884795,"Vikas kumar Singh","2026-09-15 11:24:45",0.94197,1,vikassingh01
1200,16811231,Hussain99,"2026-09-04 09:36:22",0.94197,15,hussain99
1201,16881522,"Muhammad Toufiq","2026-09-16 14:39:15",0.94197,10,muhammadtoufiq
1202,16890457,"Tony He","2026-09-18 12:44:41",0.94197,7,tonyyang0504
1203,16887263,"Md Anisujjaman","2026-09-15 12:25:30",0.94197,13,shohan06
1204,16799733,"Anant jain","2026-09-02 06:31:50",0.94197,4,anantjain159
1205,16805290,Govind,"2026-09-05 13:11:01",0.94196,8,shekeloatmeal
1206,16799188,"Tuấn Anh","2026-09-07 15:35:13",0.94196,7,tuananhdata
1207,16820518,"Dávid Straka","2026-09-10 12:07:43",0.94196,2,dvidstraka
1208,16920404,"giyogoio hlrlqll","2026-09-18 12:55:12",0.94196,3,giyogoiohlrlqll
1209,16798914,"Shinichi Monden","2026-09-18 17:52:20",0.94196,34,shinichimonden
1210,16843364,"Ruby Hall","2026-09-13 11:40:19",0.94195,2,rubyhall
1211,16810678,"Kamonashis Halder","2026-09-10 08:41:52",0.94195,3,kamonashis
1212,16798705,shushushun,"2026-09-05 10:08:27",0.94195,3,shushushun
1213,16849059,"Manuel Santiago Atencio","2026-09-15 23:55:31",0.94195,10,manuelsatencio
1214,16828407,"SAMARTH ZAVERI","2026-09-04 21:06:48",0.94195,3,samarthzaveri
1215,16856301,"Ege Karaismailoğlu","2026-09-12 11:19:54",0.94195,25,ekarais
1216,16872812,"Shubham Sengupta","2026-09-13 07:03:20",0.94194,5,senguptashubham
1217,16858086,"Hiroyuki Fujimaki","2026-09-09 14:33:20",0.94194,2,hiroyukifujimaki
1218,16854450,"Neel Pavale","2026-09-13 20:35:05",0.94194,5,neelpavale
1219,16912843,๖ۣۜƊark๖ۣۜ山arrior,"2026-09-17 13:05:37",0.94194,4,arkarrior
1220,16838773,dak7sh,"2026-09-05 10:16:12",0.94193,2,dak7sh
1221,16800942,"Ziad Roshdy","2026-09-13 10:53:53",0.94193,10,ziadzika
1222,16831283,"Bob Kunanda","2026-09-04 18:08:55",0.94193,10,bobkunanda
1223,16905436,"Yee Chern","2026-09-17 14:27:14",0.94193,1,yeechern
1224,16828565,"Kalpesh Koli","2026-09-06 05:32:06",0.94193,7,knightkai
1225,16848554,Vishal7870,"2026-09-08 14:33:39",0.94193,1,vishal7870
1226,16891812,"يوسف الساده","2026-09-14 21:31:49",0.94193,7,josephalsadh
1227,16800055,AKASH_21_033_A,"2026-09-01 14:58:11",0.94193,5,akash21033a
1228,16846664,PRATHAM,"2026-09-16 20:49:54",0.94192,2,prathameshkolhe6099
1229,16863007,Ilya,"2026-09-10 11:42:58",0.94192,5,imitusov
1230,16894819,DanWil,"2026-09-15 06:54:42",0.94192,1,danwilique200
1231,16893592,Kodai,"2026-09-18 07:08:13",0.94192,6,oootitiu
1232,16852578,bardiagood,"2026-09-11 03:10:18",0.94191,3,bardiagood
1233,16847930,tomohiroikeda,"2026-09-14 12:38:04",0.94191,7,tomohiroikeda
1234,16807907,"Ababil Khoerul Imam","2026-09-18 02:11:17",0.94191,3,ababilkhoerulimam
1235,16798634,"Yuji Fukumoto","2026-09-14 05:17:45",0.94191,1,yujitest
1236,16808752,Tom8710,"2026-09-16 22:48:54",0.94191,20,tomactlog
1237,16855628,"esraa akram","2026-09-13 12:53:57",0.94191,1,esraaakram2005
1238,16847512,"Umut Doruk Öztürk","2026-09-07 15:14:18",0.94190,4,umutdorukztrk
1239,16799788,"Timofej Golobokov","2026-09-07 19:16:43",0.94190,4,dymy1ry
1240,16802383,"zuhal yıldırım","2026-09-02 13:34:39",0.94190,4,zuhalyldrm7
1241,16854889,"Rick Clauser","2026-09-08 15:13:25",0.94190,1,rickclauser
1242,16888063,"Aditya Dube","2026-09-13 21:48:02",0.94190,1,dubeaditya
1243,16802249,Zack_AI_Qu,"2026-09-17 14:40:57",0.94190,6,zackaiqu
1244,16798823,privatebell,"2026-09-07 23:40:45",0.94190,2,privatebell
1245,16843546,"Ilmari Leiviska","2026-09-06 14:09:51",0.94190,4,ilmarileiviska
1246,16843779,"Arnav Tripathi","2026-09-06 20:04:38",0.94190,1,arnavtripathi17
1247,16841020,dev_devika_2929,"2026-09-08 21:58:56",0.94190,6,devdevika2929
1248,16845475,rkoirala129,"2026-09-18 12:40:43",0.94189,6,rkoirala129
1249,16806667,Angelina986,"2026-09-18 13:01:41",0.94189,38,angelina986
1250,16839957,stevvvpy,"2026-09-13 13:37:21",0.94189,2,stevenliwang
1251,16802937,"Mikhail Ushakov","2026-09-01 20:12:11",0.94189,7,syndicate2k
1252,16840902,AnkitJangir01,"2026-09-12 18:17:45",0.94189,3,ankitjangir01
1253,16800066,"SYED HANZALA ALI SHAH","2026-09-06 16:26:16",0.94188,20,syedhanzalaalishah
1254,16891485,"jiale li1989","2026-09-16 13:24:46",0.94188,3,jialeli1989
1255,16855338,"Gonzalo Garcia43","2026-09-09 11:30:28",0.94188,9,gonzalogarcia43
1256,16848496,greenflazh,"2026-09-12 23:31:23",0.94188,1,greenflazh
1257,16875432,"Kibrewossen Tesera","2026-09-11 15:31:01",0.94188,4,kibrewossentesera
1258,16803084,"Satyam Kumar0725","2026-09-15 15:23:27",0.94188,6,satyamkumar0725
1259,16826051,Ansh_Gupta2702,"2026-09-09 11:56:32",0.94188,17,anshgupta2702
1260,16891792,Akshit27,"2026-09-15 03:14:12",0.94188,2,akshit27
1261,16859241,"Daniel Moraleda Sánchez","2026-09-17 22:09:54",0.94187,5,danielmoraleda
1262,16842693,dtsroy,"2026-09-06 10:27:51",0.94187,1,dtsroy
1263,16856016,"Ejiro Ugolor","2026-09-11 15:56:36",0.94187,2,ejirougolor
1264,16807162,"Ari Yehuda Betser","2026-09-02 08:10:50",0.94187,3,ariyehudabetser
1265,16830488,"Mohammad Barraj","2026-09-10 05:51:40",0.94187,3,mohammadbarraj
1266,16881487,FFFishes7,"2026-09-13 08:59:36",0.94186,2,fffishes7
1267,16891193,"Peem Sutthi","2026-09-15 13:42:48",0.94186,2,peemsutthi
1268,16798954,"Aritra Dasgupta","2026-09-01 05:45:03",0.94186,10,ardagmus
1269,16801009,SunSeeker染汐,"2026-09-02 11:25:59",0.94186,2,sunseekerrx
1270,16825095,Brayner,"2026-09-14 03:05:10",0.94186,1,brayner
1271,16850604,"Frank Bohm","2026-09-08 09:42:49",0.94186,2,frankbohm
1272,16807990,"Anuj Saha","2026-09-08 11:36:44",0.94186,9,anujsaha0123456789
1273,16808862,Morris_kaggle,"2026-09-07 08:11:48",0.94186,10,keisukekaggle
1274,16810933,"Corey Michaud","2026-09-10 16:01:40",0.94186,4,coreymichaud
1275,16843648,"Christopher Mungiria","2026-09-16 15:20:38",0.94186,18,christophermungiria
1276,16840156,"Nabil NOUALI","2026-09-05 17:51:11",0.94185,2,nabilnouali
1277,16805142,donkedo,"2026-09-14 14:56:51",0.94185,19,donkedo
1278,16806532,"Abhijit Pise","2026-09-02 08:28:38",0.94185,8,abhijitpise
1279,16882874,"Callum Stephen Connell","2026-09-14 18:48:45",0.94185,1,callumstephenconnell
1280,16892995,tivory27,"2026-09-18 14:09:59",0.94185,1,tivory27
1281,16906610,Jayaram,"2026-09-16 14:48:22",0.94185,3,jayaram
1282,16839950,"Furkan Sipahi","2026-09-06 19:22:59",0.94185,1,furkansipahi
1283,16811766,"Yunchi Wu","2026-09-04 09:39:48",0.94185,8,yunchiwu
1284,16882402,"Muhammad Atif","2026-09-15 20:31:01",0.94184,2,atifkhan12
1285,16802897,zyq277,"2026-09-02 05:20:13",0.94184,1,zyq277
1286,16849900,ZhaoWang_Leon,"2026-09-09 10:45:51",0.94184,6,zhaowangleon
1287,16881599,JoeBBateman,"2026-09-12 18:35:03",0.94184,6,joebbateman
1288,16917720,ifashion,"2026-09-18 03:18:57",0.94184,2,ifashion
1289,16888228,jacques-oliveira-eng,"2026-09-17 19:39:00",0.94184,11,jacquesoliveiraeng
1290,16898830,"Arunangshu Pal123123","2026-09-18 18:52:39",0.94184,4,arunangshupal123123
1291,16833413,"yumi sato","2026-09-05 03:22:43",0.94184,2,yumisato1234
1292,16825461,Krishnakdk,"2026-09-04 06:26:34",0.94184,9,krishnakdk
1293,16853480,"Nisma Kauser","2026-09-18 16:28:43",0.94184,2,nk2003
1294,16841415,Osmond,"2026-09-05 23:15:34",0.94184,5,osmond20006
1295,16809883,"Lorenzo Mansi","2026-09-05 13:34:09",0.94184,4,lollo0900
1296,16799766,"Lisha Chaudhari","2026-09-13 11:01:51",0.94184,1,lishachaudhari
1297,16916373,farhanntu,"2026-09-17 20:22:55",0.94184,1,mufarhans
1298,16844257,"Mohammad Elsayed","2026-09-09 17:43:23",0.94183,6,someotherbody
1299,16831343,"Razan Ihab","2026-09-06 15:58:19",0.94183,1,razanihababdellatif
1300,16805225,Tigerpiotta,"2026-09-11 21:08:29",0.94183,4,tigerpiotta
1301,16848352,KL0620,"2026-09-13 15:37:20",0.94183,6,kimlunl
1302,16910356,futurel,"2026-09-17 08:03:10",0.94183,1,futurel
1303,16884263,"Saeer Noorani","2026-09-17 01:14:14",0.94183,2,saeernoorani
1304,16844504,Grace7523,"2026-09-08 15:35:27",0.94183,1,grace7523
1305,16808251,"Iftekhar ahmmed","2026-09-15 12:09:21",0.94183,11,iftekhar1ahmmed
1306,16888365,Steve,"2026-09-13 23:49:53",0.94183,1,steve5438
1307,16880378,"Rebecca Shirievo","2026-09-14 06:03:15",0.94183,8,rebeccashirievo
1308,16832410,"Jainish Kumar","2026-09-10 18:08:47",0.94182,2,jainishkumar
1309,16861339,JunGeMa1,"2026-09-11 19:16:24",0.94182,5,jungema1
1310,16870912,"Nitesh Kanojiya","2026-09-14 07:14:09",0.94182,4,niteshk4nojiya
1311,16894934,"Kam Mehr","2026-09-15 10:48:23",0.94182,1,kammehr
1312,16913176,"Deepak GD","2026-09-17 10:14:01",0.94182,2,gddeepak
1313,16838603,ajimihao,"2026-09-07 10:04:42",0.94182,2,ajimihao
1314,16809976,"Esma Oğuz","2026-09-06 22:54:36",0.94181,5,eoguzz
1315,16806407,"Kaustubh Mukdam","2026-09-14 04:46:02",0.94181,9,kaustubhmukdam
1316,16854024,"Ruben Garcia","2026-09-15 09:55:11",0.94181,5,rubengarcia2309
1317,16799456,"Rayk Kretzschmar","2026-09-03 06:32:01",0.94181,4,raykkretzschmar
1318,16815031,"Rutang Patel","2026-09-05 05:58:38",0.94180,4,rutangpatel
1319,16831984,golugoodboy,"2026-09-08 16:09:15",0.94180,1,prabhatkagglelearn
1320,16849384,"Artyom Sayapin","2026-09-10 23:19:18",0.94180,1,spielmeister
1321,16799076,"Do Hyun Nam","2026-09-02 00:29:59",0.94180,4,dollis
1322,16802553,"Anurag malik00","2026-09-04 10:52:44",0.94180,3,anuragmalik00
1323,16816687,momiji_free,"2026-09-17 06:55:05",0.94180,25,momijifree
1324,16800061,C3PO,"2026-09-16 13:05:23",0.94180,3,alunji
1325,16803310,"Mirko Caroleo","2026-09-06 16:48:09",0.94180,10,mirkocaroleo
1326,16802856,"Joao Pedro Nascimento de Sousa","2026-09-01 16:37:26",0.94180,1,joaopedrosousan
1327,16907092,Debjyoti6007,"2026-09-17 09:47:06",0.94179,8,debjyoti6007
1328,16895283,edward1503,"2026-09-15 09:41:00",0.94179,1,nguynnc
1329,16830469,"Louis GERVILLE-REACHE","2026-09-10 08:16:50",0.94179,6,louisgerville
1330,16802667,"Syed Rayyan Haider","2026-09-18 12:16:38",0.94179,59,"abdulrafay2525,mabdulrafay2,syedrayyanhaider"
1331,16891705,"Rahul vats","2026-09-16 14:15:17",0.94179,3,rahulvats20
1332,16800647,Nesime,"2026-09-18 08:12:51",0.94179,8,monkeybox
1333,16893171,"Osama Hamdi","2026-09-14 21:28:27",0.94178,3,osamahamdi0
1334,16801049,"hyhien lu","2026-09-02 12:52:36",0.94178,1,hyhienlu
1335,16807170,"Sadettin Şamil Verdil","2026-09-13 11:13:02",0.94178,1,sadettinamilverdil
1336,16807201,"Prosotas dubiosa","2026-09-09 17:51:50",0.94178,1,prosotasdubiosa
1337,16876350,krak0s,"2026-09-18 13:31:57",0.94178,2,krak0s
1338,16881489,"Mohit  Gawali","2026-09-14 12:39:34",0.94178,11,mohitsharadraogawali
1339,16852348,KALP_LAD,"2026-09-17 09:47:06",0.94178,15,kalplad
1340,16880866,"KRISHNA SIMHA","2026-09-13 07:34:35",0.94177,9,krishnasimha
1341,16805465,mike_L,"2026-09-01 22:49:54",0.94177,7,mikeloncaric
1342,16810998,"De Marchi Fabio","2026-09-18 21:00:08",0.94177,8,obiaf88
1343,16892711,NaufalAqil18,"2026-09-16 08:22:11",0.94177,5,naufalaqil18
1344,16818709,khanhtran,"2026-09-04 07:22:25",0.94177,12,carlostran
1345,16854142,"Marco Nardone","2026-09-10 21:01:23",0.94176,1,marconardone
1346,16811586,rlrlrlrlrl,"2026-09-04 06:50:48",0.94176,1,rlrlrlrlrl
1347,16849189,danishlaraib,"2026-09-08 02:07:22",0.94176,3,danishlaraib
1348,16889400,RAFAY__1212,"2026-09-16 04:59:04",0.94176,22,rafay1212
1349,16865589,"Philemon Chan","2026-09-13 22:52:31",0.94176,2,uduntu
1350,16811960,"Mike Johnson","2026-09-12 02:36:00",0.94176,2,mrjohnsonsea
1351,16798798,BrentL,"2026-09-03 04:43:12",0.94176,3,brentl
1352,16843247,"Gunnika Aggarwal","2026-09-06 16:14:47",0.94176,8,gunnikaggarwal
1353,16859162,"Aymen Mhirit","2026-09-16 10:56:17",0.94175,2,aymenmhirit
1354,16860742,"Christos Basdekis","2026-09-14 10:48:19",0.94175,4,christosbasdekis
1355,16885612,"Agniva Ghosh","2026-09-15 15:59:42",0.94175,4,agniva2006
1356,16806569,"Ramuni Lalith Vishnu","2026-09-06 12:30:49",0.94175,1,ramunilalithvishnu
1357,16860410,"Kir Bor","2026-09-09 17:12:36",0.94175,5,abkir1
1358,16812667,AaradhyaGupta,"2026-09-03 04:45:51",0.94175,1,aaradhyaguptaai
1359,16802729,"Akash Jadhav","2026-09-02 11:41:42",0.94175,2,EagleOnAI
1360,16894981,bezul,"2026-09-15 18:37:10",0.94175,1,bezul2
1361,16904374,"Oluwaseun O Adeya","2026-09-16 13:00:07",0.94175,3,oluwaseunoadeya
1362,16806555,Dev_Patel,"2026-09-02 07:36:03",0.94174,2,devpateldev
1363,16842541,Rutang,"2026-09-06 09:28:44",0.94174,1,rutang2
1364,16854394,as_mild_ny,"2026-09-08 14:59:56",0.94174,1,asmildny
1365,16809706,"Parth Kumbhar","2026-09-03 19:11:45",0.94174,2,parthkumbhar131106
1366,16811806,"Waihei Yuk","2026-09-03 06:02:27",0.94174,1,waiheiyuk
1367,16855889,"Manish Parmar","2026-09-18 00:54:03",0.94174,1,manishparmar4102
1368,16798921,"Mehreen Rahman","2026-09-01 16:56:24",0.94174,1,mehreenrahman
1369,16881459,"FARES AISSAOUI","2026-09-12 14:28:59",0.94173,1,faresls
1370,16799117,"Chirapathleo Saelim","2026-09-14 11:35:24",0.94173,7,chirapathleosaelim
1371,16863936,SRSKhan,"2026-09-10 05:38:45",0.94173,1,srskhan
1372,16807687,Dawnej,"2026-09-18 05:37:57",0.94172,32,dawnej
1373,16844167,"Aleksandr Artamonov","2026-09-08 17:49:00",0.94172,6,arutamonofu
1374,16893452,canjinyu,"2026-09-15 04:21:06",0.94172,1,canjinyu
1375,16808308,"Edosuyi Enosakhare","2026-09-04 09:11:18",0.94172,7,edosuyienosakhare
1376,16857361,mmcuda,"2026-09-09 05:00:14",0.94172,2,mmcuda
1377,16842976,"Aseel AL-Mozahem","2026-09-15 21:38:09",0.94172,2,anonymousdns
1378,16830827,"Quantum Autumn","2026-09-06 10:38:06",0.94172,15,autumnquantum
1379,16914441,Shreed7,"2026-09-17 19:35:36",0.94172,10,shreed7
1380,16802621,Sarthak,"2026-09-12 15:46:11",0.94172,11,sarthak914
1381,16817796,Xplug-xmc,"2026-09-09 14:15:49",0.94172,2,xplugxmc
1382,16802079,"Soichiro Shido","2026-09-01 10:05:49",0.94172,1,soichiroshido
1383,16859192,"ARUNAGIRINATHAN K","2026-09-11 00:51:20",0.94171,9,arunsworkspace
1384,16906451,"Saiyyad Ahmed","2026-09-16 14:21:53",0.94171,2,saiyyadahmed
1385,16798799,"KOUSHIK KUMAR DINDA","2026-09-01 03:36:18",0.94171,1,koushikkumardinda
1386,16889634,NITISH_GOYAL1,"2026-09-15 06:30:13",0.94171,5,nitishgoyal1
1387,16799630,"Rohit Kumar","2026-09-10 03:55:05",0.94171,18,rohit4468
1388,16881138,"Akkapop Prasompon","2026-09-14 10:37:41",0.94171,3,akkapopprasompon
1389,16819926,"Sharon.n Gichira","2026-09-15 14:51:57",0.94171,25,sharonngichira
1390,16841249,Royal_Mustaches,"2026-09-05 20:11:01",0.94171,1,royalmustaches
1391,16897886,"Trisha Nadar","2026-09-17 12:45:24",0.94171,5,trishanadar
1392,16890924,cristian,"2026-09-15 00:32:00",0.94171,2,crprpr
1393,16846589,"Joseph D","2026-09-07 18:27:30",0.94170,2,navigatordj
1394,16802216,zouxiheng,"2026-09-01 14:35:26",0.94170,10,zouxiheng
1395,16805378,"Chirag Desai","2026-09-13 19:27:20",0.94170,3,cid007
1396,16798876,daihui16,"2026-09-11 03:24:58",0.94170,3,cmt1127
1397,16831055,Talhai212565,"2026-09-08 22:01:04",0.94170,1,talhai212565
1398,16799785,HuiJuan.Yu,"2026-09-01 08:18:09",0.94170,4,chuyuni
1399,16810744,"Muhammad Adnan Shahzad","2026-09-02 21:48:27",0.94170,1,muhammadadnanshahzad
1400,16808354,"Hifza Ansari","2026-09-03 12:21:51",0.94170,1,hifzaansari
1401,16802326,"Avik Das","2026-09-02 06:11:07",0.94169,2,avikdas567
1402,16799185,"Satyajeet Kumar","2026-09-01 06:01:13",0.94169,2,m4rcuseryx
1403,16828595,"Keep Motivated","2026-09-04 11:44:40",0.94169,2,keepmotivated
1404,16847403,suiban410219,"2026-09-08 11:46:31",0.94169,5,suiban410219
1405,16803985,"Seungjun Lee","2026-09-02 00:26:07",0.94169,1,seungjunleeofficial
1406,16847728,"Emanuele Latino","2026-09-17 18:28:17",0.94169,8,emanuelelatino
1407,16802681,Fousekhs,"2026-09-01 12:56:08",0.94169,1,fousekhs
1408,16809769,"Aditya Kumar U","2026-09-18 16:56:30",0.94169,4,"adityakumaru,arvindlol,chashin"
1409,16907800,"Ramesh Neupane","2026-09-18 10:29:09",0.94169,2,rameshneupane2025
1410,16799546,"Sean Connolly","2026-09-02 02:48:38",0.94169,4,seanconnolly
1411,16876158,"Mobeen Fatima","2026-09-17 17:24:49",0.94169,2,mobeenfatimah
1412,16800537,e271828,"2026-09-02 01:15:14",0.94169,4,e271828ai
1413,16866677,jinruixu,"2026-09-11 13:27:50",0.94169,1,jinruixu11
1414,16808970,"Татьяна Кафьян","2026-09-03 13:40:03",0.94169,4,kafyantatyana
1415,16891903,"Victor Loaiza","2026-09-18 23:45:23",0.94169,4,victorloaizam
1416,16876064,Gjones01,"2026-09-14 00:36:07",0.94169,1,gjones01
1417,16854479,"Muarifatul husna","2026-09-08 15:59:44",0.94169,2,muarifatulhusna
1418,16799649,DongJunKim,"2026-09-01 11:12:13",0.94169,4,kkiljh
1419,16833151,"Vikas Seth","2026-09-12 20:08:42",0.94169,2,vikassethv
1420,16880764,AkiraFujieda,"2026-09-12 23:59:35",0.94169,3,akirafujieda
1421,16808986,Yukino487,"2026-09-02 14:52:37",0.94168,4,yukino487
1422,16885809,bsenst,"2026-09-14 15:09:52",0.94168,3,bnzn261029
1423,16798715,Catadanna,"2026-09-01 09:58:12",0.94168,7,catadanna
1424,16891405,Jiratchaya007,"2026-09-14 15:00:21",0.94168,4,jiratchaya007
1425,16835960,kansyo,"2026-09-10 11:28:43",0.94168,2,kansyo
1426,16865886,Akshai_0,"2026-09-11 10:07:31",0.94168,8,akshai0
1427,16817493,yihang1717,"2026-09-04 12:58:02",0.94168,1,yihang1717
1428,16815012,RayHuang,"2026-09-03 12:15:48",0.94168,4,rayhuang0124
1429,16866496,Fidel,"2026-09-10 17:40:28",0.94168,2,fidellusianaputri
1430,16823385,"Carol Wu","2026-09-06 19:46:56",0.94168,1,phr0gg
1431,16862277,"Al Hadj Hmida Chadi","2026-09-09 21:00:18",0.94168,2,alhadjhmidachadi
1432,16808044,cropperash,"2026-09-04 08:46:46",0.94168,11,cropperash
1433,16839327,Leeguang98,"2026-09-08 17:24:38",0.94167,2,leeguang98
1434,16809348,Mrsalty,"2026-09-02 13:19:22",0.94167,1,mrsaltyx
1435,16823986,"orchid Liu","2026-09-09 09:03:31",0.94167,1,orchidliu
1436,16841382,"Phyo Wai Aung1","2026-09-07 22:36:25",0.94167,14,"kyawphonethant,phyowaiaung1"
1437,16809973,TobiST10,"2026-09-06 22:45:29",0.94167,15,tobist10
1438,16893000,Bath-Water,"2026-09-16 09:09:29",0.94167,5,bathwater
1439,16818882,"Abdallah Hashad","2026-09-05 19:59:59",0.94167,2,abdallahhashad0
1440,16798853,Marius,"2026-09-09 23:09:40",0.94167,3,mariusborel
1441,16798955,skbhai07,"2026-09-02 10:22:17",0.94167,1,skbhai07
1442,16883743,"Kenneth Mccarthy","2026-09-13 05:47:47",0.94167,4,kennethmccarthy
1443,16842160,ricky5932,"2026-09-06 12:57:10",0.94167,3,ricky5932
1444,16885386,sidhfe,"2026-09-16 08:27:38",0.94167,2,sidhfe
1445,16879656,"Roaa Khalaf","2026-09-13 09:03:50",0.94166,4,roaakhalaf
1446,16799088,"Sharanya Nagar","2026-09-15 19:05:50",0.94166,6,sharanyanagar07
1447,16831225,"Trinh Tuan Anh","2026-09-07 19:37:43",0.94166,2,trinhtuananh
1448,16832693,"Oktavian Prasetya Adi","2026-09-06 05:55:57",0.94166,6,oktavianprasetyaadi
1449,16855112,Qwe_,"2026-09-09 12:07:26",0.94166,1,annchern
1450,16808674,"Vignesh Nehru","2026-09-10 14:31:20",0.94166,2,vigneshnehru
1451,16822295,"S Fukushi","2026-09-06 06:21:52",0.94166,1,sfukushi
1452,16903957,"Menelik Zafir","2026-09-16 03:19:01",0.94166,1,monibeefudgekins
1453,16806342,"Umar Tabbsum","2026-09-02 04:15:41",0.94166,1,umartabbsum
1454,16891780,"Mega Gobb","2026-09-14 14:04:24",0.94166,1,megagobb
1455,16884549,Edgar2025,"2026-09-13 04:48:41",0.94165,1,edgar2025
1456,16878455,"Tianle Xiang","2026-09-12 04:06:09",0.94165,6,tianlexiang
1457,16809666,Ksuke29,"2026-09-13 06:53:37",0.94165,5,keisuke20040529
1458,16809501,rdcastroinvest,"2026-09-16 22:20:59",0.94165,3,rdcastroinvest
1459,16804713,Dzhemz,"2026-09-18 16:34:50",0.94165,5,dzhemz
1460,16904519,Shaun,"2026-09-18 14:05:11",0.94165,4,slmf1995
1461,16871250,liulian123,"2026-09-11 07:23:44",0.94165,2,liulian123
1462,16893683,"João Felipe Aguiar","2026-09-15 02:01:47",0.94165,1,joofelipeaguiar
1463,16810013,rainday,"2026-09-02 15:42:17",0.94164,1,leezhenhong10
1464,16889656,"Amir Braham","2026-09-14 07:08:40",0.94164,1,amirbrahamm
1465,16852684,"Pritesh Raj","2026-09-08 06:00:19",0.94164,1,priteshraj10
1466,16799759,hideaki_mizoue,"2026-09-01 06:53:36",0.94164,1,hideakimizoue
1467,16808343,"Ukasha Nadeem","2026-09-04 11:50:42",0.94164,9,ukashanadeem
1468,16893366,"saumin bhagatwala","2026-09-15 03:21:33",0.94164,2,sauminbhagatwala
1469,16800057,Sofia_Gilka,"2026-09-07 07:30:45",0.94164,3,sofiagilka
1470,16862342,"Yiğit Can","2026-09-09 20:16:36",0.94164,6,yiiitcan
1471,16916134,"Piyush kumar","2026-09-18 09:14:57",0.94164,4,piyush295
1472,16841935,ytani,"2026-09-06 11:58:00",0.94164,3,dreamvly
1473,16881225,"Sarthak Srivastava","2026-09-12 13:53:13",0.94164,2,codebugged
1474,16886781,"Omar Tarek Abdelkader Ahmed El Belbeisy","2026-09-14 12:31:18",0.94164,1,patmux
1475,16799363,"Jay Soni","2026-09-03 06:19:16",0.94164,3,jaysoni4
1476,16810711,codehendrix,"2026-09-18 19:03:27",0.94164,7,codehendrix
1477,16798617,"Anim Samuel K.","2026-09-03 03:42:35",0.94163,4,animsamuelk
1478,16878345,ineumi2_,"2026-09-18 07:35:03",0.94163,7,ineumi2
1479,16826542,mascham,"2026-09-04 10:20:57",0.94163,2,nchamid
1480,16862187,"Tejas Nisar","2026-09-10 18:54:28",0.94163,8,tejasnisar
1481,16799475,ZiYiMing,"2026-09-03 05:03:06",0.94163,3,ziyiming
1482,16895258,"Parv Goyal","2026-09-15 10:44:42",0.94163,6,parvgoyal215
1483,16840999,Emirhan,"2026-09-12 14:35:53",0.94163,1,xpylon
1484,16913764,sofiyamasl,"2026-09-17 10:01:01",0.94163,1,superduperspacezebra
1485,16913493,"vinicius souza quadros","2026-09-17 13:18:58",0.94163,9,viniciussouzaquadros
1486,16860385,fengduan555,"2026-09-10 14:28:07",0.94163,2,fengduan555
1487,16890014,"Raitul Hasan Priyo","2026-09-14 08:48:48",0.94163,3,raitulhasan
1488,16916069,­최성민,"2026-09-17 18:33:50",0.94163,7,blazeykits
1489,16848969,"Zoha Khawaja","2026-09-10 12:14:46",0.94163,3,zohakhawaja
1490,16838719,Residual,"2026-09-06 15:23:48",0.94163,5,debrupsarkar30111
1491,16818252,"Wondering Luffy","2026-09-03 11:38:59",0.94163,9,anhadmh
1492,16891505,renfei0202,"2026-09-18 14:34:03",0.94162,2,renfei0202
1493,16890600,"Viet Tran","2026-09-18 04:38:50",0.94162,1,viettran0110
1494,16899241,sseeiiggoo,"2026-09-18 17:57:03",0.94162,3,sseeiiggoo
1495,16848218,"Thiago L.","2026-09-18 17:13:32",0.94162,13,thaago
1496,16877327,simplepotato,"2026-09-11 21:32:36",0.94162,1,harshmaurya01
1497,16840271,"Pedro Rafael Sousa","2026-09-05 16:56:42",0.94162,2,pedrorafaelsousa
1498,16842041,SAURABH257,"2026-09-09 11:47:11",0.94161,4,saurabh257
1499,16806591,"Dear Shark","2026-09-02 04:55:23",0.94161,1,dearshark
1500,16912770,"BHORE YASHRAJ CHANDRAKANT","2026-09-17 08:01:05",0.94161,1,bhoreyash
1501,16880553,"Ryosuke Yoshikawa","2026-09-13 12:30:48",0.94161,3,ryosukeyoshikawa
1502,16859294,PuChang,"2026-09-09 09:28:11",0.94161,1,dennychang
1503,16818169,"Vinitha Raj","2026-09-06 11:43:39",0.94161,4,vinurajesh
1504,16809393,"Parastoo F","2026-09-18 18:49:13",0.94161,3,prfa9877
1505,16855830,"Samuel Patton","2026-09-09 23:23:30",0.94161,7,samuelpatton22
1506,16834874,lumarigoz,"2026-09-15 23:22:15",0.94161,7,lumarigoz
1507,16889701,"Rahul Balakrishnan Adhi","2026-09-15 15:38:50",0.94161,9,rahuladhi
1508,16907135,Str1k3rFl0,"2026-09-17 13:35:38",0.94160,1,str1k3rfl0
1509,16806946,"Srishti Gauraha","2026-09-03 04:50:19",0.94160,4,srishtigauraha
1510,16833035,"Abderraouf Saleh Kihel","2026-09-07 13:29:59",0.94160,5,abderraoufsalehkihel
1511,16822666,Om,"2026-09-16 11:43:53",0.94160,1,opmeenaji
1512,16850565,"Muna Mohamed Hassan","2026-09-10 19:33:24",0.94160,5,munamohamedhassan
1513,16820717,Dexter_ML,"2026-09-03 15:35:24",0.94160,2,dexterml
1514,16824996,"Aditya kumar Jha","2026-09-12 04:47:31",0.94160,2,adityakumarjha08
1515,16870465,"Kenan Zhang9","2026-09-11 03:02:05",0.94160,1,kenanzhang9
1516,16886962,"Abhinav Meshram","2026-09-14 06:31:55",0.94160,2,abhinavmeshram
1517,16857639,"Raja' Huwaydah Nassar","2026-09-09 05:34:35",0.94160,5,rajahuwaydahnassar
1518,16799638,"Chaitanya Jamble","2026-09-01 06:24:58",0.94160,4,chaitanyajamble
1519,16893920,"meng m","2026-09-18 01:27:44",0.94160,6,meng0011
1520,16861396,"Phoenix #2","2026-09-09 15:25:54",0.94159,1,seanht1
1521,16828047,"Pierpaolo Bellusci","2026-09-08 21:27:35",0.94159,1,pierpaolobellusci
1522,16905236,"Alfred Shingai","2026-09-16 17:36:00",0.94159,4,alfredshingai
1523,16804927,"Krishna Mohan","2026-09-01 18:32:39",0.94159,1,km2006
1524,16869107,fEULER30,"2026-09-11 02:03:05",0.94159,3,feuler30
1525,16819773,dongfangdaguo,"2026-09-04 14:37:43",0.94159,2,dongfangdaguo
1526,16914706,INF2_josallo4_anpego3,"2026-09-17 12:28:26",0.94159,1,josepsalvador
1527,16815208,"jason vetter","2026-09-05 04:39:45",0.94159,1,jasonvetter
1528,16851351,brunoarpa,"2026-09-09 16:23:38",0.94159,2,brunoarpa
1529,16799741,"Abhishek Mishra112","2026-09-03 13:10:53",0.94159,2,abhishekmishra112
1530,16799537,dig987,"2026-09-01 10:33:12",0.94159,1,digvijayahirrao
1531,16805764,"Ali Shahi","2026-09-18 02:35:47",0.94158,1,k1shahi
1532,16844666,"Tleukhanov Yeraly","2026-09-06 20:03:58",0.94158,1,tleukhanovyeraly
1533,16885579,bob112250,"2026-09-13 12:09:00",0.94158,2,bob112250
1534,16894561,"Rishaan Rathore","2026-09-15 11:03:22",0.94158,1,rishaanrathore
1535,16811217,"Maks Prinko","2026-09-03 15:49:51",0.94158,1,maksprinko
1536,16898496,"Harsh Gupta","2026-09-18 07:54:44",0.94158,5,harshgupta4444
1537,16841002,"Carlos Alves","2026-09-08 19:21:50",0.94158,1,carlosone
1538,16921710,Lupusin2,"2026-09-18 18:35:03",0.94158,1,lupusin2
1539,16858643,"Aarav Shanker","2026-09-09 08:32:30",0.94158,3,aaravshanker7
1540,16832722,"Danylo Kucherenko","2026-09-15 12:57:38",0.94158,10,danylo0501
1541,16857773,"Thousand Valley Field","2026-09-14 13:41:20",0.94158,11,hatakuncom
1542,16809611,"Mohammed arfan shafin","2026-09-15 17:30:26",0.94158,14,mohammedarfanshafin
1543,16843329,"Saksham Singh","2026-09-07 08:04:48",0.94158,8,sakshamsingh0806
1544,16876131,"Karl Kallavus","2026-09-18 12:56:16",0.94158,1,karlkallavus
1545,16802770,s22990038,"2026-09-13 12:47:44",0.94157,17,s22990038
1546,16807309,stpete_ishii,"2026-09-03 05:42:31",0.94157,7,stpeteishii
1547,16806154,"Arun Kumar Oraon","2026-09-02 04:52:12",0.94157,1,arunkumaroraon
1548,16839965,"Sairaj Adhav","2026-09-08 01:34:38",0.94157,5,sai10py
1549,16904062,"Vimal Sahani","2026-09-16 04:29:03",0.94157,2,nvimalcbn05
1550,16814770,ShivamSharma,"2026-09-05 02:57:02",0.94157,2,shivamsharma89989880
1551,16887316,"Luke Lifton","2026-09-13 23:10:38",0.94157,1,lukelifton
1552,16868051,"Jain Hemang","2026-09-11 19:01:12",0.94157,2,jainhemang
1553,16915125,chengyy03,"2026-09-17 14:00:38",0.94157,1,chengyy03
1554,16847250,KunyinSun01,"2026-09-07 11:33:53",0.94157,1,kunyinsun01
1555,16847425,"Team Slavia","2026-09-07 10:32:35",0.94157,1,"harshpatill08,jainmanthanarvind,kambleshravanganesh"
1556,16865303,qqq12332111,"2026-09-10 11:10:14",0.94157,1,qqq12332111
1557,16883330,"Murilo Prado","2026-09-13 00:51:07",0.94157,2,muriloprado
1558,16809235,"Factual Explorer","2026-09-04 14:11:38",0.94157,1,factualexplorer
1559,16811275,"Leonardo Melniski","2026-09-03 01:18:08",0.94157,1,leonardomelniski
1560,16809110,anonymous134275,"2026-09-03 09:25:13",0.94157,13,anonymous134275
1561,16830896,Prasanna,"2026-09-04 14:04:01",0.94157,2,prasanna25
1562,16894533,"Wincent Zhang","2026-09-15 08:35:12",0.94156,1,wincentzhang
1563,16855619,"Bhumika Goyal","2026-09-08 19:59:47",0.94156,1,bhumikag27
1564,16841417,SANTOS,"2026-09-05 23:11:51",0.94156,2,sandocorp23santos
1565,16809593,RudraSingh0001,"2026-09-17 03:55:42",0.94156,19,rudrasingh0001
1566,16841004,"Husain Bohra","2026-09-06 08:23:36",0.94156,1,husainbohra05
1567,16844434,"Ranga Sai Shreyas7","2026-09-08 16:11:34",0.94156,1,rangasaishreyas7
1568,16816738,Kapil,"2026-09-04 05:20:52",0.94156,10,kapil3
1569,16799082,江口ゼミ,"2026-09-03 02:00:53",0.94156,1,"boritannsenzinn,ublfublf"
1570,16876453,"Shaheer Alam","2026-09-11 16:55:26",0.94156,1,mshaheeralam
1571,16883655,"Trey Cobb","2026-09-13 01:01:02",0.94156,1,tcobb775
1572,16804938,Koostik126,"2026-09-01 20:50:55",0.94156,1,kostya138
1573,16853999,Srinija,"2026-09-17 16:47:48",0.94156,8,madisrinija
1574,16824571,"Will Smith","2026-09-07 23:28:01",0.94155,1,wcsmith26
1575,16921829,tanmi1573,"2026-09-18 17:09:19",0.94155,1,tanmi1573
1576,16841059,"Ярослав Третьяк","2026-09-06 20:28:42",0.94155,7,berch123
1577,16811627,traumt,"2026-09-03 01:39:24",0.94155,1,traumt
1578,16860611,znikola45,"2026-09-10 15:17:11",0.94155,1,zabicnikola45
1579,16871525,"Gautam kumar","2026-09-14 06:44:56",0.94155,3,gautamkumarpatel
1580,16915563,"Sandeep Kumar","2026-09-17 19:00:02",0.94155,1,sandeepkumar121995
1581,16825802,"geeta bamhane","2026-09-04 06:08:26",0.94155,1,geetabamhane
1582,16809681,"Tráng Phùng Văn","2026-09-03 17:16:21",0.94155,1,phungtrang
1583,16831212,Ben,"2026-09-06 04:47:35",0.94154,2,shadowjr
1584,16865438,"RAKSAKANTH J","2026-09-10 08:26:51",0.94154,3,raksakanthj
1585,16880037,"Habib Bashir Lawal","2026-09-12 10:36:09",0.94154,2,lbashirhabib
1586,16850067,"SHANMUKHA DATTA BODA","2026-09-11 12:21:18",0.94154,3,shanmukhadattaboda
1587,16870434,zchen,"2026-09-12 13:02:58",0.94154,2,zchen2357
1588,16810323,"Riya Raj","2026-09-04 12:12:13",0.94154,5,riyaraj9
1589,16862585,"Syed Faizaan Ahmad","2026-09-18 17:26:02",0.94153,3,syedfaizaanahmad
1590,16906869,"Qinhui Tian","2026-09-16 16:43:37",0.94153,1,qinhuitian
1591,16895035,"JIN ZHENRUI","2026-09-16 14:22:21",0.94153,1,jinzhenrui
1592,16909445,EasyM0ney,"2026-09-17 02:27:17",0.94153,1,easym0ney
1593,16861460,desptet,"2026-09-11 10:38:44",0.94153,1,desptet
1594,16922413,Gullal,"2026-09-18 21:19:34",0.94153,2,gullalchm
1595,16806526,"Prince Radadiya","2026-09-03 12:18:52",0.94153,5,princeradadia
1596,16863464,"Muhamad Alexander","2026-09-10 16:52:47",0.94153,3,herons202
1597,16911319,"Johnny Wilson Dougherty","2026-09-17 05:47:25",0.94153,1,johnnydougherty
1598,16857606,"Emmanuel King Chris","2026-09-09 23:49:24",0.94153,2,emmanuelkingchris
1599,16871764,"Guneeth K","2026-09-11 08:48:04",0.94153,1,guneethk
1600,16866332,Mantis,"2026-09-17 09:13:59",0.94153,2,orchidmantis
1601,16848674,imandysaurus,"2026-09-07 19:31:05",0.94153,2,imandysaurus
1602,16864928,"Abanoub Reda Shehad","2026-09-12 14:05:10",0.94153,2,abanoubredashehad
1603,16918725,SnskrtMali,"2026-09-18 07:27:52",0.94152,1,snskrtmali
1604,16876046,"Bensu Kocatepe","2026-09-11 16:59:28",0.94152,2,bensukocatepe
1605,16908737,VenturaRaee,"2026-09-16 21:50:37",0.94152,1,venturaraee
1606,16832122,sameer7888,"2026-09-08 04:02:22",0.94152,1,sameer7888
1607,16859239,"David SanRu","2026-09-18 10:14:11",0.94152,1,davidsanru
1608,16809599,"Yuvanshu Dadhich","2026-09-14 03:52:30",0.94152,2,yuvanshudadhich
1609,16897133,deepgopal,"2026-09-18 15:52:11",0.94152,2,deepgopal
1610,16807809,"Vlad Baranceanu","2026-09-02 08:32:49",0.94152,1,vladbaranceanu
1611,16884895,dawn0618,"2026-09-17 07:11:05",0.94152,1,dawn0618
1612,16896389,neetish_ss,"2026-09-15 11:34:58",0.94152,2,neetishss
1613,16823792,"Rohit Wayal","2026-09-10 23:44:19",0.94152,4,rohitwayal12
1614,16849647,korlakunta,"2026-09-08 17:52:01",0.94152,1,korlakunta
1615,16893730,"Zenun Chowdhury","2026-09-15 17:19:51",0.94152,1,zenunchowdhury
1616,16847681,"Ferhat Metin","2026-09-07 12:56:07",0.94152,3,ferhatmetin34
1617,16862365,"Hien Nguyen","2026-09-16 23:20:27",0.94151,1,nguyehi1
1618,16893763,"Gabriel Guzman","2026-09-15 02:09:53",0.94151,1,ggguzm
1619,16810718,"Akshita Sharda","2026-09-11 18:48:33",0.94151,1,akshitasharda01
1620,16906347,Kylianvn,"2026-09-16 14:10:14",0.94151,5,kylianvn
1621,16846070,"mino sussin","2026-09-09 15:23:56",0.94151,1,minosussin
1622,16832047,Egunuraka,"2026-09-07 05:01:04",0.94151,1,egunuraka
1623,16832052,Dhruv1029,"2026-09-04 18:14:58",0.94151,1,dhruv1029
1624,16856334,"Mariyyyaa ella","2026-09-08 21:44:33",0.94150,1,mariyyyaaella
1625,16806192,EmmaL09,"2026-09-03 00:54:57",0.94150,3,emmal09
1626,16826984,"Olivia Redd","2026-09-04 10:02:45",0.94150,1,oliviaredd
1627,16803280,"Pixel Pirates","2026-09-18 13:46:27",0.94150,17,"ayushkumawat108,kamalkata,piyush419"
1628,16897147,Mizumori59,"2026-09-18 12:48:05",0.94150,2,mizumori59
1629,16809908,"Praharsha Thapa","2026-09-17 13:25:09",0.94150,2,praharshathapa
1630,16829721,"Manushi Bombaywala","2026-09-04 11:34:41",0.94150,1,manushibombaywala
1631,16798564,"Ιωάννης Σταμελιάς","2026-09-03 13:47:24",0.94150,3,giannhsstamelias
1632,16799782,"Diogo R. Ferreira","2026-09-01 11:35:25",0.94150,4,diogoff
1633,16843583,"Davin LeClair","2026-09-14 16:55:10",0.94150,5,davinleclair
1634,16856983,kaypto,"2026-09-10 11:34:50",0.94150,2,kaypto
1635,16854461,TerenceLSH,"2026-09-18 14:19:25",0.94150,2,terencelsh
1636,16808747,"Александр Трифонов","2026-09-02 13:16:50",0.94150,1,cybrvibe
1637,16800048,okuub11,"2026-09-01 08:31:04",0.94150,1,okuub11
1638,16868278,"Avian Ross","2026-09-10 18:44:25",0.94150,2,avianross
1639,16811711,feng,"2026-09-11 13:55:50",0.94149,1,guofungwong
1640,16891697,houssemhashos,"2026-09-15 16:46:41",0.94149,1,houssemhashos
1641,16887412,aditya117b,"2026-09-13 18:04:34",0.94149,1,aditya117b
1642,16800003,Itpl16,"2026-09-01 15:44:15",0.94149,4,itpl16
1643,16802686,"Argus Kern","2026-09-01 12:10:54",0.94149,1,arguskern
1644,16844341,"William Chang","2026-09-06 18:02:10",0.94149,1,williamchangyl
1645,16892365,Kamogawa_Horumo,"2026-09-14 16:48:42",0.94149,1,xia464
1646,16855108,"Ahmed Hossam Elhawary","2026-09-11 06:16:28",0.94149,1,ahmedapolo
1647,16853247,WangDongwei15,"2026-09-10 08:14:55",0.94149,2,wangdongwei15
1648,16922131,"Madhu Siddharth","2026-09-18 19:08:18",0.94149,1,madhusiddharth
1649,16855094,"Anandhini ep","2026-09-10 13:59:24",0.94149,4,anandhiniep
1650,16806460,enenenhhh,"2026-09-09 04:07:29",0.94148,3,enenenhhh
1651,16843018,"Sieg Sola","2026-09-07 14:30:26",0.94148,4,siegsola
1652,16817337,"Dharmik patel Patel","2026-09-10 14:18:25",0.94148,6,dharmikpatelpatel
1653,16890126,XZXZZX,"2026-09-16 12:08:47",0.94148,7,xzxzzx
1654,16897049,"Sammy Anagavah","2026-09-15 15:53:40",0.94148,1,sammyanagavah
1655,16827498,zhangby5555,"2026-09-04 08:26:19",0.94148,1,zhangby5555
1656,16805629,"Bikhyat Adhikari","2026-09-02 02:24:47",0.94148,1,bikhyatadhikari
1657,16891679,"Chuah Jong Sik","2026-09-18 07:50:07",0.94148,4,cjosik
1658,16799015,kitayama,"2026-09-12 08:28:42",0.94147,5,kkityama
1659,16808527,"Vikas Rajpurohit","2026-09-10 13:22:13",0.94147,3,vikasrajpurohit
1660,16864874,"Arjjun s","2026-09-10 07:19:42",0.94147,1,arjjuns
1661,16848247,"Thanh Mân123","2026-09-08 09:22:20",0.94147,3,thanhmn123
1662,16802136,Manish,"2026-09-18 04:57:33",0.94147,9,manishpatil115
1663,16833121,Kagura_UT,"2026-09-18 13:51:17",0.94147,8,tatsuhikou
1664,16811820,"Diego Alonso Meza Delgado","2026-09-11 02:41:32",0.94147,5,diegoamd
1665,16841262,"Yahaya Kabir","2026-09-06 12:25:18",0.94147,1,yahayakabir02
1666,16849030,Ameyyy,"2026-09-07 20:03:01",0.94146,1,ameyvichave01
1667,16887692,pyroeg0_1dx,"2026-09-16 08:00:11",0.94146,4,phongabc
1668,16887633,"Jonibek Abdurahmonov","2026-09-14 19:03:09",0.94146,4,jonibekabdurahmonov
1669,16799274,"valentine mwai","2026-09-08 11:31:28",0.94146,3,valentinemwai
1670,16828419,"gui shan111","2026-09-04 09:35:06",0.94146,1,guishan111
1671,16883902,"ABDUL Rehman","2026-09-13 03:17:36",0.94146,1,datawithabxrehman
1672,16881851,nisarg107,"2026-09-16 06:21:59",0.94146,1,nisarg107
1673,16804064,PANDEY21,"2026-09-02 17:43:45",0.94146,1,vivek2113
1674,16858688,"Nguyễn Bình Phú","2026-09-09 09:05:26",0.94146,2,phunguyen15456
1675,16886215,mexjpn91,"2026-09-14 15:00:37",0.94146,2,mexjpn91
1676,16853298,Rafif,"2026-09-08 09:23:30",0.94146,1,muhammadrafifdanuja
1677,16799718,"Vishal Kishore","2026-09-02 13:36:45",0.94146,1,kishorevishal
1678,16904618,"Fahmi Alfayadh","2026-09-16 11:07:04",0.94146,2,fahmialfayadh
1679,16798953,Obzngs,"2026-09-14 05:46:01",0.94146,32,obzngs
1680,16838768,400297-จีระศักดิ์,"2026-09-05 10:37:18",0.94146,2,jeerasakananta
1681,16854937,Mordred,"2026-09-17 21:15:39",0.94146,2,mordred6
1682,16829671,Meri_Petrosyaaann,"2026-09-05 18:02:27",0.94145,6,meripetrosyaaann
1683,16799469,Lelouch,"2026-09-01 13:12:21",0.94145,1,aayushh13
1684,16852972,"Akihiro koga","2026-09-09 09:15:35",0.94145,8,akihirokoga
1685,16799889,Dhairyasheel05,"2026-09-13 12:59:56",0.94145,2,dhairyasheel05
1686,16913592,"Kaisei Kikuchi","2026-09-17 15:01:39",0.94145,1,kaiseikikuchi
1687,16879498,"Андрей Мехоношин","2026-09-12 08:21:11",0.94145,1,andrewamn
1688,16867554,lins6767,"2026-09-13 00:49:41",0.94145,2,lins6767
1689,16859229,"Evel Fu","2026-09-09 14:46:49",0.94144,1,evelfu
1690,16832027,ryuksm01,"2026-09-08 06:53:41",0.94144,7,shashwatamukherjee
1691,16814169,Raphdraft,"2026-09-03 09:21:11",0.94144,1,raphdraft
1692,16892614,"Pal Savani","2026-09-18 07:31:42",0.94144,1,palsavani
1693,16858788,"Khadka PARLEE","2026-09-09 13:38:09",0.94144,2,khadkaparlee
1694,16882312,"Ferchichi Wassim","2026-09-13 18:49:40",0.94144,4,ferchichiwassim
1695,16882524,"Sonal Welihinda","2026-09-13 04:55:03",0.94144,2,sonalwelihinda
1696,16894899,DauntingX,"2026-09-16 06:34:08",0.94144,1,dauntingx
1697,16870719,"Thanh Vũ","2026-09-11 06:54:35",0.94143,1,messithanh2k
1698,16829041,dhseries,"2026-09-18 03:03:06",0.94143,6,hoang001
1699,16809429,"samhith nadig","2026-09-03 10:46:51",0.94143,1,samhithnadig
1700,16894531,"zishan rayan","2026-09-15 07:09:45",0.94143,1,zishanrayan
1701,16831254,"João Felix","2026-09-14 15:56:17",0.94143,5,joaosilvafelix
1702,16803701,"Carolin DJ","2026-09-08 11:31:43",0.94143,1,carolindj
1703,16839058,রোদশী,"2026-09-05 08:56:25",0.94143,1,nuzhatbintenazim
1704,16844094,fragcoder,"2026-09-06 16:09:00",0.94143,1,fragcoder
1705,16858376,zhangglinhann,"2026-09-15 03:16:00",0.94143,1,zhangglinhann
1706,16848130,P76131042蔡炘晏,"2026-09-07 13:29:06",0.94143,1,p76131042
1707,16906686,GregH,"2026-09-18 19:45:08",0.94143,4,eosgreg
1708,16818230,"k sheep","2026-09-08 12:19:34",0.94143,1,tomokokyonen
1709,16839263,SHIFT_R,"2026-09-05 10:00:54",0.94143,1,ryoichiro
1710,16848320,shohtani,"2026-09-11 00:39:00",0.94143,3,shohtani
1711,16817901,"Praful Tiwari1","2026-09-06 09:40:47",0.94142,23,prafultiwari1
1712,16831046,"jukai zhu","2026-09-05 02:37:47",0.94142,1,jukaizhu
1713,16852982,"Aditya Sasidhar","2026-09-08 12:41:54",0.94142,2,tadityasasidhar
1714,16818644,"Felix Berget","2026-09-15 08:41:57",0.94142,21,jovialkar
1715,16805343,"Andre Endress","2026-09-06 19:49:54",0.94142,3,andreendress
1716,16804526,"SAMPAT PRAJAPAT","2026-09-03 12:33:32",0.94142,2,sampatprajapat
1717,16811442,"Estevao Smith","2026-09-03 00:51:35",0.94142,1,estevaosmith
1718,16885370,LargeLiang,"2026-09-13 09:06:53",0.94141,1,largeliang
1719,16885564,"Zhilei Qiu","2026-09-13 09:09:29",0.94141,1,amatlas
1720,16872137,"Riad Hossain","2026-09-11 11:14:46",0.94141,2,riadhhossain
1721,16805930,"Duyen Nguyen","2026-09-02 01:47:33",0.94141,1,catherine246
1722,16849241,"Matias Loukojärvi","2026-09-07 19:26:05",0.94141,1,matiasloukojrvi
1723,16917515,LyraWang0506,"2026-09-18 01:38:00",0.94141,2,lyrawang0506
1724,16831836,"Ayşe Yaşar","2026-09-04 20:21:16",0.94141,3,ayeyaar
1725,16815045,_AshwinMahawar_,"2026-09-03 11:01:10",0.94141,1,ashwinmahawar
1726,16822467,IDK_409,"2026-09-03 16:47:46",0.94141,1,idk409
1727,16802526,"Mala Yadav","2026-09-04 03:35:55",0.94141,3,mail2malayadav
1728,16799442,"Raghav Sharma 2002","2026-09-02 09:42:00",0.94140,1,raghavsharma2002
1729,16844489,"Rohit Gupta","2026-09-06 18:02:45",0.94140,1,rohitgupta1027
1730,16889919,"Jiraphat Kaewdee","2026-09-14 07:01:50",0.94140,1,jiraphatkaewdee
1731,16876681,Kiriesh,"2026-09-11 21:56:43",0.94140,1,kiriesh
1732,16804884,"Robby Internet","2026-09-01 18:09:21",0.94140,2,robbyinternet1
1733,16899324,vxtsbsn,"2026-09-16 00:55:13",0.94140,1,vxtsbsn
1734,16878614,"Aidan Ridderhof","2026-09-13 03:43:59",0.94140,1,aidanridderhof
1735,16835567,"Chani Leon","2026-09-06 03:00:06",0.94140,4,leonchani
1736,16855269,"Mohitraj Rathor","2026-09-10 08:22:42",0.94140,4,mohitrajrathor
1737,16807887,wcsarita,"2026-09-07 04:24:05",0.94140,2,wcsarita
1738,16799745,"Kübra Arığ","2026-09-02 07:19:44",0.94140,4,kbraar
1739,16810012,"Aryan Gupta","2026-09-12 09:53:24",0.94139,4,abacilla
1740,16854533,"Gnach Deraj","2026-09-10 05:10:11",0.94139,1,gnachderaj
1741,16798754,Matts6591,"2026-09-15 15:07:23",0.94139,4,mathwithmatt
1742,16813111,Annekyl,"2026-09-03 05:38:08",0.94139,3,annekyl
1743,16811006,yuuu-okazaki,"2026-09-02 21:15:18",0.94139,1,yuuuokazaki
1744,16823045,"Akanksha Sahai","2026-09-03 22:31:35",0.94139,2,akgoesplaces
1745,16811029,tquinn6,"2026-09-14 15:24:02",0.94139,4,tquinn6
1746,16806097,"Krishna Anandan Ganesan","2026-09-02 02:58:56",0.94138,2,vulcanpint
1747,16844432,"Utkarsh Singh","2026-09-11 03:54:11",0.94138,1,utkarshx27
1748,16801812,"Jonathan Gusching","2026-09-01 12:57:24",0.94138,6,jonathangusching
1749,16809591,"Saurab Godse","2026-09-07 10:56:47",0.94138,2,godsesaurab
1750,16819730,"Robo Maven","2026-09-03 14:28:44",0.94138,1,robomaven
1751,16889157,"Đỗ Quang Phong","2026-09-15 14:45:11",0.94138,8,wangpo06
1752,16826579,xuanxuan496,"2026-09-05 13:34:09",0.94138,1,xuanxuan496
1753,16916891,"Divyansh Bagla","2026-09-17 22:07:41",0.94138,10,divyanshbagla
1754,16839583,"Jordan Mukaddam","2026-09-05 12:10:09",0.94137,1,jordanmukaddam
1755,16803617,VGekko,"2026-09-01 16:43:40",0.94137,1,vgekko
1756,16814721,"Kartik Sharma","2026-09-10 20:05:03",0.94137,3,kartiksharma4656
1757,16823857,"Sabit Al Juma","2026-09-08 00:04:52",0.94137,2,sabitaljuma
1758,16877502,vanokaggler,"2026-09-15 20:04:17",0.94137,3,vanokaggler
1759,16798774,"Chih-Neng Tung","2026-09-07 06:59:25",0.94137,6,chihnengtung
1760,16866274,"Manisha Gupta","2026-09-10 13:55:08",0.94137,3,manishagupta123
1761,16828688,"All over the golf","2026-09-04 12:04:20",0.94136,7,alloverthegolf
1762,16827487,JKTAN827,"2026-09-09 11:02:52",0.94136,6,jktan827
1763,16840039,karthickraja,"2026-09-05 17:42:39",0.94136,3,karthickrajas
1764,16799222,izumi600,"2026-09-01 09:09:00",0.94136,4,izumi600
1765,16840226,"Suyog Bewle","2026-09-05 19:43:35",0.94136,1,suyogbewle
1766,16862245,"Sohith Patha","2026-09-09 20:18:05",0.94136,1,sohithpatha
1767,16805897,kunal_singh,"2026-09-10 13:27:39",0.94135,2,kunalsingh100
1768,16800049,"Hoshi Hinata","2026-09-01 09:18:44",0.94135,1,hoshihinata
1769,16807588,"Batuhan Sülün","2026-09-07 13:01:54",0.94135,4,batuhansln
1770,16912591,"Vishwam Patel","2026-09-18 03:03:07",0.94135,9,vishwamp
1771,16822411,"half sugerrr","2026-09-17 12:58:30",0.94135,11,halfsugerrr
1772,16810673,"BT boilerplate","2026-09-02 20:29:31",0.94135,1,btboilerplate
1773,16882999,"Sofia Naushad","2026-09-13 19:33:44",0.94135,3,sofianaushad
1774,16803104,"Muhammad Robith","2026-09-12 14:06:35",0.94134,8,muhammadrobith
1775,16855223,datafluxlab,"2026-09-13 20:13:12",0.94134,6,datafluxlab
1776,16881802,"Byron Leukemans","2026-09-12 16:12:15",0.94134,2,byronleukemans
1777,16838405,"Goutam sharma","2026-09-09 17:26:00",0.94134,1,goutamsharma12
1778,16854910,baro_nht,"2026-09-08 16:51:54",0.94134,3,baronht
1779,16802288,a3amaT02,"2026-09-18 21:19:46",0.94134,22,a3amat02
1780,16802355,"Felicity Onwano","2026-09-16 12:32:51",0.94134,1,felicityonwano
1781,16893232,ElectroMind,"2026-09-14 23:54:09",0.94134,3,"ayashalmoliky,benalsanaani,mohammed77880"
1782,16806164,SaipraneethReddyOne,"2026-09-02 02:51:54",0.94133,1,saipraneethreddyone
1783,16875482,PSRlegend7,"2026-09-11 20:44:32",0.94133,2,psrlegend7
1784,16816958,"Zobayer Abdullah","2026-09-13 09:10:54",0.94133,5,zobayerabdullah
1785,16865274,sileighty,"2026-09-15 07:15:03",0.94133,1,sileighty
1786,16919290,"ILHAM TESA ","2026-09-18 09:43:05",0.94133,1,"ilhamtesa,ndz55zdn,rifafairuz"
1787,16835635,messibeatgravity,"2026-09-05 03:43:41",0.94133,1,messibeatgravity
1788,16915887,"Steve T","2026-09-17 16:03:47",0.94133,2,jamesfitxroi
1789,16814657,"Akash Prajapati 01","2026-09-11 16:42:51",0.94133,7,akashprajapati01
1790,16866083,"Shravani Bavkar","2026-09-10 12:01:35",0.94132,2,shravbavkar1705
1791,16853573,CNPolaris521,"2026-09-08 08:49:43",0.94132,2,cnpolaris521
1792,16853489,JIAWEILI0001,"2026-09-10 05:04:07",0.94132,30,jiaweili0001
1793,16856824,Taha,"2026-09-16 09:17:15",0.94132,27,tahaaf
1794,16844988,"Branko Adziev","2026-09-06 21:56:06",0.94132,2,brankoadziev
1795,16896971,"Bhavesh Kumar","2026-09-18 05:13:13",0.94132,1,bhaveshyadav111
1796,16842209,Soham_Deshpande,"2026-09-11 04:55:55",0.94132,4,sohamdeshpande11
1797,16798783,Hkawanishi,"2026-09-18 18:51:37",0.94132,2,hkawanishi
1798,16847005,"Andreas Granhøy-Lieng","2026-09-07 08:38:11",0.94131,1,andreasgranhylieng
1799,16920112,"Ghaith Sayari","2026-09-18 11:45:39",0.94131,2,ghaithsayari
1800,16898023,"Sagar Agrawal","2026-09-16 09:41:09",0.94131,7,sagawal123
1801,16801836,DevashishSoni123,"2026-09-01 18:47:48",0.94131,1,devashishsoni123
1802,16807196,i-za-world,"2026-09-10 01:28:49",0.94131,3,kizawa
1803,16824070,"Kimberly Sultan","2026-09-08 00:30:09",0.94130,2,ksultan
1804,16879055,"Prashanta Das","2026-09-14 08:49:01",0.94130,4,prashantadas27
1805,16860647,Ievasss,"2026-09-09 13:52:39",0.94130,4,ievasss
1806,16905192,Gary,"2026-09-17 05:37:12",0.94130,1,garywangchenyue
1807,16865553,Severanceee,"2026-09-10 09:27:07",0.94130,1,severanceeeq
1808,16807955,acw511,"2026-09-02 08:34:11",0.94130,2,acw511
1809,16843778,"riko okada","2026-09-06 13:42:59",0.94129,1,leehu2837
1810,16823975,GN,"2026-09-05 18:02:26",0.94129,2,gns100
1811,16799430,"Zanan Pech","2026-09-02 17:37:42",0.94129,2,zananpech
1812,16852647,"Syed Abue Tayeb Al-Zeyed","2026-09-08 05:39:04",0.94128,2,syedabuetayebalzeyed
1813,16915494,"Cornelius Kristianto","2026-09-18 06:26:00",0.94128,1,corneliuskristianto
1814,16910921,Artyom,"2026-09-17 09:29:17",0.94128,3,ffggje
1815,16802071,Karan,"2026-09-05 17:07:11",0.94128,5,karan9351
1816,16822559,"Muntasir Mamun396","2026-09-04 14:54:19",0.94128,2,muntasirmamun396
1817,16889213,"Struggler Omi","2026-09-14 08:15:30",0.94128,2,omkar98
1818,16866066,"joshi malav","2026-09-10 11:05:37",0.94128,2,joshimalav
1819,16859319,jesusvivo,"2026-09-13 10:53:12",0.94128,1,jesusvivo
1820,16832701,"Aikantic Maitra","2026-09-05 16:04:53",0.94127,3,aikanticmaitra
1821,16840350,"Mikołaj Dybizbański","2026-09-08 12:33:12",0.94127,1,mikoajdybizbaski
1822,16868033,"Vivek Teja","2026-09-14 20:37:06",0.94127,4,vivektejaraju
1823,16888375,PhalacrocoraxCarbo,"2026-09-15 00:54:27",0.94127,6,phalacrocoraxcarbo
1824,16865297,hcbyun0408,"2026-09-12 00:04:56",0.94127,2,hcbyun0408
1825,16885843,"chutian Chen","2026-09-13 12:40:55",0.94127,2,chutianchen123
1826,16921073,"Smati Anis","2026-09-18 16:40:54",0.94126,5,smatianis
1827,16806818,"Nidhi Tiwari","2026-09-03 04:00:39",0.94126,1,nidhitiwari4
1828,16826564,Karrenay,"2026-09-06 02:49:13",0.94126,2,karrenay
1829,16849958,LicheA13,"2026-09-10 06:05:01",0.94125,2,lichea13
1830,16862372,"Gigin George Mathew","2026-09-09 18:22:38",0.94125,2,gigingeorgemathew
1831,16858774,"Muhammad Zalan","2026-09-13 06:32:00",0.94125,1,mohammadzalan1
1832,16855421,"REVANTH CHOWDARY AREKATLA","2026-09-09 17:07:24",0.94125,2,revanth3897
1833,16890501,Raja051105,"2026-09-18 17:28:29",0.94125,7,raja051105
1834,16807250,"Arin Avanoosyan","2026-09-02 21:51:46",0.94125,2,arinavanoosyan
1835,16918389,"Harrison Law","2026-09-18 09:44:48",0.94124,3,harrisonlaw
1836,16806403,"Subhobrata Dey","2026-09-04 10:35:13",0.94124,3,sbcd90
1837,16910709,Athreya2007,"2026-09-17 07:31:26",0.94124,5,athreya2007
1838,16842401,Nidhal,"2026-09-06 12:26:29",0.94123,3,znidhal
1839,16884710,"Dipali maurya","2026-09-17 13:15:04",0.94123,1,dipalimaurya565
1840,16904932,"Huang Shih Lun","2026-09-16 08:00:38",0.94123,3,scu05170230
1841,16895095,Fede977,"2026-09-15 12:34:11",0.94122,1,fede977
1842,16852836,"Shrutika Bhiungade","2026-09-17 18:51:26",0.94122,4,shrutikabhiungade
1843,16884423,ravina,"2026-09-14 05:46:26",0.94122,12,piratesofmonotony
1844,16799500,"Muhammad Awais Tariq","2026-09-06 02:33:36",0.94122,2,muhammadawaistariq87
1845,16801470,"Rohan Dsouza","2026-09-01 09:24:01",0.94122,1,rohandsouza003
1846,16854418,"Trọng Lê","2026-09-08 18:35:20",0.94122,2,fuchonghihihi
1847,16803904,"NAGIREDY SURYA","2026-09-03 15:24:29",0.94122,5,nagiredysurya
1848,16878522,twofacedfour,"2026-09-13 17:29:46",0.94121,3,twofacedfour
1849,16799135,"Aqib Raza","2026-09-01 04:02:20",0.94121,1,aqibrazadev
1850,16855616,Eagle888,"2026-09-08 18:04:22",0.94121,3,eagle888
1851,16846637,"Saad M Khan","2026-09-08 14:04:22",0.94121,1,saadkhanxdcatalyst
1852,16809386,"Shobhit kumar","2026-09-03 08:23:06",0.94121,1,shobhitkumar29
1853,16844030,rodea0952,"2026-09-10 14:41:24",0.94120,2,ryutohosokawa
1854,16893236,"احمد احمد","2026-09-14 22:52:50",0.94120,4,pic66474
1855,16842405,"Arnav Shendurnikar","2026-09-09 05:55:58",0.94120,6,arnavshendurnikar
1856,16866216,k240042Manahil,"2026-09-10 11:27:55",0.94120,1,k240042manahil
1857,16888726,"Ankit Kumar","2026-09-14 06:12:09",0.94119,1,e404ankitfound
1858,16823765,"Arda Baran Baytar","2026-09-04 02:32:04",0.94119,1,ardabaranbaytar
1859,16839214,field996,"2026-09-06 01:36:13",0.94118,1,field996
1860,16888820,"Kirill Gubkin","2026-09-14 04:33:21",0.94118,1,kirillgubkin
1861,16822737,"Shaurya Handu","2026-09-03 18:26:58",0.94117,2,shauryahandu
1862,16856820,"Kolybalova Anastasia ","2026-09-09 18:38:48",0.94117,7,kolybalovaanastasia
1863,16894470,mynameisrafay,"2026-09-18 04:59:45",0.94116,21,mynameisrafay
1864,16810086,"Akash Babu","2026-09-10 20:57:53",0.94115,2,akashbabu17
1865,16803861,jakeyjokey,"2026-09-01 17:33:47",0.94115,4,jakeyjokey
1866,16890960,aonama,"2026-09-15 15:34:17",0.94115,1,aonama
1867,16864551,jonattanrv,"2026-09-10 06:06:53",0.94115,3,jonattanrv
1868,16868880,"Denis Zhuk","2026-09-11 08:25:41",0.94115,1,dead4an
1869,16843285,yamauchi,"2026-09-08 06:35:51",0.94115,4,yamauch1
1870,16907118,TPranavl231269,"2026-09-16 17:15:20",0.94114,1,tpranavl231269
1871,16905707,"Harshavardhan Srinivas Pentakota","2026-09-16 11:33:24",0.94114,1,coldice0
1872,16798912,"Elnur Bairamov","2026-09-10 02:34:03",0.94114,5,elnurbairamov
1873,16805389,"Emir Delipınar","2026-09-01 20:55:22",0.94114,3,emirdelipnar
1874,16846395,"Davit Khantadze","2026-09-11 13:42:39",0.94114,11,davitkhantadze
1875,16892647,"Nat Merz","2026-09-17 09:57:36",0.94113,2,beisha23
1876,16822564,"Linus Henneberger","2026-09-13 12:26:26",0.94113,12,linushenneberger
1877,16889348,"Praneel Chetty","2026-09-16 08:21:43",0.94113,5,praneelchetty
1878,16868039,"Lev Beloussov","2026-09-11 20:18:40",0.94113,5,lev1106
1879,16846909,qqq123321,"2026-09-07 08:26:10",0.94113,1,qqq123321
1880,16802702,"Lis Hdez","2026-09-03 14:27:09",0.94113,3,lishdez
1881,16805576,Orochimaru,"2026-09-18 22:07:34",0.94113,6,ishan8061
1882,16799355,"Mr Robot","2026-09-01 06:16:42",0.94110,3,hngnguynnn
1883,16844637,Azzam,"2026-09-06 19:23:22",0.94110,1,iltizamhasann
1884,16839806,"Довыдовский Назар","2026-09-05 18:20:56",0.94110,1,nazzzrr
1885,16897422,Nao,"2026-09-17 14:54:05",0.94109,2,noelnyx
1886,16817868,TAB0905,"2026-09-18 15:19:32",0.94109,4,tab0905
1887,16881055,Kentsik,"2026-09-12 12:30:30",0.94109,1,kentsik
1888,16891446,Actuallyhrishi,"2026-09-15 13:48:51",0.94109,2,actuallyhrishi
1889,16843716,DeepMind,"2026-09-12 08:33:11",0.94108,8,deepthink123
1890,16876744,"Angella Semu","2026-09-11 22:31:29",0.94108,1,angellasemu
1891,16810459,"Hoso Badalyan","2026-09-02 18:35:49",0.94108,2,hosobadalyan
1892,16805233,"Ryan Dave Fernandes","2026-09-06 08:23:47",0.94107,5,ryandavefernandes
1893,16894893,roa0605,"2026-09-15 08:42:18",0.94107,1,roa0605
1894,16810461,"Bekama Regasa Negewo","2026-09-03 06:20:41",0.94107,1,bekamaregasanegewo
1895,16799142,mcotton,"2026-09-08 21:16:09",0.94107,1,mcotton
1896,16908690,"özgür can doğan","2026-09-16 21:29:11",0.94106,1,zgrcandoan
1897,16823384,Vanshika0902,"2026-09-16 04:11:51",0.94106,10,vanshika0902
1898,16889915,"Anunake Yaipongsakorn","2026-09-14 07:13:53",0.94106,2,anunakeyaipongsakorn
1899,16845270,"Kacper Lipiec","2026-09-07 08:09:20",0.94106,1,kacperlipiec
1900,16839273,"Junya _318","2026-09-09 14:32:49",0.94105,2,junya318
1901,16808632,"Emmanuel Felix","2026-09-02 14:39:40",0.94105,1,manuelfelix
1902,16838573,"huanxian chen","2026-09-10 07:50:31",0.94105,2,huanxiachen
1903,16852940,bmax16634,"2026-09-11 18:42:47",0.94105,2,bmax16634
1904,16807701,Rishabh979,"2026-09-17 18:19:41",0.94105,1,rishabh979
1905,16867511,"[Mali12]Aboubacar Diarra","2026-09-10 15:40:24",0.94105,1,aboubacardiarra1810
1906,16832100,Stormy.kaggle,"2026-09-04 19:08:15",0.94105,2,stormykaggle
1907,16893034,600944_ธนวัฒน์,"2026-09-15 11:32:14",0.94104,2,tanawatrun
1908,16897011,"Shivansh Mehrotra","2026-09-17 12:18:47",0.94104,1,shivanshmehrotra23
1909,16864916,THARUNC,"2026-09-10 06:20:59",0.94104,1,tharunc2006
1910,16821028,kapilsingh09,"2026-09-15 13:05:18",0.94104,3,kapilsingh99893
1911,16846170,Sentinels,"2026-09-07 06:40:58",0.94104,1,vaishnavik1409
1912,16848414,"Yossef Elshamy","2026-09-08 04:49:51",0.94103,3,yossefelshamy
1913,16897238,AskaMitakaska,"2026-09-15 18:17:09",0.94103,1,askamitakaska
1914,16803869,"Kevin Villeda De Leon","2026-09-01 17:50:31",0.94102,4,kevinvilledadeleon
1915,16823984,"Ibhi Yassine","2026-09-14 11:43:39",0.94102,5,ibhiyassine
1916,16882875,BLANDCorporatio,"2026-09-12 23:29:24",0.94102,3,blandcorporatio
1917,16895816,Akrome,"2026-09-17 12:36:17",0.94102,11,akrome
1918,16859703,"Giorgos Lymperis","2026-09-13 22:47:46",0.94102,1,giorgoslyberis
1919,16855296,"Akash Kailas Nagdive","2026-09-10 05:44:27",0.94101,1,akashkailasnagdive
1920,16806304,ayaka.ohnishi,"2026-09-18 03:09:51",0.94101,2,ayakaohnishi
1921,16886106,porzlck,"2026-09-14 09:55:34",0.94101,1,orzlck
1922,16799847,有浦大貴,"2026-09-07 04:54:25",0.94101,8,taikiariura
1923,16823320,"Orlando Virginio Penha Junior","2026-09-04 17:30:20",0.94100,1,orlandovpjunior96
1924,16905875,"NYIRIHIRWE Olivier","2026-09-16 12:06:16",0.94100,2,nyirihirweolivier
1925,16840476,Qingge96,"2026-09-05 16:39:49",0.94100,1,qingge96
1926,16833306,"JC Alicaway","2026-09-17 23:26:13",0.94100,1,jcalicaway
1927,16802689,"Andrey K.","2026-09-01 16:49:02",0.94100,3,heelhook
1928,16914578,Selfie123,"2026-09-17 14:13:20",0.94100,1,selfie123
1929,16803239,"Mohammed Nafay Ali","2026-09-03 04:12:04",0.94100,2,mohammednafayali
1930,16810465,DavitPoghosyan2007,"2026-09-04 16:42:52",0.94100,2,davitpoghosyan2007
1931,16826596,陈思危大王,"2026-09-04 07:33:32",0.94099,1,csw2023302141216
1932,16885584,Dushmilan,"2026-09-13 11:13:54",0.94099,1,dushmilan
1933,16857845,"Himanshu Dhiman","2026-09-09 04:04:09",0.94099,1,hmnshudhmn24
1934,16916537,"Hüseyin Karaduman","2026-09-18 12:32:01",0.94099,3,hsynkrdmn
1935,16866812,"Rishi Jha","2026-09-10 14:28:40",0.94098,1,rishijha0910
1936,16806021,"Yung Kam Lun","2026-09-02 05:49:58",0.94097,1,yungkamlun
1937,16808968,"Aditya Kamtikar","2026-09-02 13:55:41",0.94097,2,adityakamtikar
1938,16805610,"Marie Victoire IPOUK","2026-09-15 01:03:30",0.94097,3,marydata
1939,16922040,sdfdfgh,"2026-09-18 18:51:19",0.94096,3,torshkadasdas
1940,16889789,"Sachin Yadav #2","2026-09-14 11:59:19",0.94096,1,sachinyadav2967
1941,16823692,"Théo Giovedi","2026-09-09 15:22:14",0.94096,1,gioveditheo
1942,16866832,"MohammadEsmaeil Nikbakhsh","2026-09-11 19:39:12",0.94095,1,ms20237
1943,16805711,shinchisaito,"2026-09-02 01:01:03",0.94095,1,shinchisaito
1944,16799075,"Monique Senjaya","2026-09-01 09:56:42",0.94094,2,moniquesenjaya
1945,16799358,"Faria Shahid","2026-09-08 06:21:46",0.94093,4,fariashahid
1946,16886663,"surya prakash Nayak2","2026-09-14 05:22:25",0.94093,3,suryaprakashnayak2
1947,16885857,Y1Jun0000,"2026-09-15 01:45:02",0.94093,2,y1jun0000
1948,16879449,Devarsh203shah,"2026-09-15 09:45:47",0.94092,4,devarsh203shah
1949,16829765,"George Othon","2026-09-06 01:26:16",0.94092,12,georgeothon
1950,16806684,"Akmal Azzam o'g'li","2026-09-18 11:56:19",0.94091,8,akmalmir
1951,16887798,Wade2615,"2026-09-14 03:04:28",0.94091,1,wade2615
1952,16805166,"Masoom Singh","2026-09-18 18:08:30",0.94091,2,masoomsingh0112
1953,16893088,"حمود الجرمي","2026-09-15 22:40:44",0.94091,7,hmwdaljrmy3
1954,16854511,"Renan Braga","2026-09-14 17:13:16",0.94091,2,renanbragac
1955,16826172,"PoseidonYash ","2026-09-12 23:35:57",0.94090,10,poseidonyash
1956,16909911,"Rahul Kumar Singh","2026-09-17 09:27:04",0.94090,2,singha07
1957,16881492,"Niccolò Dell'Agnello","2026-09-12 16:34:06",0.94090,2,niccoldellagnello
1958,16805461,OTA_1,"2026-09-11 15:26:00",0.94090,5,"creativesxtra,dolajyd,johnjojewale"
1959,16823209,Lynatine,"2026-09-18 10:02:40",0.94090,3,lynatine
1960,16802685,"Luca Lullo","2026-09-09 18:02:51",0.94090,5,lucalullo
1961,16887321,Lonnie,"2026-09-14 00:43:26",0.94089,2,lonnieqin
1962,16881796,"Humayra Afia","2026-09-12 15:54:29",0.94089,1,humayraafia
1963,16823491,Dana,"2026-09-03 21:10:38",0.94089,1,de3xie
1964,16803809,ElenaSuperWoman,"2026-09-01 16:28:28",0.94089,1,elenasuperwoman
1965,16906403,mawsohn,"2026-09-16 14:39:56",0.94088,4,mawsohn
1966,16807388,"Minh Đăng Lê","2026-09-03 03:19:06",0.94087,1,minhngle
1967,16916860,Aribaa.s,"2026-09-17 20:53:40",0.94087,1,aribaas
1968,16848389,Eric,"2026-09-07 18:09:54",0.94087,3,hamstard
1969,16840457,都甲健翔,"2026-09-08 10:25:35",0.94087,2,kento628
1970,16831932,Kelimm,"2026-09-11 18:38:16",0.94087,1,kelimm
1971,16897339,"osama ebaid","2026-09-18 21:04:56",0.94087,4,osamaebaid
1972,16885206,MiddleSon,"2026-09-18 12:36:58",0.94087,11,middleson
1973,16802354,"Alikhan Gavrilov","2026-09-03 11:59:43",0.94086,2,alikhangavrilov
1974,16798805,"Jim Gruman","2026-09-18 10:22:27",0.94085,19,jimgruman
1975,16819882,eisu_kgl,"2026-09-12 14:41:47",0.94085,4,eisu34
1976,16800841,OmeiOgami,"2026-09-01 11:14:29",0.94085,3,omeiogami
1977,16830905,Xhxxcc,"2026-09-08 08:54:15",0.94084,2,xhxxcc
1978,16805239,"Kamil Nazarli","2026-09-15 12:05:05",0.94084,11,kamil9999
1979,16810130,Sivu_Nzimeni,"2026-09-18 06:54:49",0.94084,35,sivunzimeni
1980,16859184,"CHEN Qiyue","2026-09-09 09:46:27",0.94084,1,hmtychen
1981,16845957,"Zaine Ancheta","2026-09-07 16:26:52",0.94082,1,zaine2k
1982,16867812,"Priya yadav","2026-09-10 18:13:33",0.94082,1,impriya12
1983,16878057,"Kayrahan sarnıç","2026-09-17 22:14:44",0.94082,2,kayrahansarn
1984,16805088,"Ankita Gupta","2026-09-14 18:05:58",0.94082,1,ankitaguptaindia
1985,16871374,"Steven Zhu","2026-09-11 08:20:18",0.94082,4,stevenzzhu
1986,16858596,"Christian Kent Bayani","2026-09-16 22:30:47",0.94082,1,kent0170
1987,16860240,"Tanuj Saxena","2026-09-09 12:34:22",0.94082,3,tanujsaxena
1988,16805529,"Brisa Marina","2026-09-07 00:39:53",0.94081,2,brisamarina
1989,16881089,"craig sid","2026-09-13 10:27:08",0.94081,3,craigsid
1990,16858056,"Karolos Liveris","2026-09-09 05:54:39",0.94080,1,karolosliveris
1991,16802086,Prakash,"2026-09-10 16:43:16",0.94080,12,mlkash
1992,16880367,jaswanthkrishna04,"2026-09-17 11:32:37",0.94079,1,"bhuvanesh55,jaswanthkrishna04"
1993,16845650,zzzzzql,"2026-09-16 02:38:51",0.94079,5,zzzzzql
1994,16818228,abdulkader1,"2026-09-16 08:59:06",0.94077,2,abdulkader1
1995,16897205,im425090,"2026-09-16 23:03:12",0.94077,1,im425090
1996,16832051,"Ray Smith","2026-09-15 17:41:37",0.94076,5,rsmith851
1997,16828370,"Antonio Paul","2026-09-04 17:05:32",0.94074,1,antoniopaul
1998,16845070,Saif_Ashraf,"2026-09-10 08:38:18",0.94073,6,saifashraf232
1999,16808614,imjamj01,"2026-09-16 22:02:00",0.94073,18,takemayuj01
2000,16842741,"Ilya Den","2026-09-13 20:49:09",0.94073,5,ilyaden
2001,16886237,Ayush4728,"2026-09-13 19:31:55",0.94072,1,ayush4728
2002,16864942,"Dhruv Chakraborty","2026-09-10 10:23:26",0.94072,1,dhruv07321
2003,16822983,"Jobin thavu varghese","2026-09-11 07:49:39",0.94072,1,jobinv12
2004,16877664,fursbi,"2026-09-12 19:08:39",0.94071,6,fursbi
2005,16843900,"Dharin Dave","2026-09-09 17:49:08",0.94071,2,"dharindave120703,prathmeshkolekar"
2006,16872131,yalmawka,"2026-09-14 18:39:41",0.94070,2,yalmawka
2007,16876317,AsrielA,"2026-09-16 23:26:18",0.94070,1,asriela
2008,16805031,"arend jansen","2026-09-06 19:07:39",0.94070,1,arendjansen
2009,16843326,"Chirel Chi","2026-09-07 14:32:01",0.94070,1,chirelchi
2010,16849461,"Israa Saede","2026-09-12 13:39:02",0.94069,1,esraaalsaeede
2011,16798919,"Gopi Krishnan R","2026-09-01 16:55:00",0.94068,1,gopikrishnan2005
2012,16814301,"Nilesh Singh","2026-09-04 07:14:22",0.94067,1,nileshsingh09
2013,16820202,"Daniel Legorreta","2026-09-17 16:58:02",0.94066,1,legorreta
2014,16861035,"Gauri Maruti Katkar","2026-09-09 14:22:28",0.94065,1,gaurikatkar
2015,16912904,Onigiri,"2026-09-17 14:51:40",0.94064,1,yasuhiroichida
2016,16907842,"Shahid Hussain","2026-09-16 22:31:49",0.94064,1,shah1dhussain
2017,16885747,Nimabcd,"2026-09-16 10:15:49",0.94063,1,nimabcd
2018,16805227,"Lucius Neo","2026-09-04 16:54:23",0.94062,1,lucius000
2019,16916945,Knixee,"2026-09-18 17:44:33",0.94061,2,knixee
2020,16809424,"Doodle Peach","2026-09-03 14:25:58",0.94060,1,doodlepeach
2021,16799219,Samekto,"2026-09-01 03:57:47",0.94060,2,samekto
2022,16799853,"Aum Patel 131","2026-09-02 03:56:00",0.94058,9,aumpatel131
2023,16832489,"Sarp Esenli","2026-09-04 20:38:31",0.94057,1,sarpda
2024,16838545,"Văn FIFA","2026-09-06 01:37:48",0.94056,1,vnfifa
2025,16890002,Pjankov_Mikhail_3384,"2026-09-14 16:10:36",0.94055,5,michaelpjankov
2026,16904968,Macoo68,"2026-09-18 05:30:27",0.94054,3,macoo68
2027,16858634,briskwalking53,"2026-09-18 07:09:31",0.94054,5,takayukihayakawa
2028,16810453,"Arsen Ishkhanian","2026-09-02 18:32:02",0.94054,1,arsenishkhanian
2029,16808827,"Joel Rautavaara","2026-09-02 12:40:48",0.94050,1,joelrautavaara
2030,16919525,"Dhia Mrabet","2026-09-18 14:34:02",0.94050,2,dhiamrabet
2031,16812617,fixedstarK,"2026-09-03 17:14:21",0.94047,1,koseikaida
2032,16881063,KevinBastawrous,"2026-09-12 14:07:31",0.94046,1,kevinbastawrous
2033,16806595,chuan-chih,"2026-09-03 06:27:07",0.94046,3,meowlu
2034,16893989,"Klenn Dungaran","2026-09-17 00:45:23",0.94045,1,klekzee
2035,16802339,Yashika202006,"2026-09-12 09:14:04",0.94043,4,yashika202006
2036,16894130,itmirsx,"2026-09-15 03:43:49",0.94042,1,readidno
2037,16817864,ultrayyy,"2026-09-18 12:53:28",0.94040,3,ultrayyy
2038,16798608,kimchowon11,"2026-09-18 04:00:46",0.94040,1,kimchowon11
2039,16852548,Kunal_Anand7222,"2026-09-08 05:29:01",0.94038,1,kunalanand7222
2040,16886608,"Mayuresh Mane","2026-09-14 08:16:28",0.94038,2,mayureshmane123
2041,16865441,HendraDanuSaputraChauwito,"2026-09-10 09:31:04",0.94034,2,usilisme
2042,16866600,Buzzo666,"2026-09-11 14:40:54",0.94034,2,buzzo666
2043,16804919,"Hashir Shaikh","2026-09-02 18:13:40",0.94034,6,hashirmnaeem
2044,16853385,"Eshan Osman","2026-09-10 11:00:54",0.94033,2,eshanishere
2045,16799449,Dhol_Aman,"2026-09-01 06:21:50",0.94030,1,dholaman
2046,16847847,"Mahyar Rajaei","2026-09-07 14:24:22",0.94030,7,mahyarrajaei
2047,16804049,"Vijesh Kumar 45","2026-09-08 11:19:40",0.94027,1,vijeshkumar45
2048,16808999,Magnus,"2026-09-04 09:42:07",0.94022,2,plshelpme
2049,16881713,"R4N99a NGRO","2026-09-12 16:41:52",0.94020,5,r4n99angro
2050,16842799,VaishnxviUchiha_,"2026-09-06 09:40:02",0.94019,2,vaishnxviuchiha
2051,16800206,KenRit,"2026-09-03 10:41:34",0.94016,1,kenrit
2052,16856109,"Zakaria Hanir","2026-09-08 19:25:20",0.94015,3,zakariahanir
2053,16862273,"kogul s","2026-09-09 18:55:12",0.94012,2,kogullll
2054,16873030,TanoPereira,"2026-09-11 16:06:40",0.94012,4,tanopereira
2055,16847252,yxxchh,"2026-09-07 11:59:28",0.94010,3,yxxchh
2056,16921270,"Sergii Rogochii","2026-09-18 19:07:48",0.94005,1,novagravity
2057,16827814,ShivanshDut,"2026-09-04 11:00:31",0.94003,3,shivanshdut
2058,16885856,"Công Nguyễn Chí","2026-09-13 12:32:46",0.93999,1,chicongnguyen
2059,16885144,Fail-Safe,"2026-09-13 18:01:47",0.93996,1,kennethnyanteh
2060,16848589,"Chirayu Gupta09","2026-09-07 21:34:45",0.93996,2,chirayugupta09
2061,16802309,funtik,"2026-09-17 13:37:22",0.93995,11,"arsenyvetkasov,brattsew"
2062,16803006,DDQQ,"2026-09-04 13:10:50",0.93994,6,onjrey
2063,16851300,"yousef Elshahat","2026-09-10 15:23:47",0.93991,1,yousefelshahat2
2064,16885833,"Sergiy Kazanin","2026-09-13 19:35:27",0.93989,1,sergiykazanin
2065,16810931,DP,"2026-09-06 16:50:57",0.93985,13,dmitrypimenov99
2066,16842123,"Vecheslav Eremeev","2026-09-06 05:36:57",0.93980,1,lorddiablo74
2067,16799464,"Ryota Tanaka","2026-09-10 22:16:54",0.93976,4,toyodart
2068,16859694,priya@1234556,"2026-09-09 10:57:58",0.93972,1,priya1234556
2069,16838813,"Baidurya Bhattacharyya","2026-09-08 16:27:11",0.93966,1,boibhai
2070,16896882,"Billy Koech","2026-09-16 12:27:41",0.93966,2,billykoech
2071,16802827,"Mina Niazizadeh","2026-09-01 16:23:38",0.93963,5,mina8888
2072,16869561,"Andrés de la Roca","2026-09-11 21:52:22",0.93963,1,andrsdelaroca
2073,16845692,"Gojo satoru","2026-09-14 05:48:54",0.93962,1,gibeomshin
2074,16799183,"Jesmi George","2026-09-08 17:47:38",0.93962,2,jesmigeorge04
2075,16843715,puruchinera,"2026-09-08 00:14:35",0.93962,6,yoel39
2076,16798887,Danjas,"2026-09-18 06:58:46",0.93960,7,danjas
2077,16855426,"Baptiste Lesne","2026-09-08 20:02:32",0.93958,1,baptistelesne
2078,16821189,Vlodus,"2026-09-09 14:14:56",0.93957,6,vlodus
2079,16832543,"Tyler C","2026-09-04 20:56:42",0.93956,1,trc204
2080,16863476,"Mayank Raj Singh","2026-09-17 23:53:41",0.93956,1,mayankrajsingh
2081,16810047,"Egor Kirovich","2026-09-16 12:49:35",0.93954,1,"egorkirovich,levlok"
2082,16854051,vynie1605,"2026-09-08 12:29:23",0.93953,1,vynie1605
2083,16807901,"Tracy Porter","2026-09-02 15:37:45",0.93945,1,tracyporter
2084,16865603,"Bhagyashri Raut21","2026-09-10 11:25:48",0.93940,1,bhagyashriraut21
2085,16839687,"Mudit Agrawal","2026-09-16 08:55:45",0.93938,3,mudit1711
2086,16805256,"Manuk Mkheyan","2026-09-02 18:36:04",0.93937,3,manukmkheyan
2087,16880221,"Dev Chandra Adhikari","2026-09-16 15:52:43",0.93916,15,devchandraadhikari
2088,16880255,thanhbt25,"2026-09-14 09:06:24",0.93916,1,thanhbt25
2089,16919687,"Богдан Лаптев","2026-09-18 10:37:36",0.93911,2,truemlgod
2090,16876799,pocapoca,"2026-09-12 05:24:23",0.93905,2,pocapoca
2091,16868272,"Md Intishar","2026-09-13 14:46:27",0.93898,1,mdintishar
2092,16810281,"Manas yadav001","2026-09-16 12:56:46",0.93893,1,manasyadav001
2093,16831119,"MSAADI ABDELLAH","2026-09-05 01:10:05",0.93886,3,msaadiabdellah
2094,16833077,"Thomas Deng","2026-09-04 23:23:41",0.93881,1,tdeng24
2095,16843576,Chandrashekar,"2026-09-06 16:46:46",0.93873,1,hermitsays
2096,16908845,"Uğur Gümüş","2026-09-18 14:20:06",0.93851,3,ugurgumus
2097,16805274,sh1nd3l,"2026-09-17 13:43:59",0.93848,2,sh1nd3l
2098,16899255,"Allie Shuldman","2026-09-16 02:03:41",0.93844,2,allieshuldman1
2099,16810841,"christopher obuchere","2026-09-17 19:35:07",0.93838,20,owls0711
2100,16885937,"Kylian Dictador","2026-09-18 20:57:24",0.93836,3,thaaimessiah
2101,16889301,"Bobby Kumar","2026-09-15 05:42:05",0.93831,7,bobbyyadav1950
2102,16915044,"Bertrand Pigeon","2026-09-18 12:56:09",0.93829,2,bertrandpigeon
2103,16799322,"Shubham Nayak","2026-09-01 14:47:00",0.93828,5,cyborgnayak
2104,16860273,SHY舒O=v=O,"2026-09-11 09:23:32",0.93826,3,shyovo
2105,16855826,"Nathan Gilman1","2026-09-10 18:13:31",0.93807,7,nathangilman1
2106,16909609,"Jaiswal Bishal","2026-09-18 07:26:59",0.93805,2,jaiswalbishal
2107,16830307,"Padamata Dhanush","2026-09-06 13:09:10",0.93799,1,padamatadhanush
2108,16808435,Barbagrande007,"2026-09-05 12:43:34",0.93797,3,barbagrande007
2109,16815407,"SIVA S","2026-09-18 06:42:03",0.93795,160,codingmaster24
2110,16801853,Mutahar,"2026-09-07 20:31:14",0.93789,9,mmalam
2111,16814031,"Anis Rashidov","2026-09-03 14:05:14",0.93788,4,anrash001
2112,16853233,"Yashpalsinh Thakor","2026-09-08 10:42:52",0.93787,1,yashpalthakor
2113,16802806,Akniet,"2026-09-07 17:35:27",0.93787,7,aknietkusmoldayeva
2114,16805325,"Monesh Satheeswaran","2026-09-01 20:10:51",0.93786,1,moneshsatheeswaran
2115,16862261,Mykyta,"2026-09-16 18:51:31",0.93785,1,mykytakh
2116,16885881,"Timur Çakmakoğlu","2026-09-14 14:30:41",0.93784,1,timurcakmakoglu
2117,16855076,"Muhammad Zaki Zulhamlizar","2026-09-08 17:19:17",0.93784,1,muhammadzakizulham
2118,16921525,burblingbrooks,"2026-09-18 23:15:46",0.93783,6,burblingbrooks
2119,16844806,"Jean Deutchoua","2026-09-09 12:12:55",0.93783,4,jeandeutchoua
2120,16832270,coolngr8,"2026-09-16 15:10:49",0.93781,14,coolngr8
2121,16808487,momomoran,"2026-09-02 14:07:33",0.93781,1,momomoran
2122,16920285,"deequoique Wang","2026-09-18 15:25:53",0.93779,1,deequoiquewang
2123,16799497,Leneen,"2026-09-08 15:35:57",0.93774,1,leneen
2124,16866829,"Tien Thang Mai","2026-09-10 15:09:02",0.93773,1,tienthangmai
2125,16844980,OTA_2,"2026-09-08 08:12:12",0.93767,2,"jamiuabdullahbaba,johnchristopherm,tosinola"
2126,16829784,"Tyom Papiyan","2026-09-04 12:41:49",0.93767,2,tyompapiyan
2127,16827597,"Harsh Saharan","2026-09-11 04:41:33",0.93767,3,harshsaharan001
2128,16811809,"Samu War","2026-09-16 03:17:16",0.93766,1,samuwar
2129,16871073,Slug,"2026-09-11 07:54:10",0.93766,4,dusanpark
2130,16827616,YWY2002,"2026-09-11 07:07:13",0.93761,3,ywy2002
2131,16843931,madongping,"2026-09-07 06:17:32",0.93758,1,madongping
2132,16874902,"Joshua Thos","2026-09-13 13:36:03",0.93757,2,joshuathos
2133,16870832,"David Uribe","2026-09-18 04:54:52",0.93753,5,duckpie
2134,16919203,seaweedbrain,"2026-09-18 09:37:16",0.93750,7,devbarik
2135,16810186,"Kishore Kannan","2026-09-04 07:26:15",0.93747,6,kishorekannan123
2136,16826461,"Debojyoti Basu","2026-09-05 13:53:55",0.93743,1,debojyoti29basu
2137,16805450,aWright,"2026-09-16 18:18:01",0.93741,12,ktownactuary
2138,16860726,sgvnobxqf,"2026-09-13 09:27:48",0.93740,3,sgvnobxqf
2139,16854614,冲冲冲高,"2026-09-09 14:02:56",0.93738,2,rush0high
2140,16921097,FayorBolt,"2026-09-18 15:26:28",0.93738,1,fayorbolt
2141,16866074,"Vlad Tkachenko","2026-09-17 12:27:57",0.93738,1,vladtkachenko
2142,16846682,ntxmai_hd,"2026-09-08 12:38:25",0.93738,4,ntxmaihd
2143,16810433,"Faruk Alıç","2026-09-02 20:00:51",0.93738,2,farukal
2144,16864796,"Deepak Kumbhar","2026-09-18 15:59:57",0.93738,1,deepakkumbhar16
2145,16832417,"Anjali Khantaal","2026-09-07 19:00:07",0.93738,1,anjalikhantaal
2146,16868239,"Md. Al Amin","2026-09-11 13:00:55",0.93738,1,sialamin
0,16714052,baseline_submission.csv,"2026-08-12 18:43:47",0.93738,1,
2147,16798667,"Taylor S. Amarel","2026-09-02 16:47:53",0.93738,1,taylorsamarel
2148,16859362,pething,"2026-09-09 12:00:05",0.93738,1,pething
2149,16864856,"Harshita Lad","2026-09-10 10:02:39",0.93738,2,harshitalad
2150,16860406,deltawater,"2026-09-12 12:11:31",0.93738,1,deltawater
2151,16855508,"Sriram Lingavel","2026-09-16 07:42:00",0.93738,2,sriramlingavel01
2152,16895735,mwq21,"2026-09-16 15:05:06",0.93738,1,mingweiqiu
2153,16906896,DmitryFedoseenko,"2026-09-16 16:32:05",0.93738,1,dmitryfedoseenko
2154,16832247,"Diya Patel","2026-09-04 18:15:41",0.93737,1,diyapatel02
2155,16865555,"Niranjan Lamichhane","2026-09-18 08:17:40",0.93737,2,niranjanlamichhane
2156,16824877,DwijitDasari,"2026-09-04 13:11:42",0.93737,1,dwijitdasari
2157,16802654,"Dmitry C4be","2026-09-01 12:52:57",0.93737,1,dmitryc4be
2158,16838875,rsIntelligence,"2026-09-05 07:42:40",0.93737,1,rsintelligence
2159,16880838,Snehan,"2026-09-12 11:07:55",0.93737,1,snehan1608
2160,16841618,"Avnish Ahlawat","2026-09-06 02:12:51",0.93737,1,avnishahlawat
2161,16823647,"Christian F. Badillo H.","2026-09-04 02:47:57",0.93737,2,christiaanfbadilloh
2162,16879100,"Konain worsi","2026-09-13 13:51:29",0.93737,4,konainworsi
2163,16885025,"Musen Lin","2026-09-14 07:16:42",0.93736,1,musenlin
2164,16809231,"Takayanagi Sensei","2026-09-04 15:34:38",0.93736,4,takayanagisensei
2165,16908324,Mamba_FENG,"2026-09-17 19:10:42",0.93736,1,soaringmaple09
2166,16829681,"Adrian Luu","2026-09-04 13:07:48",0.93731,2,adrianluu
2167,16804806,"Priyanshu Mishra","2026-09-08 15:35:36",0.93731,1,priyanshu7930
2168,16894189,AlexS814,"2026-09-15 12:22:45",0.93724,1,alexs814
2169,16884246,"Sohail Ahmed","2026-09-18 19:24:30",0.93723,1,datascientistsohail
2170,16855618,"kaustuk rathod","2026-09-15 16:12:37",0.93722,2,kaustukrathod
2171,16809893,"Irfan Arisani","2026-09-12 03:46:59",0.93718,1,irfanarisani
2172,16894818,taek5205,"2026-09-15 07:35:28",0.93718,1,taek5205
2173,16921162,Nikesh@Niku,"2026-09-18 14:20:09",0.93713,1,nikeshpandey9090
2174,16820326,benpython,"2026-09-03 16:27:23",0.93713,2,benlepers
2175,16870248,"Philip Ross","2026-09-18 22:07:03",0.93710,1,cooliocool11
2176,16842307,"Deepti Singh","2026-09-06 12:26:08",0.93710,1,deeptisingh3004
2177,16803644,"Philippe Coulombe","2026-09-11 15:18:21",0.93710,1,philippecoulombe
2178,16898341,"Yashita Kumar","2026-09-18 06:56:22",0.93708,3,yk1409
2179,16808828,vcor,"2026-09-07 09:54:39",0.93706,2,vcokaggle
2180,16877802,KJ,"2026-09-12 02:19:38",0.93702,1,jokerrt
2181,16822910,"Amit Roy Antu","2026-09-04 08:48:01",0.93702,2,amitroyantu
2182,16803920,seamanc2016,"2026-09-05 03:55:37",0.93701,1,seamanc2016
2183,16808966,"kaka m8n","2026-09-03 18:20:08",0.93701,1,kakam8n
2184,16823293,"Troy Loeffler","2026-09-15 00:29:46",0.93674,39,troyloeffler
2185,16853690,"Jean Aiblou","2026-09-15 19:36:21",0.93673,1,jeanaiblou
2186,16818530,"Mohamed HADRICH","2026-09-03 12:56:04",0.93667,4,mohamedhadrich01
2187,16805226,JiatongLi,"2026-09-02 21:40:56",0.93665,1,jenniferjtli
2188,16840413,medraddaoui,"2026-09-06 17:53:55",0.93661,3,medraddaoui
2189,16825759,"Nagendra Gouda 125","2026-09-06 07:49:20",0.93655,2,nagendragouda125
2190,16841130,"ADITYA UPADHYAY","2026-09-06 17:06:26",0.93652,1,realaduop
2191,16808669,SriAliasBobby,"2026-09-09 20:49:26",0.93641,10,srialiasbobby
2192,16844201,"Parthiban Elavarasan","2026-09-14 15:27:38",0.93636,1,parthibanelavarasan
2193,16894835,"Arjun Dixit","2026-09-15 14:12:34",0.93566,1,arjundix
2194,16858020,"Md Tareq Shah Alam","2026-09-09 10:55:34",0.93563,1,mdtareqshahalam27
2195,16860035,simplecar,"2026-09-09 12:15:28",0.93550,1,simplecar
2196,16845408,"Creeper Thánh","2026-09-10 03:25:15",0.93483,4,creeperthnh
2197,16841782,"Muh Amri Sidiq","2026-09-12 22:34:30",0.93465,1,amri11
2198,16845192,"Sahil Naseem","2026-09-07 00:13:46",0.93436,1,sahilnaseem7
2199,16805120,"Prateek Srivastava","2026-09-06 19:48:31",0.93426,1,pratik2901
2200,16799198,cygnusterbang,"2026-09-01 07:26:30",0.93422,1,cygnusterbang
2201,16855470,"Hector D.V.","2026-09-08 20:17:42",0.93409,1,hectordv
2202,16898997,"Ashkan Rafiee","2026-09-18 12:16:00",0.93390,2,ashkanrafiee2005
2203,16892004,"Koen van Gent","2026-09-14 15:22:36",0.93386,1,koenvangent
2204,16825670,stop__h_,"2026-09-07 03:32:27",0.93373,1,stophhh
2205,16855630,WangweCharles,"2026-09-15 12:31:11",0.93372,1,wangwecharles
2206,16915815,"Mit Mhatre","2026-09-18 07:12:18",0.93363,2,mitmhatre
2207,16842269,"Anomali Hitam","2026-09-16 12:34:07",0.93362,1,muhyusuf1112
2208,16904430,"Sanjay Suresh","2026-09-18 15:07:57",0.93346,5,sanjaysuresh3311
2209,16867716,Vsevolod_progr,"2026-09-10 17:16:43",0.93340,1,vsevolodprogr
2210,16808108,"Avishek Sinha","2026-09-13 16:09:39",0.93327,1,avisheksinha91
2211,16805481,"Leon Makaryan","2026-09-01 21:54:59",0.93324,1,leonmakaryan
2212,16802447,"Kanat Kozhaniyazov","2026-09-09 11:28:09",0.93324,1,kanatkozhaniyazov
2213,16804845,"abd el moujib","2026-09-01 20:31:18",0.93317,1,abdelmoujib
2214,16867635,"Boogey Man","2026-09-11 18:58:47",0.93307,10,boogey004
2215,16907612,"sejal raykhere","2026-09-17 10:35:56",0.93294,1,sejalraykhere19
2216,16888633,"David Gamboa","2026-09-14 01:51:19",0.93276,1,gamboadd27
2217,16904639,"MULANI SANIYA JAHANGIR","2026-09-16 19:00:01",0.93274,1,mulanisaniyajahangir
2218,16843493,"Murali Sairam","2026-09-12 13:31:59",0.93266,1,muralisairam
2219,16803754,"Priyanka Asthana","2026-09-02 17:54:28",0.93266,5,priyankasthana
2220,16853479,MachineNeil,"2026-09-08 09:14:49",0.93250,1,machineneil
2221,16809007,"Krishna Mahajan","2026-09-02 18:16:31",0.93228,1,krishna17311
2222,16894172,Adrian1212Ken,"2026-09-17 14:55:08",0.93226,5,adrian1212ken
2223,16845325,"Adewole Adedapo","2026-09-09 01:35:04",0.93205,1,adewoleadedapo
2224,16876763,"Toyosi Jogunola","2026-09-11 18:21:47",0.93201,1,toyosijogunola1
2225,16898175,Rahulrockstarrr,"2026-09-16 06:47:06",0.93184,1,rahulrockstarrr
2226,16839552,"Deepak Reddy Kura","2026-09-10 18:07:29",0.93182,1,deepakreddykura
2227,16890286,Nic,"2026-09-15 07:37:43",0.93170,1,nicoledcosta1
2228,16887960,zhangkunling,"2026-09-13 20:56:36",0.93136,1,zhangkunling
2229,16891887,"Hamza Mojeeb","2026-09-14 14:58:22",0.93093,1,hamzamojeeb
2230,16875483,vignesh201121,"2026-09-11 13:05:01",0.93093,1,vignesh201121
2231,16848898,CardboardTank,"2026-09-07 16:49:51",0.93087,1,cardboardtank
2232,16804793,algyier,"2026-09-03 18:59:50",0.93056,2,zyatro09
2233,16802704,"Jun Nohara","2026-09-02 11:20:29",0.93051,1,junnohara
2234,16831284,"Yuduo Wu","2026-09-05 03:47:21",0.93032,1,yuduowu
2235,16887394,"Jahongir Tuychiyev","2026-09-18 19:24:25",0.93005,1,jahongirtuychiyev
2236,16831142,Роман,"2026-09-12 14:22:47",0.92870,1,romanneromanov
2237,16806874,DhruvPatel0113,"2026-09-02 07:58:38",0.92756,1,dhruvpatel0113
2238,16810753,"Praxitelis Ntokos","2026-09-12 22:47:51",0.92689,1,praxitelisntokos
2239,16841307,johlys,"2026-09-15 20:03:29",0.92670,4,johlys
2240,16807148,"Zhong Yige","2026-09-02 07:18:52",0.92581,1,zhongyige
2241,16848116,"Enzo Cruciani","2026-09-11 13:00:00",0.92581,2,enzocruciani
2242,16801819,PHKSE7D39,"2026-09-03 07:27:00",0.92567,2,phkse7d39
2243,16882606,"Clare Laurent","2026-09-12 23:13:54",0.92536,1,clarelaurent
2244,16804963,"Jonathan T","2026-09-01 19:39:46",0.92406,2,jtdataperuser
2245,16862252,bumapdumpt,"2026-09-09 20:23:54",0.92371,1,bumapdumpt
2246,16810468,"Adam Martí","2026-09-03 18:48:10",0.92303,2,adammart
2247,16841173,"Juairia Apsara","2026-09-07 00:00:45",0.92205,1,juairiaapsara
2248,16838926,Noon,"2026-09-08 03:19:03",0.91919,1,noon555
2249,16880519,"Youssef taha25","2026-09-13 13:17:21",0.90449,1,yousseftaha25
2250,16892238,"Hamzah Saif","2026-09-15 10:03:37",0.88890,10,hamzahsaif
2251,16806177,Deepak,"2026-09-07 18:15:03",0.88871,1,deepaksurya7
2252,16871392,edisonnnnnnn,"2026-09-18 07:21:56",0.88850,1,edisonnnnnnn
2253,16898920,"Bianca Denadai","2026-09-18 17:53:58",0.88826,12,biancadenadai
2254,16810471,"Swayam Bhoir","2026-09-05 15:49:01",0.88581,1,swayambhoir
2255,16914591,"Anatoly L","2026-09-17 13:06:03",0.88423,1,anatolyal
2256,16808572,"Mihnea Munteanu","2026-09-02 12:46:45",0.88361,4,mihneamunteanu
2257,16798909,"Jisung woo","2026-09-02 06:00:28",0.88256,1,jisung77
2258,16854797,"Swayam S Patra","2026-09-15 13:58:56",0.88244,5,"deeptanshuray,swayamspatra"
2259,16810083,bourbaki,"2026-09-02 16:28:42",0.88146,2,filippogiovagnini
2260,16805566,"Hrishikesh Dhuri","2026-09-01 21:48:14",0.88110,1,hrishikeshdhuri19
2261,16799381,"Paras Gaur","2026-09-01 18:29:51",0.87908,2,animeguylrn
2262,16848899,"Daniil Pulatov","2026-09-08 16:35:24",0.87729,1,daniilpulatov
2263,16881205,Sonali210,"2026-09-12 13:02:13",0.87589,2,sonali210
2264,16811633,"Wai Mai Lydia Tsang","2026-09-13 18:56:02",0.87582,13,waimailydiatsang
2265,16853145,"Karib Kazi Rafid","2026-09-16 07:05:14",0.87581,4,karibkazirafid
2266,16892359,"Juan Miguel Vilar","2026-09-14 17:26:45",0.87499,1,juanmiguelvilar
2267,16807146,"Amir Sohail","2026-09-12 10:55:54",0.87482,9,amirsohail122
2268,16879834,蔵田雄基,"2026-09-13 10:56:13",0.87456,1,crutch1126
2269,16870441,jbaudson,"2026-09-14 22:57:13",0.87443,1,jbaudson
2270,16844514,Charlotte,"2026-09-08 15:20:40",0.87420,1,alekseus
2271,16841455,Knowledge_seeker,"2026-09-18 19:44:56",0.87038,5,keerthi0908
2272,16830806,"First name Second name","2026-09-13 20:47:59",0.86992,7,bredonmwangi
2273,16811236,BlazeAdapt,"2026-09-03 00:23:56",0.86632,1,blazeadapt
2274,16885951,"Priyank Gupta","2026-09-14 05:02:06",0.86589,1,priyankgupta01
2275,16819628,"Rohit kumar211987","2026-09-04 08:10:34",0.86563,3,rohitkumar211987
2276,16844137,"Rohit Kumar #2","2026-09-07 18:50:43",0.86126,2,rohitraj264
2277,16887223,"Josipa Sever","2026-09-18 16:16:38",0.85734,4,josipasever
2278,16803065,"Gauttam Jangir","2026-09-07 06:46:35",0.85345,14,gauttamjangir
2279,16865707,"Punit Parmar","2026-09-13 16:54:44",0.84391,5,punitparmar8949
2280,16832862,IMASD123,"2026-09-06 21:41:36",0.84160,1,imasd123
2281,16869709,"Felipe Livon","2026-09-11 17:16:51",0.84160,1,felipelivon
2282,16799521,"Süleyman Yılmaz","2026-09-02 10:27:19",0.82334,3,slymnylmz
2283,16875774,Darynbek,"2026-09-12 03:05:32",0.81978,2,darynbek
2284,16799269,"Abdulhay Yassir","2026-09-05 14:56:08",0.81572,1,abdulhayyassir
2285,16883820,stm32f103c8t6,"2026-09-13 14:25:37",0.81436,1,stm32f103c8t6
2286,16879245,"Jasteg Singh","2026-09-12 06:09:42",0.81317,2,jastegsingh1234
2287,16916529,"Zhores Hakobyan","2026-09-17 18:50:45",0.80976,1,zhoreshakobyan
2288,16798985,"Heath Dingus","2026-09-01 04:21:21",0.80913,10,heathdingus
2289,16881354,"Meet Gajera","2026-09-13 09:01:49",0.80886,1,mitgajera
2290,16893055,cvmhatre,"2026-09-15 03:10:32",0.80839,1,cvmhatre
2291,16838324,"Sumit Kumar Dwivedi","2026-09-11 07:34:25",0.80829,1,sumitdwi123
2292,16851817,HotMitDev,"2026-09-08 02:05:33",0.80784,2,hotmitdev
2293,16904118,"Naman Rai","2026-09-16 08:02:08",0.80779,1,namanrai01
2294,16870608,田中偲惟人,"2026-09-12 06:52:02",0.80759,1,shiito
2295,16822993,"Cuschevici Climent","2026-09-04 13:24:51",0.80735,1,cuschevicicliment
2296,16895207,"Mohamed Arafath","2026-09-16 06:39:27",0.80704,2,mohamedarafath
2297,16841838,the007prime,"2026-09-07 14:10:11",0.80676,2,the007prime
2298,16839764,"P.Lakshmi Sainath Reddy","2026-09-05 13:45:54",0.80664,1,plakshmisainathreddy
2299,16913795,"Abhishek Sinha","2026-09-17 13:10:41",0.80651,3,abhisheksinha01111
2300,16804821,porvani2zi,"2026-09-06 19:09:35",0.80633,1,"belyaevgleb,duckichpuckich"
2301,16896823,VoltVision,"2026-09-16 10:05:56",0.80568,1,"aishwaryanikam1630,vaishnavi1512"
2302,16848037,Kutay23,"2026-09-07 13:25:44",0.80563,1,kutay23
2303,16883175,"Waleed Almorade","2026-09-13 19:59:05",0.80522,5,waleedalmorade
2304,16805441,"Beyza Durdu","2026-09-02 17:57:22",0.80490,1,beyzadurduu
2305,16876792,"Thales Galuchi","2026-09-14 23:11:18",0.80460,9,thalesgaluchi
2306,16840492,YMOM249,"2026-09-06 12:29:02",0.80424,1,kaggle5kaggle
2307,16842129,"Sakib Alam Jisan","2026-09-06 05:38:38",0.80312,1,sakibalamjisan
2308,16801177,AbuHelweh,"2026-09-08 12:14:28",0.80280,10,yahiaabuhelweh
2309,16876908,"Atharv Nawab","2026-09-11 20:19:51",0.80257,1,atharvnawab
2310,16830297,"Surendra Yarrareddy","2026-09-12 10:54:38",0.80069,1,surendrayarrareddy
2311,16864401,"Zhi1 Wang","2026-09-11 04:22:19",0.80063,1,zhi1wang
2312,16799356,"Vincentius Leonanda Prabowo","2026-09-06 07:21:27",0.80043,3,vincentius1013
2313,16872035,"Victor Pastor","2026-09-16 09:15:18",0.79995,1,victorpastor
2314,16804788,"Abdullah Al Aymon","2026-09-18 11:20:25",0.79570,1,abdullahalaymon
2315,16910763,"Mohit Gemini","2026-09-17 15:45:50",0.79253,1,mohitgemini
2316,16851465,jokerdf,"2026-09-17 20:50:58",0.79165,1,jokds2
2317,16831248,Kyon,"2026-09-11 12:59:56",0.76854,4,kyazaki
2318,16842135,Arif_tech,"2026-09-07 13:13:31",0.76518,1,ariftech
2319,16867481,"Royer Elvis Moreano Condorcuya","2026-09-11 15:47:46",0.73842,1,royerelvis
2320,16832454,M1nhPh4m,"2026-09-04 18:19:44",0.67459,1,m1nhph4m
2321,16827674,"Shaikh Mohammad Hasnat ","2026-09-04 11:42:33",0.58749,1,shaikhmohammadhasnat
2322,16800107,masayasuonodera,"2026-09-11 14:23:47",0.52500,2,masayasuonodera
2323,16798650,parkjuuyeong,"2026-09-01 00:31:02",0.50000,1,parkjuuyeong
2324,16800096,"BALAJI VARA PRASAD DEGA","2026-09-01 09:08:37",0.50000,1,balajivaraprasad
2325,16802594,"Sahir Maharaj","2026-09-18 10:15:37",0.50000,18,sahirmaharajj
2326,16805611,"David Blandón","2026-09-01 22:14:41",0.50000,1,dacxj0
2327,16841153,"Test Team","2026-09-05 19:36:24",0.50000,1,"emilygrace1431998,mdabdullahalafif"
2328,16841442,"Eng Ali Mutahhar","2026-09-05 21:52:31",0.50000,1,aliree
2329,16841573,"Mohammed alnzary","2026-09-05 23:45:25",0.50000,2,mohammedalnzary
2330,16841692,TommyMSCS,"2026-09-06 02:14:50",0.50000,1,tommymscs
2331,16845946,lucataco,"2026-09-07 04:30:17",0.50000,1,lucataco
2332,16857481,"Nguyễn Anh Tài","2026-09-09 01:50:56",0.50000,1,tainadpln
2333,16913986,Kou111111,"2026-09-17 10:57:59",0.50000,1,kou111111
2334,16922605,"Reagan Ochieng","2026-09-18 21:16:43",0.50000,1,reaganochieng
2335,16885965,"K N FARHAN NAZIM","2026-09-13 13:40:11",0.49329,1,knfarhannazim
