Rank,TeamId,TeamName,LastSubmissionDate,Score,SubmissionCount,TeamMemberUserNames
1,16798949,"Chris Deotte","2026-09-11 20:50:03",0.94672,3,cdeotte
2,16822665,Leo,"2026-09-08 10:52:33",0.94664,28,nanaresudo
3,16798625,haya,"2026-09-11 15:20:00",0.94657,35,yhay81
4,16798852,"M & M","2026-09-11 22:48:51",0.94657,54,"mahoganybuttstrings,masayakawamata"
5,16803825,"Laura Liepa","2026-09-11 20:21:13",0.94656,70,lauraliepa
6,16798784,yalpha,"2026-09-11 23:22:47",0.94655,78,yusukeimura
7,16799961,"Christoffer Thimsen","2026-09-11 18:46:46",0.94655,26,lowasitgoes
8,16858192,"Igor A","2026-09-11 09:18:21",0.94654,19,igorarapov
9,16800007,Rapha,"2026-09-11 18:23:09",0.94654,44,raphaabels
10,16799012,"Don Mani","2026-09-12 04:16:05",0.94653,34,donmarch14
11,16822208,"Jasper Dekoninck","2026-09-05 18:28:21",0.94653,16,jasperdekoninck
12,16802221,"Maher el Ouahabi","2026-09-11 18:08:39",0.94653,65,maherelouahabi
13,16843730,"Kaggler Sergio","2026-09-10 12:16:15",0.94652,9,kagglersergio
14,16798610,"Xin Feng","2026-09-11 20:38:09",0.94650,5,milanfx
15,16799914,tomasa2,"2026-09-11 22:22:27",0.94650,29,tomasa2
16,16872257,"Tomohiko Ikeda","2026-09-11 21:09:24",0.94649,7,tomohikoikedajpn
17,16805636,Optimistix,"2026-09-12 03:02:31",0.94649,90,optimistix
18,16799762,NapoleonIT,"2026-09-12 00:09:26",0.94649,54,alexfeklin1234
19,16799295,ikevayansky,"2026-09-11 06:48:14",0.94649,62,ikevayansky
20,16842157,SM30,"2026-09-11 13:09:35",0.94648,27,sagarmane104
21,16801830,Tilii,"2026-09-11 22:56:30",0.94648,66,tilii7
22,16840371,CG,"2026-09-10 01:47:02",0.94648,26,alexanderwang2001
23,16798614,cstdy,"2026-09-10 11:40:54",0.94648,28,kirill0212
24,16798679,"Ravi Ramakrishnan","2026-09-12 05:31:02",0.94648,39,ravi20076
25,16810800,Randy,"2026-09-11 03:16:56",0.94647,48,rvndyerwin
26,16799525,BOB,"2026-09-11 06:04:40",0.94647,83,hotpotbro
27,16855478,"CHEN Xiang","2026-09-12 02:34:35",0.94647,37,intoxicatinglips
28,16800764,"Mizushima Toshihiko","2026-09-12 03:11:45",0.94646,67,mizushimatoshihiko
29,16847429,scikit-learn,"2026-09-10 14:19:16",0.94646,32,scikitlearning
30,16831551,"Wenbo Qin","2026-09-11 01:25:17",0.94646,39,wenboqin
31,16823225,Aurrog,"2026-09-10 17:25:06",0.94646,15,aurrog
32,16847802,IchikaHoshino,"2026-09-12 03:07:51",0.94645,60,htunkhi
33,16872029,devsungyeon,"2026-09-12 05:47:02",0.94645,18,devsungyeon
34,16826356,"Pablo César Ruíz","2026-09-07 02:43:39",0.94645,9,pcruiher08
35,16803972,"Pradeep Sriramula","2026-09-08 20:37:26",0.94645,9,pradeep0245
36,16872249,Farazsha,"2026-09-11 10:01:01",0.94645,1,farazsha
37,16813926,"인공저능연구소( Artificial Idiocy Lab )","2026-09-12 05:49:31",0.94645,68,megayak
38,16824841,"Faraz Shamim","2026-09-11 09:14:43",0.94645,22,mrimperium
39,16802166,"Shigeru Kondou","2026-09-09 06:15:19",0.94645,7,shigerukondou
40,16798831,Naji,"2026-09-12 02:25:08",0.94645,71,najiama
41,16799328,CyberRacoon,"2026-09-11 02:50:24",0.94645,28,racoontw
42,16799732,camurberkayy,"2026-09-11 10:02:45",0.94645,10,camurberkayy
43,16804882,elmo,"2026-09-11 10:33:46",0.94644,33,mktakizawa
44,16804441,"Andrew Leal70","2026-09-10 18:29:47",0.94644,22,andrewleal70
45,16799231,"Omkar Kadam","2026-09-11 12:47:55",0.94644,53,itzzomkar
46,16805583,jazivxt,"2026-09-12 04:35:40",0.94644,111,jazivxt
47,16808961,QSynPrim,"2026-09-12 04:20:29",0.94644,41,ksmashhero
48,16799982,"Talha Tursun","2026-09-11 08:49:59",0.94644,74,talhatursun
49,16802882,"Adithya Giridharan","2026-09-11 05:10:28",0.94644,38,adithyagiri
50,16814691,"Chinzorigt Ganbat","2026-09-11 16:39:16",0.94644,47,chinzorigtganbat
51,16864959,"Ripon C. Malo","2026-09-10 23:28:47",0.94644,2,riponce
52,16846930,Bertholdt,"2026-09-11 07:19:59",0.94644,25,bertholdt
53,16799042,F.A.Nina,"2026-09-10 20:02:02",0.94644,51,nina2025
54,16863564,"Saki Tenma","2026-09-11 12:05:59",0.94644,9,sakitenma
55,16799115,kglctf,"2026-09-12 00:55:35",0.94644,118,kglctf
56,16842698,MinhTran2346,"2026-09-10 08:41:40",0.94644,36,minhtran2346
57,16865714,"UTE AI Lab","2026-09-11 06:18:29",0.94644,11,nguynchutncng
58,16866897,Algorex,"2026-09-10 13:50:15",0.94644,6,daniellebagaforomeer
59,16849097,"Diya Sharma","2026-09-10 17:08:57",0.94644,2,diyasharmanexa
60,16810015,shawncsx,"2026-09-12 03:23:03",0.94644,27,shawncsx
61,16798611,"Samuel martinez perez","2026-09-11 01:25:21",0.94644,6,samuelmartinezperez
62,16798563,"M.N. Mohamed Aman","2026-09-12 01:42:31",0.94644,59,mnmohamedaman
63,16846931,beyond-compare,"2026-09-11 07:08:40",0.94644,9,"mathqueen,xihangshan"
64,16871221,haodou092,"2026-09-11 06:22:54",0.94644,1,haodou092
65,16853876,KotaroT1,"2026-09-09 07:08:25",0.94644,8,kotarot1
66,16855994,Vanshika,"2026-09-10 09:58:40",0.94644,3,crystalbaby
67,16825448,"Arnav Goel","2026-09-11 14:25:09",0.94644,26,arnavgoel17
68,16875988,Taeyang,"2026-09-12 00:07:21",0.94644,8,taeyangg4
69,16876270,"Asem Adnan","2026-09-11 21:31:01",0.94644,10,asemadnan
70,16811961,"Fil Thinh","2026-09-10 12:27:45",0.94644,12,filthinh
71,16853244,"Vũ Tuấn","2026-09-11 17:06:31",0.94644,33,vtunksdlvnj6
72,16868621,"Code Master","2026-09-12 05:45:20",0.94644,12,abdullahmathar
73,16863612,JinchengZhang1,"2026-09-10 02:54:35",0.94644,10,jinchengzhang1
74,16802111,"Nazar Koval","2026-09-09 18:06:42",0.94644,32,miickey
75,16840013,ajikajadeh,"2026-09-11 06:49:16",0.94644,34,ajikajadeh
76,16839803,AreJain,"2026-09-10 17:21:10",0.94644,16,arejain
77,16799811,Will,"2026-09-10 20:37:14",0.94644,62,"aditya2909rb,aryankaisth,wguesdon"
78,16828175,"Gregory L.","2026-09-10 11:33:00",0.94644,9,lgregory
79,16807998,"Md Abdul Al Hasib","2026-09-11 05:57:03",0.94644,8,mdabdulalhasib
80,16848028,Kirderf,"2026-09-10 21:18:49",0.94644,21,kirderf
81,16856887,Aamod06,"2026-09-10 09:41:55",0.94644,4,aamod06
82,16803030,"Hoai Vo","2026-09-09 15:16:45",0.94644,45,vkhoai
83,16798803,AnthonyTherrien,"2026-09-11 00:28:20",0.94644,11,anthonytherrien
84,16806374,"Ronit Agarwal","2026-09-09 22:30:53",0.94644,19,"boandme,ronitagarwal1,shauryasahdev2"
85,16853864,"Ritanshu Prasad","2026-09-10 06:46:25",0.94644,2,ritanshuprasad
86,16866502,"Aniket Abhishek Soni","2026-09-10 12:11:03",0.94644,1,aniketsoni
87,16848410,takemo,"2026-09-11 01:20:43",0.94644,18,takemoriyuto
88,16808677,Funguscakehead,"2026-09-12 02:43:37",0.94644,7,funguscakehead
89,16849496,PapaSoda,"2026-09-09 17:08:57",0.94644,5,papasoda
90,16823977,"Guilherme Raiuga","2026-09-12 02:31:34",0.94644,21,guilhermeraiuga
91,16804861,RuiFSPinto,"2026-09-11 09:30:16",0.94644,33,ruifspinto
92,16860962,"Suraj Kumar Nanda","2026-09-11 18:39:22",0.94644,27,surajkumarnanda
93,16798723,ganesha,"2026-09-11 06:14:15",0.94644,4,"naveenjv12,ramjv6"
94,16870380,"Tejasv Bhatia","2026-09-12 00:18:04",0.94644,7,tejasvbhatia
95,16799784,"Mathurin Ache","2026-09-10 07:24:12",0.94643,6,mathurinache
96,16809918,aliemirkoca,"2026-09-10 08:26:50",0.94643,21,aliemirkoca
97,16814953,ypl0lpy,"2026-09-09 06:29:49",0.94643,22,ypl0lpy
98,16817896,famou,"2026-09-12 03:12:24",0.94643,13,lihuaiming
99,16799685,starkhushi,"2026-09-11 07:13:55",0.94643,46,starkhushi
100,16831827,"nick gault","2026-09-12 00:17:26",0.94643,22,nicholasgg
101,16848963,DefiAudit,"2026-09-10 22:12:43",0.94643,21,defiaudit
102,16799752,"Romone Dunlop","2026-09-11 08:10:40",0.94643,74,romonedunlop
103,16805966,CAPRICORNUS0908,"2026-09-12 02:05:46",0.94643,51,capricornus0908
104,16832536,"Md. Hamid Hosen","2026-09-08 20:48:58",0.94643,5,hosen42
105,16832906,"Nelson VIKOU","2026-09-11 22:12:14",0.94643,23,nelsonvikou
106,16802187,jyama,"2026-09-10 10:47:50",0.94643,32,yarukikun
107,16802297,"Aman Atar","2026-09-11 06:56:43",0.94643,87,amanatar
108,16840935,miki,"2026-09-11 16:36:39",0.94643,19,miki2025lee
109,16853007,jeongwonyu123,"2026-09-09 01:15:22",0.94643,17,jeongwonyu123
110,16831056,"Alexey Kuznetsov","2026-09-11 00:00:10",0.94642,71,legtarrr
111,16805147,Hemingweb,"2026-09-09 22:40:06",0.94642,38,hemingweb
112,16811067,"Baha Enes Ören","2026-09-08 10:15:48",0.94642,19,bahaenesren
113,16798605,"Pavlo Ivanin","2026-09-08 14:37:38",0.94642,12,pavloivanin
114,16798636,"Jeki Wan Taufik","2026-09-08 15:10:31",0.94642,9,jek1wantaufik
115,16841712,"Sean Zhang","2026-09-08 20:43:24",0.94642,9,"blackpearls1,seanzhang2445"
116,16842031,"Kim Minh","2026-09-12 03:42:48",0.94642,37,hanming14
117,16805319,サポタン,"2026-09-11 02:05:48",0.94642,24,sapotan
118,16840897,"Kiran Kunapuli","2026-09-09 09:45:08",0.94642,10,kirankunapuli
119,16838574,"Taemyung Heo","2026-09-10 06:22:51",0.94642,9,tmheo74
120,16842264,"ML Player 1","2026-09-11 17:08:57",0.94642,21,"lihong0907,nemonade,stuartchu666"
121,16799267,June3141,"2026-09-10 08:10:37",0.94642,4,june3141
122,16800681,"Mikhail Naumov","2026-09-10 19:01:50",0.94642,80,mikhailnaumov
123,16854578,"Asuu Dane","2026-09-10 16:36:48",0.94642,1,asuudane
124,16807474,"Tamerlan Omralinov","2026-09-11 08:15:24",0.94642,13,tamerlanomralinov
125,16802953,Ole-Jakob,"2026-09-08 09:04:40",0.94642,41,olejakobrosenvold
126,16810878,Jorgen9B,"2026-09-08 01:24:25",0.94641,42,jorgen9b
127,16847460,"Mathieu W","2026-09-12 00:00:05",0.94641,8,mathieuw
128,16810298,"Jared Floersch","2026-09-10 06:43:25",0.94641,33,jaredfloersch
129,16875458,SeraphinaGlacia,"2026-09-11 13:32:45",0.94641,6,seraphinaglacia
130,16842758,"Keiichiro Terahara","2026-09-08 08:35:17",0.94641,16,keiichiroterahara
131,16798870,"Jenny He","2026-09-11 09:24:06",0.94641,37,jennyheeeeee
132,16844752,"Senih Bayankulu","2026-09-11 18:54:58",0.94641,9,senihbayankulu
133,16850692,Cate,"2026-09-11 10:10:03",0.94641,15,catejames
134,16864977,AmitKumarPradhan,"2026-09-11 19:26:32",0.94641,16,akpradhn
135,16861973,quzhihang,"2026-09-10 11:36:20",0.94641,5,quzhihang
136,16799216,"Ilya Sevastyanov","2026-09-12 04:31:24",0.94641,12,sev1lya
137,16803997,"Praneeth Paikray","2026-09-07 20:26:00",0.94641,26,paiky1995
138,16802586,"Rob Schieber","2026-09-11 10:57:31",0.94641,23,robschieber
139,16809987,ManuelArt,"2026-09-12 02:25:50",0.94640,12,manuelart
140,16860415,Aelly,"2026-09-11 10:51:22",0.94640,7,aellyyy
141,16851746,"chen junnian","2026-09-08 07:16:45",0.94640,10,chenaini
142,16842182,Koooooooooo,"2026-09-11 09:35:01",0.94640,15,kouokada
143,16850451,Cpleasance,"2026-09-12 00:14:49",0.94640,24,cpleasance
144,16824074,SOONHANKWON,"2026-09-09 01:13:04",0.94640,8,soonabletv
145,16830917,"Murat Emre YÜCEL","2026-09-09 10:48:11",0.94640,23,muratemreycel
146,16853080,jingle2026,"2026-09-10 05:02:43",0.94640,5,jingle2026
147,16800029,BhuvanNR,"2026-09-11 13:18:16",0.94640,24,bhuvannr2006
148,16802812,"Abu Kayyisah Basyid","2026-09-11 13:20:23",0.94639,20,abukayyisahbasyid
149,16852935,Jackpot181,"2026-09-09 09:58:55",0.94639,6,jackpot181
150,16870580,"Ugur Tasdan","2026-09-12 00:59:48",0.94639,8,fairlanderflick
151,16799386,"Sala J","2026-09-10 09:59:02",0.94639,31,sjwell
152,16802295,Ajanraj,"2026-09-11 22:07:00",0.94639,12,ajanraj25
153,16845485,niulai,"2026-09-08 03:57:10",0.94639,10,rngrng
154,16809885,"Paul Bryan Elefante","2026-09-11 06:08:46",0.94639,5,heuljax
155,16823331,Charlezz8z,"2026-09-10 03:23:27",0.94639,9,charlezz8z
156,16805310,"Sergey Qt2024","2026-09-11 10:13:20",0.94639,38,sergeyqt2024
157,16841792,salamanda19,"2026-09-11 15:36:42",0.94639,5,salamanda19
158,16859513,"Maziyar Abyari","2026-09-09 20:06:11",0.94639,10,maziyarabyari
159,16871923,"Clement Ling","2026-09-12 04:49:01",0.94639,3,clementling
160,16857102,"Possible Knowledge","2026-09-11 23:25:28",0.94639,15,possibleknowledge
161,16807826,"rupsa roy","2026-09-08 05:04:06",0.94639,4,rupsarroy
162,16803634,"Arnie Jimenez","2026-09-08 21:45:25",0.94638,14,arniejimenez
163,16798958,huangbin,"2026-09-12 04:31:43",0.94638,26,huangbin1
164,16846551,Dilovar,"2026-09-08 05:30:21",0.94638,4,dilovar
165,16857913,"Sukanti Kar","2026-09-09 04:09:44",0.94638,1,sukantikar
166,16858954,"Khoi Ng","2026-09-09 07:49:41",0.94638,1,khoingt
167,16798971,daoviet,"2026-09-11 09:04:45",0.94638,21,daoviet
168,16849042,"Muhammad Khan Muneer","2026-09-10 21:52:03",0.94638,7,muhammadkhanmuneer
169,16798601,"Georgy Mamarin","2026-09-11 04:45:05",0.94638,10,georgymamarin
170,16875499,"Berat Erol ÇELİK","2026-09-11 14:07:52",0.94638,9,beraterolelk
171,16803855,Evdilos_Ikaria,"2026-09-11 18:02:44",0.94638,18,georgem
172,16802687,SergeyN1942,"2026-09-11 18:05:04",0.94638,45,sergeyn1942
173,16852671,"Lê Quang Cảnh","2026-09-08 05:40:29",0.94638,3,zhincez
174,16867794,"Nitish Songara","2026-09-11 08:16:10",0.94638,6,nitishsongara
175,16868635,"Hüseyin Enes Duran","2026-09-11 21:30:54",0.94638,12,hseyinenesduran
176,16799429,yuurei,"2026-09-09 00:33:30",0.94638,5,nyhalcyon
177,16799414,"Laurent Pourchot","2026-09-11 06:32:41",0.94638,7,pourchot
178,16845914,"coke lu","2026-09-08 08:33:13",0.94638,5,cokelu
179,16803764,"lionel W509","2026-09-12 05:50:02",0.94638,13,lionelw509
180,16878837,beibeihk,"2026-09-12 04:02:53",0.94638,3,beibeihk
181,16823053,XAVI,"2026-09-10 22:49:56",0.94638,7,xx1263
182,16799673,@luke,"2026-09-12 05:28:31",0.94637,7,loukaspritsas
183,16829894,Kyr1ll,"2026-09-09 12:03:22",0.94637,5,kyr1ll
184,16838711,"sakkn sakkn","2026-09-12 04:13:35",0.94637,12,sakknsakkn
185,16816456,tuko_tanzwoo,"2026-09-12 05:46:18",0.94637,17,tukotanzwoo
186,16820688,"Umair Zia","2026-09-08 20:43:31",0.94637,20,stealthtechnologies
187,16850954,"Lamine Yamal","2026-09-07 23:38:05",0.94637,1,ermanman
188,16862239,MetamorphoseQ,"2026-09-10 03:54:39",0.94637,2,metamorphoseq
189,16814708,maronist,"2026-09-08 01:19:13",0.94637,4,emikonandate
190,16798830,Juyong,"2026-09-09 17:53:26",0.94637,46,kimdoong
191,16815512,ali_abidi_1111,"2026-09-11 07:22:17",0.94637,8,aliabidi2357
192,16863977,arare-uma,"2026-09-10 05:58:49",0.94637,1,arareuma
193,16798599,"Дворкин Евгений Владимирович","2026-09-11 12:30:51",0.94637,30,evgendvorkin
194,16817026,kif,"2026-09-11 16:20:10",0.94637,15,echigobran
195,16849043,xinghan,"2026-09-12 05:16:56",0.94637,10,xinghan0220
196,16862089,"Electric Weasle","2026-09-09 17:38:51",0.94637,4,electricweasle
197,16800069,wmls^0^okok,"2026-09-09 02:25:20",0.94637,8,kjy666
198,16832950,Fayette77,"2026-09-10 22:48:04",0.94637,6,fflucky
199,16808436,NIklitaCheporev,"2026-09-05 11:09:53",0.94637,18,niklitacheporev
200,16802736,"Joe Young","2026-09-11 22:21:45",0.94636,42,jsphyg
201,16798678,YoussefSalem_fr,"2026-09-10 11:44:56",0.94636,17,youssefsalemishere
202,16802405,"Toshifumi Komiya","2026-09-12 00:27:57",0.94636,30,toshifumikomiya
203,16839989,awei,"2026-09-11 07:58:26",0.94636,10,awei666
204,16799109,BlamerX,"2026-09-11 09:09:48",0.94636,27,blamerx
205,16832278,hotaq,"2026-09-08 16:51:56",0.94636,13,chinnaphatkhun
206,16807961,"Arivu Chezhiyan","2026-09-08 04:44:24",0.94636,71,"arivuchezhiyan,jeevag2006"
207,16856850,"Jiayi Du","2026-09-08 22:18:04",0.94636,1,jahyee
208,16854010,"Dank Axon","2026-09-11 14:00:02",0.94636,7,dankaxon
209,16861891,"Enrico Silvi","2026-09-09 20:50:33",0.94636,3,enricosilvi
210,16845047,"Rafael Gomes","2026-09-11 20:51:23",0.94636,6,grafael
211,16810884,Vaibhav,"2026-09-08 12:40:19",0.94636,25,vaibhavpatel
212,16841279,"M Who 11","2026-09-09 16:04:47",0.94636,3,mwho11
213,16806910,Naveenkumar,"2026-09-08 07:44:35",0.94635,48,"kavinn25,naveeen142007"
214,16803292,dukka,"2026-09-11 18:17:17",0.94635,33,onurozahioglu
215,16806975,John,"2026-09-05 01:23:22",0.94635,28,john159151
216,16799655,AjayKumar@9391123,"2026-09-09 11:23:19",0.94635,14,ajaykumar9391123
217,16833268,HIGORMALz,"2026-09-11 01:47:51",0.94635,12,higormalz
218,16805518,"Santiago Maniches","2026-09-11 03:36:21",0.94635,38,santmani
219,16801873,"Evgeny Nevodnich","2026-09-07 22:01:30",0.94635,18,evgenynevodnich
220,16875841,cccyou,"2026-09-11 19:39:31",0.94635,3,cccyou
221,16822871,Timass,"2026-09-04 15:24:36",0.94635,11,timmass2
222,16802907,YUYA,"2026-09-06 08:36:34",0.94635,4,yuyaizumikawa
223,16809492,"Mohamed Youssef","2026-09-07 13:43:20",0.94635,20,mhmd1424
224,16810341,datatuu,"2026-09-05 17:00:05",0.94635,21,yaoguang516
225,16805281,SC,"2026-09-08 13:29:11",0.94635,42,ryosketchbook2007
226,16804031,JusteME😅,"2026-09-09 15:42:01",0.94635,17,degnonguidi
227,16844017,"hamdi mohamed","2026-09-07 11:00:26",0.94635,2,hamdimohamed22
228,16806846,"Akhilesh godugu","2026-09-07 17:40:03",0.94635,5,akhileshgodugu
229,16807259,"Manoj L9865988","2026-09-07 11:30:33",0.94635,23,"manojl9865988,navyashettynsagae"
230,16802257,"Asterios Terzis","2026-09-05 20:51:00",0.94635,7,asteriosterzis
231,16799087,easonyanyan,"2026-09-08 17:25:37",0.94635,22,easonyanyan
232,16840930,Dubnium,"2026-09-11 00:36:46",0.94634,26,ahmetyasin1
233,16798880,Hermengardo,"2026-09-12 05:16:24",0.94634,45,hermengardo
234,16871224,"padma akash","2026-09-11 08:55:08",0.94634,2,padmaakash
235,16861090,hailillya,"2026-09-10 15:48:06",0.94634,6,hailillya
236,16865493,"Ark Medwin","2026-09-12 05:08:30",0.94634,6,benjfrank
237,16826206,"Abiram Bharathi S.A","2026-09-08 10:01:52",0.94634,27,abirambharathisa
238,16809421,yatakeuc,"2026-09-10 12:00:18",0.94634,21,yatakeuc
239,16810297,overwhelmer,"2026-09-05 16:03:39",0.94634,19,overwhelmer
240,16799484,"Charismatic Pizza Party🍕","2026-09-07 00:15:38",0.94634,5,debugendless
241,16821928,"Akalya Bharathi S A","2026-09-09 16:28:41",0.94634,18,akalyabharathisa
242,16845423,XJHya233,"2026-09-07 20:49:49",0.94633,8,xjhya233
243,16830370,KikET,"2026-09-11 13:09:06",0.94633,8,kikets
244,16832427,ASHML,"2026-09-06 22:31:44",0.94633,9,ashml
245,16846099,"sabbir hossain","2026-09-07 06:29:48",0.94633,1,sabbirhardworker
246,16841650,"Travis Reinart","2026-09-08 23:25:44",0.94633,3,travisreinart
247,16871638,aueurm,"2026-09-11 17:00:01",0.94633,2,aueurm
248,16823643,"Muneeb ul Hassan","2026-09-08 16:08:41",0.94633,7,muneeb2405
249,16808122,Ricky,"2026-09-05 06:06:50",0.94633,9,rickyds97
250,16802602,"ML learner","2026-09-11 13:52:11",0.94633,4,usermaname1
251,16823495,dragoshh1984,"2026-09-08 16:22:38",0.94633,7,dragoshh1984
252,16844525,zqh19991223,"2026-09-07 07:33:10",0.94633,13,zqh19991223
253,16802485,JungHwan,"2026-09-05 07:29:23",0.94633,10,najunghwan
254,16807117,shisan92,"2026-09-12 04:21:22",0.94633,11,shisan92
255,16799720,"Krizsó Gergely","2026-09-09 16:36:55",0.94633,22,lucifer19
256,16802581,AI6102,"2026-09-05 14:46:10",0.94633,8,"liudiandian,lymhhh666"
257,16823033,coder738,"2026-09-05 02:57:39",0.94633,1,coder738
258,16799336,Souvik_D_Biswas,"2026-09-05 07:57:06",0.94633,2,souvikdbiswas
259,16801472,"Bros 360x","2026-09-05 08:11:09",0.94633,27,"alexander683,bros360x"
260,16805265,"Silvan Müller","2026-09-05 22:21:33",0.94633,7,silvanmller
261,16806089,khgb,"2026-09-08 00:06:21",0.94633,40,khgb123
262,16809986,"Guru Prasaath S","2026-09-06 04:09:06",0.94633,3,guruprasaathas111
263,16842814,ParsaAshrafi,"2026-09-06 09:02:35",0.94633,4,parsaashrafii
264,16839411,"Patrick CHER","2026-09-07 02:38:17",0.94633,20,patrickcher
265,16832827,JeedimetlaCharan213,"2026-09-07 18:24:49",0.94633,5,jeedimetlacharan213
266,16798714,"Sung Heo","2026-09-09 02:40:52",0.94633,11,kmmmvs
267,16807684,"Sayaka Kitahara","2026-09-10 12:00:27",0.94632,10,sayakakitahara
268,16853116,"navazsh fathi","2026-09-09 07:51:07",0.94632,2,navazshfathi
269,16805476,KuziJA,"2026-09-06 23:47:43",0.94632,3,kuzija
270,16798811,sswatari,"2026-09-07 06:37:57",0.94632,18,sswatari
271,16843855,"Sumit Sarkar","2026-09-11 21:37:15",0.94632,6,"csubhradipta,sumitsarkar969,suvagpoddar"
272,16859579,CongNguyenM,"2026-09-09 12:43:24",0.94632,8,congnguyenm
273,16842060,"Rob C","2026-09-08 00:54:57",0.94631,4,robertcheah
274,16820895,Sybery_AI,"2026-09-06 21:27:10",0.94631,17,syberyai
275,16802764,cigdembal,"2026-09-11 15:29:26",0.94631,31,cigdembaloglu
276,16870733,Jingxiang,"2026-09-11 18:30:17",0.94631,5,jingxiango
277,16803528,choqui62,"2026-09-11 10:24:59",0.94631,21,choqui62
278,16841843,"Aadit Agrawal","2026-09-06 04:05:51",0.94630,8,aaditagrawal
279,16833367,"Mihir Argulkar","2026-09-07 08:13:42",0.94630,9,mihirargulkar
280,16798566,Chovy,"2026-09-10 01:00:22",0.94630,20,chovyxu
281,16799786,"Nityashmi sharma","2026-09-05 09:11:32",0.94630,20,"hargunsandhu,nityashmisharma"
282,16845576,CHCV,"2026-09-10 11:57:33",0.94630,3,chcvpz
283,16870701,"Võ Xuân Thùy","2026-09-11 16:28:45",0.94630,3,thyvxun
284,16857868,rehubinggao,"2026-09-09 12:26:37",0.94629,7,rehubinggao
285,16808993,"Akiyoshi Kinoshita","2026-09-11 13:27:36",0.94629,4,satokin13m
286,16870060,Hamachi,"2026-09-11 10:12:54",0.94629,5,hamatz
287,16798594,isthereanycode,"2026-09-04 04:21:34",0.94629,30,isthereanycode
288,16804794,avg,"2026-09-10 21:18:04",0.94629,17,alexgagloev
289,16832837,"Marie-Lou Barnaud","2026-09-08 04:17:05",0.94629,5,marieloubarnaud
290,16860307,Araki.rw,"2026-09-12 01:55:17",0.94628,4,arakirw
291,16802740,"Just Code","2026-09-11 15:37:11",0.94628,12,justcode1
292,16830559,guansuo,"2026-09-04 12:11:51",0.94628,1,guansuo
293,16828134,"Younghwan Hwang","2026-09-09 15:00:48",0.94628,8,younghwanhwang
294,16858075,Carter,"2026-09-10 22:46:26",0.94628,6,caca505
295,16805868,"Gaurab Baral","2026-09-04 13:24:59",0.94628,13,itzgauurab
296,16808813,"Muhammet Faruk Erem","2026-09-10 22:48:22",0.94628,25,muhammeterem
297,16844686,Abhinandan,"2026-09-06 22:22:09",0.94628,3,abhi8667j
298,16802824,"Liam O’Brien","2026-09-11 19:33:33",0.94628,1,liamob96
299,16806230,yukiZ,"2026-09-04 08:21:12",0.94628,3,hideyukizushi
300,16798911,Chiranjeev,"2026-09-06 04:33:06",0.94628,18,abhirajhiwale
301,16832500,"An Pham","2026-09-04 18:40:21",0.94628,8,hoang1711
302,16822664,"Dhruv Tibarewal","2026-09-07 16:24:01",0.94627,5,dhruvtibarewal
303,16877337,"Felipe Figueiredo02","2026-09-11 23:12:43",0.94627,6,felipefigueiredo02
304,16798623,"Evan Arlen Handy","2026-09-04 01:07:17",0.94627,14,evanarlenhandy
305,16805345,彭元彥,"2026-09-02 19:00:00",0.94627,6,pongpong1027
306,16871172,"Dinidu Rukshan","2026-09-11 18:04:37",0.94627,7,dinidurukshan
307,16832851,"Selim Akl","2026-09-05 13:22:49",0.94627,7,selimakl
308,16833289,"Alejandro Lopez-Rincon","2026-09-12 02:13:58",0.94627,34,alejandrolopezrincon
309,16798965,"Hussaan Haroon","2026-09-10 15:26:19",0.94626,3,hussaanharoon
310,16798882,Solid,"2026-09-11 12:43:51",0.94626,24,nizhen
311,16798905,"DYLAN GUNAWAN13331","2026-09-02 07:40:21",0.94626,11,dylangunawan13331
312,16806474,"tom c tea","2026-09-10 03:17:02",0.94626,4,tomctea
313,16798795,"(ノ◡ <)","2026-09-09 08:18:13",0.94626,8,nawfeelrahman1124444
314,16865928,"Reda Mountassir","2026-09-10 15:56:52",0.94626,7,"aribaymane61,redamountassir"
315,16819432,"Ali hussien jawad","2026-09-07 17:50:43",0.94626,14,"alihussienjawad,khalidnidawi"
316,16803858,"Elvern Neylmav Tanny","2026-09-02 15:56:27",0.94625,7,elvernneylmavtanny
317,16804076,"Renji Starfall","2026-09-03 15:19:04",0.94625,19,renjistarfall
318,16859512,"Kosuke KUWAHARA","2026-09-10 05:53:36",0.94625,5,kukukucode
319,16818192,"Augustine Williams223","2026-09-03 10:48:34",0.94625,1,augustinewilliams223
320,16801189,Keanan,"2026-09-08 19:39:30",0.94624,4,citerne
321,16828008,"Jayyanth K B","2026-09-09 13:54:18",0.94624,10,jayyanthkb
322,16852781,"Safwan Amin","2026-09-08 17:56:31",0.94624,5,bracu23101281
323,16799609,"Vinay Rai","2026-09-03 08:31:30",0.94624,3,vinay24baghira
324,16810087,CaptainNemo,"2026-09-04 17:52:33",0.94624,17,nemokaggler
325,16871380,Imcyj123,"2026-09-12 04:39:49",0.94624,10,kurase
326,16832136,huohuaya,"2026-09-06 02:13:28",0.94623,5,huohuaya
327,16841605,"Sushmit Deb","2026-09-06 21:55:41",0.94623,5,sushm17
328,16814218,人畜无害,"2026-09-04 02:24:16",0.94623,11,slowmo19
329,16848276,"Cemal Ataş","2026-09-07 19:30:42",0.94623,5,cemalata
330,16799994,"jidong Wu","2026-09-06 11:57:06",0.94622,6,jidongwu
331,16810147,"Roshan Roy","2026-09-06 12:34:06",0.94622,1,roshanroy333
332,16810885,"Gaiar Baimuratov","2026-09-03 16:35:47",0.94622,11,baimuratov
333,16832041,datarchive,"2026-09-08 16:28:41",0.94622,12,univekqls
334,16803816,Santhana,"2026-09-12 04:45:00",0.94622,3,santhanalekshmic
335,16838710,psychoTKC,"2026-09-12 04:49:55",0.94622,6,psychotkc
336,16823819,"Clark Kitchen","2026-09-05 21:14:12",0.94622,3,clarkkitchen
337,16810511,StephenNedumpally,"2026-09-02 18:06:05",0.94621,1,stephennedumpally
338,16823911,"Ahmet Bugrahan ALTUNOK","2026-09-07 00:40:01",0.94621,19,ahmetbugrahanaltunok
339,16855395,KennyHTW,"2026-09-08 19:58:46",0.94621,6,kennyhtw
340,16799922,"Anhad Mahajan","2026-09-05 18:47:11",0.94621,46,anhadmahajan06
341,16800168,MAT,"2026-09-07 12:23:00",0.94621,15,mehmetanltays
342,16811220,blacksword812,"2026-09-06 21:16:32",0.94621,19,blacksword8192
343,16833018,AsSidiq,"2026-09-05 04:05:41",0.94621,18,assidiq
344,16805721,"Rommel Sharma","2026-09-10 23:19:46",0.94621,11,rommelsharma
345,16803041,nkmr,"2026-09-10 04:34:10",0.94621,18,nicomugilove
346,16838199,"Shishir Adhikari","2026-09-07 15:32:08",0.94621,4,shishiradhikari11
347,16843561,QiYian,"2026-09-06 15:19:25",0.94620,5,uhduih123
348,16798699,ONODERA,"2026-09-04 12:19:14",0.94620,6,onodera
349,16800504,Foxure,"2026-09-03 11:10:26",0.94620,11,foxure
350,16834628,GagePeppers,"2026-09-06 02:47:52",0.94620,6,gagepeppers
351,16806494,"Lam Mo Kit ","2026-09-02 16:29:33",0.94620,3,lammokit
352,16801545,william950615,"2026-09-06 00:14:39",0.94619,21,william950615
353,16847194,"Horikita Saku","2026-09-07 12:28:52",0.94619,3,horikitasaku
354,16823003,gulfan,"2026-09-11 19:11:03",0.94619,1,gulfan
355,16823055,SDA000,"2026-09-12 00:58:55",0.94618,21,sda000
356,16808767,"BNBU YUXIANG Jiang","2026-09-12 02:57:14",0.94617,21,yuxiang328
357,16811459,GCarnovale,"2026-09-11 20:25:05",0.94617,35,gcarno
358,16799578,Nenya,"2026-09-07 19:56:28",0.94617,18,nenya17
359,16806696,米津玄師.,"2026-09-08 02:51:19",0.94617,2,useikawa
360,16827911,"Araik Tamazian","2026-09-05 19:03:59",0.94617,13,atamazian
361,16808114,"Gaurav kumar","2026-09-12 05:06:22",0.94617,4,gauravkrsinha
362,16867753,Varangians,"2026-09-11 17:32:24",0.94616,14,"rishabhp97,s171004"
363,16817920,"Juan Oliver","2026-09-10 18:52:57",0.94616,9,juanmaoliver
364,16828369,Galza98,"2026-09-04 14:47:02",0.94616,8,galza98
365,16803554,PavelLiashkov,"2026-09-03 11:12:12",0.94616,4,bigbag1983
366,16798810,kava1,"2026-09-11 06:40:21",0.94616,52,kava1
367,16832829,"Ishan Raj","2026-09-06 10:43:14",0.94616,3,mightyjiraiya
368,16799209,Rakhansyah,"2026-09-05 19:23:42",0.94616,12,rakhansyah
369,16841654,HananFish,"2026-09-07 15:36:23",0.94616,6,hananfish
370,16808616,"amaury lc","2026-09-02 14:53:32",0.94615,3,amaurylc
371,16854719,ILUNOSHA,"2026-09-11 15:03:03",0.94615,34,elu7301
372,16821052,"Adama Traore","2026-09-03 20:21:28",0.94615,10,adamstra
373,16828042,add_mul,"2026-09-05 05:24:00",0.94615,7,addmul
374,16799154,"Kodai Fukuda","2026-09-11 09:03:40",0.94615,30,kodaifukuda0311
375,16848214,insunglee0818,"2026-09-08 03:03:07",0.94615,5,insunglee0818
376,16832614,Markus.JM,"2026-09-04 23:25:42",0.94615,4,maiernator
377,16807530,falsenine,"2026-09-11 00:10:35",0.94614,5,koheishima
378,16799125,"M. Syahrindra","2026-09-03 15:22:46",0.94614,8,mochammadsasuharno
379,16823625,"Varadaraj Borkar","2026-09-08 04:03:51",0.94614,14,varadarajborkar
380,16845056,"Siddharth Patel","2026-09-11 19:58:11",0.94614,2,siddhugp
381,16843709,"Azmat Hussain","2026-09-07 16:34:58",0.94614,2,ahussai
382,16798866,"Huzaifa Mankda","2026-09-08 17:53:18",0.94614,16,huzaifa242
383,16842110,nick.ai007,"2026-09-10 07:11:29",0.94614,6,nickai007
384,16805359,rampichino,"2026-09-03 16:18:36",0.94613,3,alfreale
385,16811853,"SOUSSOU Koffi Désiré","2026-09-10 09:34:09",0.94613,11,soussoukoffidsir
386,16811838,caiguoneng,"2026-09-03 09:27:13",0.94612,5,caiguoneng
387,16798804,"Kazuhiro Masuyama","2026-09-12 02:18:19",0.94612,44,kazuhiromasuyama
388,16853354,"Eduardo Molina","2026-09-10 17:41:54",0.94612,4,eduardomolinaai
389,16814987,"Zihan Ni","2026-09-06 06:03:35",0.94612,6,lunangai
390,16814410,"Khara Han","2026-09-04 06:02:26",0.94612,13,"kharahan,zavierchen"
391,16802551,"Anurag Goyal","2026-09-03 11:46:30",0.94612,6,anuraggoyal2203
392,16838761,Wakabourne,"2026-09-05 07:53:49",0.94612,1,wakabourne
393,16839884,"MN Kaggler","2026-09-09 12:10:59",0.94612,13,mnkaggler
394,16804847,"Vladimir Demidov","2026-09-11 23:35:05",0.94612,64,yekenot
395,16847628,"Kunal Desale","2026-09-11 11:25:35",0.94612,8,kunaldesale2408
396,16843671,Soni-KR,"2026-09-07 19:25:39",0.94612,6,mouradkraiem
397,16802312,BIZEN250,"2026-09-04 07:48:36",0.94612,11,bizen250
398,16808556,"Ali Ghandi","2026-09-05 09:40:43",0.94611,9,aligh474
399,16823110,"Jan Fidor","2026-09-04 14:58:47",0.94611,19,janfidor
400,16847020,SudoShellz,"2026-09-08 04:01:06",0.94611,3,taryncampbell
401,16828109,sanny0605,"2026-09-12 03:40:02",0.94611,79,sanny0605
402,16877284,"Azamat Sadikov","2026-09-11 22:52:54",0.94611,1,azamatsadikov
403,16808265,IOE,"2026-09-05 12:39:27",0.94611,8,s1teko
404,16822859,Jeeva2470041,"2026-09-04 04:49:13",0.94611,8,jeeva2470041
405,16822442,rootxhacker,"2026-09-04 03:38:10",0.94611,3,rootxhacker
406,16841762,wis-smec,"2026-09-07 04:23:35",0.94611,6,wissmec
407,16839145,"Eshan Mehendale","2026-09-06 18:37:34",0.94610,3,eshanmehendale
408,16826089,Dule@11,"2026-09-04 18:44:32",0.94610,7,dule11
409,16847483,"StrGenIx | Laurens D'hooge","2026-09-07 11:52:20",0.94610,5,dhoogla
410,16827807,"Alpay Abbaszade","2026-09-06 17:23:37",0.94610,12,alpayabbaszade
411,16806364,"Matthew Y","2026-09-02 20:54:44",0.94610,4,cidkardi
412,16824050,"Karam Khasawneh","2026-09-04 14:47:51",0.94609,7,karamkhasawneh
413,16809375,adamdavis99,"2026-09-11 15:50:02",0.94609,4,adamdavis99
414,16809829,"Tatsuya Aramaki","2026-09-10 04:21:41",0.94609,9,tatsuyaaramaki
415,16806545,mochi0601,"2026-09-10 12:33:33",0.94609,26,mochi0601
416,16808782,"Semih Temiz","2026-09-03 21:07:00",0.94609,7,semhtemiz
417,16832242,"Pranjal Verma","2026-09-06 07:08:27",0.94609,2,pranjalverma08
418,16817747,"Olatide Bolaji","2026-09-05 20:27:14",0.94609,20,olatidebolaji
419,16802205,"Paul Shelby","2026-09-04 11:13:37",0.94609,14,paulshelby
420,16798730,"K.THARUN KUMAR","2026-09-10 18:45:45",0.94609,12,tharunkumar369
421,16802403,noam,"2026-09-03 18:10:34",0.94608,4,noamdwc
422,16799565,"Lâm Huy","2026-09-05 12:35:42",0.94608,15,lamhuy8904
423,16802720,shimizuYY,"2026-09-12 05:33:58",0.94608,18,shimizuyy
424,16799543,Finezza,"2026-09-11 16:19:10",0.94608,12,finezza
425,16798802,W-Bruno,"2026-09-03 23:49:46",0.94608,15,haoqiangzheng
426,16870992,"Aaryan Pawar","2026-09-11 15:59:36",0.94608,6,aaryanpawar16
427,16799882,"Ákos Pintér","2026-09-10 14:46:25",0.94608,99,kospintr
428,16855391,Crystal2006,"2026-09-12 02:40:24",0.94607,6,crystal2006
429,16843189,캐글리언,"2026-09-11 16:06:51",0.94607,8,kaglerian
430,16805741,"NextAura AI _ ZU","2026-09-02 08:09:58",0.94607,7,mohandabuayyash1
431,16806584,"Nithin maktha","2026-09-02 05:40:13",0.94607,1,makthanithin
432,16811749,zane666,"2026-09-05 03:40:08",0.94607,2,zane666
433,16804378,"Özgür Berke Akyol","2026-09-05 09:21:27",0.94606,13,ozgurba
434,16855316,"Jaskaran Singh","2026-09-09 18:40:22",0.94606,8,jaskaran20306
435,16811769,lyagushkerr,"2026-09-07 08:18:23",0.94606,7,lyagushkerr
436,16857742,CalebSChen,"2026-09-11 05:53:51",0.94606,15,calebschen
437,16802938,Maxim,"2026-09-04 03:05:16",0.94605,5,ektarr
438,16803921,"Mohammed Rajaa","2026-09-03 09:54:55",0.94605,9,mohammedrajaa
439,16858537,VC4,"2026-09-10 22:42:03",0.94605,7,luckyvc
440,16827164,wangxt1,"2026-09-04 08:19:48",0.94605,3,wangxt1
441,16799086,LULU,"2026-09-07 14:21:01",0.94605,13,"luluwenhaolulu,qingwending"
442,16800040,"Fabien Roduit","2026-09-10 18:07:53",0.94605,2,kamiryu
443,16842490,"AYi GUO","2026-09-08 08:42:39",0.94604,5,ayiguo
444,16808095,kminsher,"2026-09-04 09:50:45",0.94603,3,kminsher
445,16838407,"Srivatsav Kannan","2026-09-05 13:16:28",0.94603,4,srivatsavkannan
446,16803000,destroyer@123787,"2026-09-03 18:41:24",0.94603,2,destroyer123787
447,16801950,haukesteffen,"2026-09-11 21:21:03",0.94603,8,haukesteffen
448,16822718,Hoaivo,"2026-09-03 17:03:13",0.94602,3,hoaivo
449,16811462,really?,"2026-09-07 15:31:10",0.94602,4,udaken10
450,16855993,rob,"2026-09-11 08:00:03",0.94602,10,robkraseu
451,16849951,"Guy Bason","2026-09-11 13:41:00",0.94602,6,guybason
452,16859333,"raghad alsaqqa","2026-09-10 13:20:07",0.94601,5,raghadalsaqqa
453,16863351,"GeunMo Yi","2026-09-12 05:30:52",0.94601,8,geunmoyi
454,16802466,chenshiyo,"2026-09-09 10:30:54",0.94601,5,chenshiyo
455,16802712,"Michael Y. Qiu","2026-09-04 14:37:04",0.94601,3,michaelqiu0606
456,16853299,"Artem Deviatov","2026-09-08 12:55:58",0.94601,4,f12s3d45s6
457,16839321,shenjj02,"2026-09-07 03:08:33",0.94600,2,shenjj26
458,16802759,"Georgios Nikolitsis","2026-09-10 17:21:16",0.94600,45,gnikolitsis
459,16799620,"Ismail Ucuran","2026-09-03 07:46:49",0.94599,8,ismailucuran
460,16839121,WIKXY,"2026-09-10 07:54:33",0.94598,13,beneththeskin
461,16799748,"Komil Parmar","2026-09-02 07:07:08",0.94598,4,komilparmar
462,16857433,"Francisco Sánchez","2026-09-11 00:52:37",0.94598,4,fransafu
463,16798976,"Sadam Torres","2026-09-04 03:04:21",0.94598,8,sadamtorres
464,16848057,"Yunus Dermencioglu","2026-09-07 13:23:55",0.94597,2,yunusdermencioglu
465,16833371,"Irkan Alfa","2026-09-05 17:33:19",0.94597,2,irkanalfaraji
466,16861514,"Yanwei Lu","2026-09-11 10:37:22",0.94597,5,yanweilu
467,16853538,Keychain,"2026-09-08 15:26:41",0.94597,4,tomoki1126
468,16802350,"shankar lal","2026-09-01 22:09:48",0.94597,4,shankar3234
469,16829820,tkdndgus,"2026-09-05 17:27:31",0.94597,5,tkdndgus
470,16805458,Herohito,"2026-09-10 01:57:34",0.94596,5,aangphurba
471,16804933,hypecoef,"2026-09-06 15:13:02",0.94596,10,pieego
472,16806112,"Dariush Afshar","2026-09-04 03:08:33",0.94596,10,dariushafshar
473,16806707,"Bissultanov Yernar","2026-09-07 06:53:50",0.94596,3,deasoffice
474,16811538,treflow,"2026-09-03 18:43:36",0.94595,3,treflow
475,16840877,KLwin,"2026-09-11 11:44:18",0.94595,4,amanmt24013
476,16803260,Kareem,"2026-09-08 17:44:58",0.94594,3,kareemmourad
477,16802789,DinCaus,"2026-09-11 19:59:56",0.94594,30,dincaus
478,16845916,"Toshihiro Noguchi","2026-09-07 11:57:56",0.94594,2,toshihironoguchi
479,16852863,ooooosik,"2026-09-09 07:55:22",0.94593,3,ooooosik
480,16803203,oliver,"2026-09-11 19:40:46",0.94593,27,oliverlang
481,16798792,Allan,"2026-09-11 05:32:54",0.94593,3,bayntuna
482,16859100,"Youzhe Yang","2026-09-09 15:31:16",0.94593,4,youzheyang
483,16802848,Soham,"2026-09-04 18:18:48",0.94592,5,soham308
484,16809162,"kyle Taylorer","2026-09-02 15:52:54",0.94592,5,kyletaylorer
485,16806170,"Lamaq and Nastija","2026-09-10 19:01:23",0.94591,10,"lamaqdahodwala,nastijakalugina"
486,16867748,"Shohinur Pervez Shohan","2026-09-10 18:45:16",0.94591,3,shohinurpervezshohan
487,16805381,taiseiu,"2026-09-01 21:23:42",0.94591,2,taiseiu
488,16798899,"Chekhlov Dmitrii","2026-09-06 15:31:43",0.94591,2,zoli800
489,16842839,"Hyunil Yoo","2026-09-08 10:52:32",0.94591,4,hyunil91
490,16812064,"Liu Classmate","2026-09-09 04:29:41",0.94591,10,liuclassmate
491,16799371,"Rugved Bane","2026-09-10 17:47:57",0.94590,15,rugvedbane
492,16833405,islet,"2026-09-10 22:07:24",0.94590,5,kojimar
493,16858255,Wheeler,"2026-09-10 22:44:48",0.94589,6,wh1111
494,16820017,"Mika SHNHR","2026-09-11 23:55:09",0.94589,6,mikashnhr42261
495,16823630,"Ayoola Okunlola","2026-09-07 18:54:39",0.94589,4,ayoolaokunlola
496,16804907,jvachier,"2026-09-11 20:24:15",0.94589,10,jvachier
497,16811916," Lưu Khải Hưng","2026-09-10 04:57:00",0.94589,5,lukhihng
498,16870705,kimzaiyi1,"2026-09-11 05:49:13",0.94589,2,kimzaiyi1
499,16877475,OW,"2026-09-12 04:10:40",0.94588,2,oscarwei
500,16811904,"Hưng Lưu","2026-09-10 03:57:22",0.94588,7,yahhngliu
501,16798828,AbdullahSafwan333,"2026-09-09 06:20:31",0.94588,9,abdullahsafwan333
502,16809469,"Yusuf Ömer Erem","2026-09-04 19:45:11",0.94587,3,yusuferem
503,16869716,Jonaid,"2026-09-12 00:08:21",0.94587,8,jonaidshianifar
504,16798628,"Makoto Furukawa","2026-09-10 01:07:03",0.94587,16,makotofurukawa
505,16839118,"Julien Heiduk","2026-09-10 22:37:32",0.94586,28,zoupet
506,16832257,Jack,"2026-09-11 14:20:23",0.94585,11,jackg12345
507,16860127,"Jeffery Mei","2026-09-09 16:41:17",0.94584,6,callmejeffery
508,16848251,Bxckwood,"2026-09-07 21:27:52",0.94584,6,bxckwood
509,16799691,Ern711,"2026-09-10 23:04:51",0.94583,5,ern711
510,16871875,"Oliver Kinch","2026-09-11 12:56:34",0.94583,2,oliverkinch
511,16854218,"Filip Martinek","2026-09-08 21:49:16",0.94583,1,filipmartinek
512,16824071,永井松太郎,"2026-09-09 11:36:43",0.94582,8,nattomann
513,16815449,Boltuzamaki,"2026-09-03 08:31:19",0.94581,2,boltuzamaki
514,16808670,"Dr Anil Kumar Dubey","2026-09-06 06:09:29",0.94580,8,dranilkumardubey
515,16851695,qianyuatkaggle,"2026-09-08 05:02:26",0.94580,1,qianyuatkaggle
516,16839860,NynsenFaber,"2026-09-05 14:56:15",0.94579,2,nynsenfaber
517,16807881,Amaranta,"2026-09-04 03:53:18",0.94579,6,ulyanovantonamaranta
518,16804363,GurSimran,"2026-09-11 16:55:06",0.94579,11,gurseeon
519,16802421,"Ryotaro Minato","2026-09-06 14:53:20",0.94579,3,ryotarominato
520,16876087,"Zhu Lin Ch'ng","2026-09-12 03:48:07",0.94579,3,czlcode
521,16802382,rockyhg,"2026-09-09 12:54:02",0.94578,5,rockyhg
522,16809871,"Rimba Erlangga","2026-09-06 19:31:07",0.94578,39,rimbax
523,16799657,Akritas,"2026-09-02 11:43:24",0.94577,6,akritas
524,16822226,"Hande  Nur Uygun","2026-09-05 22:55:27",0.94577,13,handeuygun
525,16808288,hundun,"2026-09-04 16:25:44",0.94577,23,zhongh4oyang
526,16809558,"Ricardo Pereira","2026-09-04 15:54:14",0.94576,4,rjopereira
527,16832833,"Corbett Austin","2026-09-04 22:32:07",0.94575,2,corbettaustin
528,16823555,"Bulşah Keçici","2026-09-11 21:27:14",0.94574,1,bulsahkecici
529,16805339,"Nikhil Fotedar","2026-09-06 17:24:33",0.94574,5,nikhilfotedar
530,16858585,"Abdul Manan","2026-09-09 20:53:09",0.94574,9,abdulmanankhalid
531,16804406,dangwok,"2026-09-08 14:38:12",0.94574,2,josephdongwookkim
532,16847043,YeFeng311@outlook.com,"2026-09-08 06:16:05",0.94572,3,yefeng311outlookcom
533,16805739,"Gerald Schwartz","2026-09-03 13:36:16",0.94572,1,geraldschwartz
534,16856313,"Julianno Rogery","2026-09-09 12:43:34",0.94571,1,juliannorcs
535,16800431,NatSwamin,"2026-09-04 10:44:04",0.94571,4,natswamin
536,16801062,tuannm3812,"2026-09-04 13:12:35",0.94570,7,tuannm3812
537,16805798,"Tys TANA","2026-09-03 00:31:14",0.94570,2,tystana
538,16822923,UnfriendlyAI,"2026-09-04 18:51:17",0.94570,10,unfriendlyai
539,16823682,"Shantanu Chopra","2026-09-04 12:30:37",0.94569,2,shanchp
540,16823623,"Jocelyn Dumlao","2026-09-07 10:33:39",0.94569,2,jocelyndumlao
541,16805454,"Nishant Dhingra","2026-09-03 05:33:37",0.94568,10,nishantdhingra
542,16879072,"Arpit Jain","2026-09-12 04:50:31",0.94568,1,arpitjain5
543,16843240,"William Gladston","2026-09-11 16:26:42",0.94567,1,williamgladston
544,16866069,"ROU Senghak","2026-09-10 11:54:40",0.94567,1,rousenghak
545,16838804,None,"2026-09-07 06:10:05",0.94566,3,mdmorshalinemojumder
546,16839769,WUGAWUGA2,"2026-09-07 11:04:29",0.94565,3,wugawuga2
547,16805565,Guenoir,"2026-09-09 03:33:04",0.94565,12,joshuamichael15
548,16841283,"Black Scholes","2026-09-06 09:17:04",0.94564,3,blackscholz
549,16862572,"William Bickelmann","2026-09-12 02:12:41",0.94561,4,williambickelmann
550,16841643,amiakar,"2026-09-06 01:51:26",0.94560,2,amiakar
551,16839897,kenchanhodgkin,"2026-09-09 15:14:26",0.94558,6,kenchanhodgkin
552,16809884,"Water ground","2026-09-12 00:22:17",0.94558,25,kyumoto
553,16840555,coffeffe,"2026-09-07 20:52:41",0.94557,11,"coffeffe,vatereal"
554,16852584,InfernoTK,"2026-09-08 22:33:07",0.94557,2,infernotk
555,16848318,"Nathan Jacob","2026-09-08 12:49:03",0.94556,4,nathanjacob
556,16802998,"Yoongdoo Noh","2026-09-11 11:00:23",0.94555,39,yoongdoonoh
557,16853269,"Qiao Ke","2026-09-08 08:43:55",0.94553,1,bridgekk
558,16832502,"Mohamed Alaa Elboraay","2026-09-04 18:31:11",0.94552,1,mohamedalaa10
559,16810302,Tathagata_Ghosh_03,"2026-09-06 18:32:23",0.94549,7,tathagataghosh03
560,16803413,"Kanish Paul","2026-09-01 17:02:01",0.94549,1,kanishpaul
561,16841337,JeeHyungKim,"2026-09-08 23:04:35",0.94548,7,wilshercky
562,16828514,"Trọng tâm Nguyễn","2026-09-04 10:18:27",0.94548,1,trngtmnguyn
563,16807946,"Supanat Khaodhiar","2026-09-04 11:47:27",0.94547,1,supanatkhaodhiar
564,16854103,"Yan Slabodich","2026-09-09 12:28:15",0.94544,3,yanskij
565,16798898,"David Guzzi","2026-09-12 00:33:04",0.94544,5,davidguzzi
566,16806870,"nikolaou nikolaou","2026-09-04 06:26:11",0.94542,3,nikolaounikolaou
567,16850553,"Mark Barney","2026-09-07 22:27:45",0.94542,2,markbarney
568,16839364,"loai fahman","2026-09-05 11:49:02",0.94541,5,loaifahman
569,16830537,NikitaChubai,"2026-09-11 09:41:44",0.94541,1,nikitachubai
570,16799819,"alex chilton","2026-09-01 20:03:54",0.94540,5,alexchilton
571,16802997,K.Takahashi-1986,"2026-09-07 13:53:07",0.94540,5,ktakahashi1986
572,16836084,"Ashok Gaire","2026-09-05 03:36:45",0.94539,1,ashokgaire
573,16810797,"Bhavagna Nagisetti","2026-09-11 21:13:29",0.94538,1,bhavagnanagisetti
574,16803077,"Arizal Muluk","2026-09-11 13:20:19",0.94537,19,arizalfirdaus123
575,16802845,Pyeonggi,"2026-09-02 14:34:39",0.94533,11,pgkim42
576,16810831,"Mohsen Shahbazi","2026-09-05 18:10:35",0.94531,4,mohsenshahbazi
577,16798829,"Tian Yan666","2026-09-08 19:21:39",0.94531,8,tianyan666
578,16829821,"Raghav Agrawal","2026-09-05 11:15:38",0.94528,18,raghagra
579,16799457,Akahachi,"2026-09-09 05:49:43",0.94527,5,wordcards
580,16844031,"Hansen Zhong","2026-09-06 21:03:52",0.94525,3,onegameonedream
581,16844149,"Neha Jha","2026-09-11 12:17:36",0.94524,1,jhaneha18
582,16802895,kazkod,"2026-09-05 13:03:36",0.94515,1,kazkod
583,16799681,S-as-H,"2026-09-11 10:32:37",0.94514,44,sasha1111
584,16848429,"Alejandro Gonzalez","2026-09-09 06:12:20",0.94510,2,alejandroglzzap
585,16847933,weichy7,"2026-09-08 02:52:35",0.94510,4,weichy7
586,16803133,TBRTRL,"2026-09-11 11:11:58",0.94507,56,tbrtrl
587,16806527,Tsubasa_00,"2026-09-02 07:40:23",0.94506,1,tsubasa00
588,16799031,Ye,"2026-09-11 10:19:47",0.94503,6,gimgoon
589,16859470,"Kun J.WANG","2026-09-09 15:52:38",0.94501,2,kunjwang
590,16806639,luochen211,"2026-09-02 06:49:48",0.94501,3,luochen211
591,16800792,PeterGrundell,"2026-09-10 05:54:53",0.94501,24,petea2z
592,16799137,dengyufei,"2026-09-08 16:13:39",0.94500,39,dengyufei666
593,16799068,"river August","2026-09-03 02:50:16",0.94498,6,riveraugust
594,16846342,khursani,"2026-09-10 03:01:13",0.94496,5,khursani8
595,16809396,wcwswswws,"2026-09-12 01:31:14",0.94495,27,wcwswswws
596,16809336,"Sreejit Pradhan","2026-09-08 11:23:29",0.94494,12,sreejitpradhan
597,16828069,Soham7,"2026-09-08 14:30:35",0.94493,3,sohamsavalekar
598,16830291,"Hajime Kumami","2026-09-05 00:34:29",0.94492,1,hajimekumami
599,16801847,QuedboX,"2026-09-05 13:17:15",0.94491,5,asdfassdf
600,16802898,"Dennis SH Lai","2026-09-12 03:24:33",0.94491,9,dshihlai
601,16798598,"Trish Cornelissen","2026-09-06 15:39:29",0.94487,47,tcspecialist
602,16831227,Marton,"2026-09-05 08:59:35",0.94484,3,martonfuck
603,16802777,"S Aishvarya","2026-09-05 13:32:13",0.94482,7,saishvarya
604,16805197,"Atharva Parab","2026-09-05 04:20:11",0.94480,12,atharvaparab
605,16807971,casati8,"2026-09-08 10:05:40",0.94474,8,casati8
606,16800002,Async,"2026-09-11 14:55:41",0.94473,40,k1y0sh1
607,16798836,"Wei Hsiang Lin111","2026-09-11 01:06:14",0.94471,17,weihsianglin111
608,16862526,"Javier Hernáez","2026-09-11 18:55:51",0.94470,3,javierhernaez
609,16798937,"Nirmal Patel","2026-09-02 07:16:28",0.94470,4,nirmalpatel02
610,16806120,"Koh Saito","2026-09-03 16:16:24",0.94468,6,kohsaito
611,16832333,"Karan Tanshukh","2026-09-04 17:20:05",0.94468,1,karantanshukh
612,16800025,"Ömer Faruk Tekin","2026-09-10 09:29:35",0.94465,2,faruktekin
613,16829258,cherish_zhang,"2026-09-10 07:28:34",0.94462,4,cherishzhang
614,16808989,"Mohammad Alnajdawi","2026-09-02 14:59:44",0.94462,3,mohammadalnajdawi
615,16861663,"Ali Uysal","2026-09-11 12:57:18",0.94461,2,aliuysal11111
616,16854740,lizh2025,"2026-09-09 13:23:06",0.94459,3,lizh2025
617,16801808,"Mahabub Hasan Mamun","2026-09-10 20:41:46",0.94455,8,mahabub001cs
618,16807903,"Utkarsh Agrawal","2026-09-04 15:55:32",0.94455,3,n0va007
619,16847182,"Bitbyte gng","2026-09-11 21:32:57",0.94454,15,"abhiramdarbha,manittiwari,tannna"
620,16798600,"Busya PRIME","2026-09-06 21:50:05",0.94453,7,busyaprime
621,16808743,"Mehmet Sami Boz","2026-09-04 14:37:33",0.94452,24,mehmetsamiboz
622,16808128,Yangzhenyu,"2026-09-02 09:33:47",0.94451,2,rubyq0v0p
623,16810539,"Oleg Zagorulko","2026-09-02 19:00:12",0.94451,1,altersystem
624,16799920,"Aloe moon","2026-09-04 20:10:14",0.94451,4,aloemoon
625,16799947,"OJO EMMANUEL","2026-09-09 15:14:47",0.94450,18,ojoemmanuelnifemi
626,16846751,jimmy5566,"2026-09-09 07:36:16",0.94449,4,jimmy5566
627,16804877,"Code by Nadiia","2026-09-11 12:45:11",0.94447,12,codebynadiia
628,16823835,kakuteki,"2026-09-04 08:25:25",0.94447,1,kakuteki
629,16802480,"Владислав Мурник","2026-09-09 11:55:18",0.94447,7,adik23twhrs
630,16839516,恵輔平川,"2026-09-11 14:39:53",0.94445,14,hirakawa0k
631,16805449,"amirhossein karimiee","2026-09-12 04:23:14",0.94445,6,amirhosseinkarimiee
632,16799549,"Avinash Maurya","2026-09-02 14:21:26",0.94444,5,avinash2009
633,16848519,"Ubeen Sim","2026-09-08 12:22:00",0.94444,4,ubeensim
634,16848583,"haru fuji","2026-09-11 16:44:54",0.94443,8,harufuji
635,16852156,OneduckOneduck,"2026-09-09 04:27:33",0.94441,7,oneduckoneduck
636,16866310,"Vishal Khomane","2026-09-11 09:58:40",0.94436,1,vishal567
637,16845940,"Yug Parikh","2026-09-07 08:51:42",0.94436,2,yugparikh
638,16808814,kouchan,"2026-09-12 03:16:10",0.94427,7,kouchan0104
639,16861020,"VIKASH YADAV","2026-09-11 14:18:53",0.94427,6,vikashyadav05
640,16838684,"Prathamesh Mistry","2026-09-08 20:21:34",0.94426,2,prothomeshmistry
641,16841870,"Yamin Hossain","2026-09-06 05:04:33",0.94425,1,yaminh
642,16826494,"Justine Lopez","2026-09-07 15:26:51",0.94423,6,justinelopez
643,16814215,PrabhatAgnihotri,"2026-09-11 04:04:02",0.94423,21,prabhatagnihotri
644,16858661,Vishwa,"2026-09-10 14:10:18",0.94423,3,rv1922
645,16849473,"Bobby Clare","2026-09-08 11:33:02",0.94416,1,bobbyclare
646,16841215,"Deepak #2","2026-09-06 10:03:37",0.94410,3,deepakup85
647,16820576,"Kuba Kościan","2026-09-10 19:49:50",0.94406,26,kubakocian
648,16861800,蛤密呱,"2026-09-12 03:06:48",0.94402,10,strengle2357
649,16863006,"Oleksandr Barskyi","2026-09-09 22:24:27",0.94401,2,oleksandrbarskyi
650,16865334,Rohitt_94,"2026-09-12 02:49:11",0.94400,3,rohitt94
651,16839520,"Srishanth Sriramula","2026-09-05 12:41:21",0.94397,1,srishanthsriramula
652,16811824,"Hammad Farooq","2026-09-05 04:33:24",0.94396,5,malikhammadfarooq
653,16831000,nobuya,"2026-09-12 03:20:58",0.94396,35,kakiginobuya
654,16862236,_v_sneha2002,"2026-09-09 18:54:48",0.94394,4,vsneha2002
655,16809850,"Minghao Xia","2026-09-05 05:54:20",0.94393,3,minghaoxia
656,16845714,Joey,"2026-09-09 15:24:09",0.94392,16,joeyb114020045
657,16845174,"Dren Hakaj","2026-09-09 12:03:26",0.94392,13,drenhakaj
658,16808218,"Asmita Khaitan","2026-09-09 09:38:57",0.94391,14,khaitanasmita
659,16813612,"RISHU RAJ","2026-09-03 20:38:04",0.94391,4,rishi412
660,16803548,AndyL,"2026-09-02 21:36:38",0.94388,4,androidl
661,16799984,"Erwin Huizenga","2026-09-11 17:34:13",0.94385,44,erwinh
662,16843656,"Raju Sah","2026-09-07 15:50:37",0.94380,6,rajucode
663,16800519,"Alibay Alili","2026-09-09 18:01:51",0.94378,5,alibay
664,16798635,"Cengiz Gurel","2026-09-09 22:45:37",0.94376,2,cengizgurel
665,16856903,"Roko Torbarina","2026-09-08 23:46:05",0.94376,2,rokotorbarina
666,16857729,rejk,"2026-09-09 05:17:25",0.94368,9,rejk11
667,16827183,asterask,"2026-09-07 08:31:01",0.94367,5,cherrycokecero
668,16840715,"SaiPrasanth S Naidu","2026-09-07 18:04:05",0.94365,6,saiprasanthsnaidu
669,16831054,LYH2401,"2026-09-10 16:00:35",0.94364,3,lyh2401
670,16877532,RodneyV,"2026-09-11 22:52:41",0.94363,3,mamkwebu
671,16840184,02,"2026-09-06 14:54:18",0.94361,1,avik090
672,16804786,"Pravin Takpire","2026-09-08 04:50:55",0.94361,2,pravintakpire
673,16844490,"Ibrahim Amoo","2026-09-09 10:11:28",0.94359,3,ibrahimamoo
674,16858945,"thuan nguyen159","2026-09-09 10:51:38",0.94358,4,thuannguyen159
675,16831018,"Mir Abir Hossain","2026-09-04 20:05:15",0.94357,4,mirabirhossain
676,16868781,"Srujan Nyamagoud","2026-09-11 03:04:09",0.94353,1,srujannyamagoud
677,16818074,VnHGTBoy,"2026-09-03 12:53:31",0.94350,7,vnhgtboy
678,16808168,Corruptors,"2026-09-02 11:22:21",0.94347,2,corruptors
679,16862981,"Roberto Zanaboni","2026-09-11 22:20:42",0.94342,3,robertozanaboni
680,16822952,tespip,"2026-09-08 11:29:42",0.94340,1,tespip
681,16798565,"Gaurav Dutta","2026-09-06 00:43:41",0.94340,23,gauravduttaiiitb
682,16798789,Shailesh,"2026-09-06 13:28:14",0.94337,2,shailesh5430
683,16799875,"Siddhu Jaykay","2026-09-02 12:14:21",0.94334,5,siddhujaykay
684,16798825,"Jason Lam","2026-09-11 06:03:55",0.94332,43,jlam83
685,16798809,yanyyyzt,"2026-09-08 14:04:44",0.94330,11,yanyyyzt
686,16803933,001eander,"2026-09-03 00:27:11",0.94329,2,o01eander
687,16852777,"Göktürk Çolak","2026-09-11 14:03:09",0.94329,14,gokturkcolak
688,16852305,RainbowC0,"2026-09-11 14:00:42",0.94329,10,wenyezhou
689,16827628,"Arisa Fukuda","2026-09-09 09:06:14",0.94326,3,arisafukuda
690,16860056,"pranay gaurav","2026-09-09 19:53:14",0.94325,1,pranaygaurav
691,16837657,"Ashton Peng","2026-09-12 04:04:22",0.94324,20,ashtonpeng
692,16804647,"NAMAN TRISOLIYA","2026-09-03 13:52:52",0.94320,10,namantrisoliya
693,16805784,"Andrew Tang","2026-09-04 07:04:39",0.94320,9,andrewtangg
694,16847849,"ROHAN Exploit","2026-09-07 14:22:15",0.94320,2,rohanexploit
695,16840369,Jeremy,"2026-09-05 16:34:41",0.94313,2,jeremybetz
696,16868144,"firat yavas","2026-09-11 14:21:00",0.94312,2,firatyavas
697,16803089,"Bogdan Doicin","2026-09-11 13:56:22",0.94308,43,bogdandoicin
698,16809093,yanis_lou,"2026-09-02 12:24:28",0.94304,10,yanislou
699,16871309,Xoz17,"2026-09-12 05:13:23",0.94304,5,ajay990
700,16833189,DD_AI_Studio,"2026-09-10 15:15:39",0.94303,6,ddaistudio
701,16812070,"Shuta Takano","2026-09-11 10:45:08",0.94298,4,shutatakano
702,16808083,"Jerónimo Paiva","2026-09-02 20:48:21",0.94297,1,jernimopaiva
703,16801664,ZAOUI_Yassine,"2026-09-11 14:43:30",0.94297,27,zaouiyassine
704,16802434,"Arko Bera","2026-09-08 11:24:04",0.94294,1,cartoonistbeard
705,16840941,Daeren,"2026-09-06 12:50:55",0.94291,1,daeren
706,16809944,"Brejesh Balakrishnan","2026-09-02 19:37:51",0.94288,3,brejeshbalakrishnan
707,16799978,"Kian Maghsoodi","2026-09-04 19:17:55",0.94286,6,kizmodo
708,16867614,"Davi Méaille","2026-09-11 09:11:32",0.94286,4,davimaille
709,16845815,change167,"2026-09-09 13:04:51",0.94285,7,change167
710,16833479,pp,"2026-09-06 23:34:54",0.94284,1,refrigerator21
711,16799878,"Hữu Bình Nguyên Nguyễn","2026-09-08 03:36:48",0.94282,20,hubnhnguynnguyn
712,16842740,"Mykyta Terentiev","2026-09-09 16:05:19",0.94282,2,mykytaterentiev
713,16800246,"ARIFUDDIN R","2026-09-08 02:57:05",0.94281,7,arifuddinr
714,16801850,松田,"2026-09-07 09:16:49",0.94281,8,nekonekonekone
715,16868638,"Win Suthar","2026-09-11 22:21:22",0.94280,3,ashwanidhukra
716,16803082,"Rafael Cunha","2026-09-11 02:58:47",0.94275,2,rnascunha
717,16855204,"Anshul Chikhale","2026-09-11 12:53:02",0.94274,4,anshulchikhale
718,16828280,"Shardul Pingale","2026-09-06 00:26:06",0.94263,2,shardulpingale
719,16807740,"Latent Drive","2026-09-07 11:43:22",0.94261,4,carlmakt
720,16839540,"Xerx 350","2026-09-06 10:54:19",0.94256,3,xerx350
721,16799561,miyu.k1aras@gmail.com,"2026-09-12 02:22:55",0.94255,18,miyuk1arasgmailcom
722,16811091,"Eymen Akb","2026-09-08 22:34:18",0.94253,24,eymenakb
723,16808093,"Raiyana Rufaida","2026-09-04 17:45:20",0.94252,2,shes1r
724,16845683,"ska B222","2026-09-08 20:00:57",0.94249,4,skab222
725,16848978,"Berşan Şatır","2026-09-09 12:47:13",0.94247,4,bersanstr
726,16840560,"Renārs Paiders","2026-09-11 22:06:12",0.94245,9,renrspaiders
727,16811914,"Michael Daniel EKKA","2026-09-03 07:35:06",0.94244,4,michaeldanielioai
728,16798622,Wildata,"2026-09-06 16:51:53",0.94241,15,wildata
729,16805628,Fabbasso,"2026-09-09 00:09:52",0.94241,10,fabrizio78
730,16810834,ArnoldRosielle,"2026-09-05 20:40:26",0.94238,3,arosielle
731,16818752,JetJetGo,"2026-09-04 13:51:25",0.94233,3,psykrishna
732,16798973,FanRuijie,"2026-09-07 06:58:27",0.94231,24,ruijiefancn04
733,16802989,"Yong Jun Fai","2026-09-08 13:54:58",0.94228,6,yongjunfai
734,16813886,"Animesh Kumar","2026-09-08 09:26:49",0.94227,2,animeshuit98
735,16802044,Arukyan,"2026-09-09 13:41:44",0.94227,8,arukyan
736,16840628,luicaru,"2026-09-08 15:19:47",0.94226,2,luicaru
737,16799128,DuDuDu0,"2026-09-11 07:56:53",0.94226,7,dududu0
738,16832904,Rushikesh,"2026-09-04 22:55:28",0.94226,1,rushii23
739,16817857,"Brishav Mondal","2026-09-10 09:18:49",0.94226,6,brishavmondal
740,16803015,"Marcos Silveira","2026-09-07 15:23:14",0.94225,25,msilve
741,16808689,"Stephen Tarter","2026-09-11 21:59:08",0.94220,15,stephentarter
742,16823527,"Michał Pasiowiec","2026-09-08 20:12:19",0.94219,4,michapasiowiec
743,16847295,"Opus HRI","2026-09-08 12:53:01",0.94219,1,nilseinecke
744,16848326,Elowry,"2026-09-10 20:22:12",0.94219,3,elowry
745,16798983,malibu_orange,"2026-09-01 06:22:33",0.94218,3,malibuorange
746,16864825,casperow,"2026-09-11 12:31:31",0.94218,1,casperow
747,16809585,mgoto51004,"2026-09-10 13:38:10",0.94216,16,mgoto51004
748,16814800,"Darío López Ramos","2026-09-07 07:26:55",0.94215,6,dariolr
749,16799233,hirondelle_ken,"2026-09-01 06:10:54",0.94215,3,hirondelleken
750,16846807,"Bijay Syangtan","2026-09-09 11:11:01",0.94215,4,bijaybijay
751,16832958,mohamedahmed,"2026-09-07 16:32:28",0.94214,5,markeb
752,16857480,dtHL123,"2026-09-11 10:27:52",0.94214,4,dthl123
753,16808003,"Matilda Tasiens","2026-09-11 17:30:27",0.94213,21,matildatasiens
754,16826989,Evander,"2026-09-08 15:39:55",0.94212,9,jiaoweishen
755,16799660,seung12,"2026-09-05 15:10:54",0.94212,15,seung123
756,16802552,Systum_Phar_Denge,"2026-09-07 20:09:52",0.94212,10,jamiussiddiqui
757,16802749,PIPPI,"2026-09-10 13:06:35",0.94212,21,hayatarosu
758,16853124,hhnn,"2026-09-10 14:32:22",0.94211,2,hhnn77
759,16798956,Taka-344,"2026-09-03 04:47:13",0.94210,2,taka344
760,16798984,Abhijeet000000007,"2026-09-11 14:37:39",0.94210,18,abhijeet000000007
761,16865483,鍵山勇太,"2026-09-10 13:36:34",0.94210,4,kagiyama0730
762,16832297,user_8128,"2026-09-07 16:34:37",0.94209,2,user8128
763,16850907,FalkTobias,"2026-09-08 00:59:56",0.94209,2,falktobias
764,16805092,"Parth Sarnobat","2026-09-08 07:53:53",0.94209,9,parthsarnobat
765,16862898,WBF_USA_NYC,"2026-09-10 00:48:04",0.94207,2,wbfranci
766,16850727,"Max Tenenbaum","2026-09-12 01:50:55",0.94207,2,maxtenenbaum
767,16803027,"Andrea Moschetti","2026-09-03 19:50:37",0.94207,9,andreamoschetti
768,16823031,"Ziad Mohamed","2026-09-05 00:48:03",0.94206,7,ziadmoelsayed
769,16824679,"Akansh Verma","2026-09-05 03:55:46",0.94206,1,illuzionzz
770,16805133,"Aryan Yadav","2026-09-01 23:40:23",0.94205,1,simplexcomplex
771,16800643,Shivam,"2026-09-11 04:40:13",0.94205,9,shivamgravity
772,16808267,"Simone Mazzoli","2026-09-05 13:17:19",0.94205,16,simonemazzoli
773,16799715,"poignant padaeng","2026-09-02 12:24:56",0.94204,1,poignantpadaeng
774,16846119,"Waqar Ahmed","2026-09-07 08:16:37",0.94204,2,waqarahmed55
775,16801532,"Uğur Atlı","2026-09-01 11:15:59",0.94204,1,uuratl
776,16803201,Yuzu,"2026-09-01 22:40:41",0.94204,2,yuzuoctopus
777,16854209,"LI ZHIGANG","2026-09-09 05:02:47",0.94203,2,leezhigang
778,16808910,"Muhammad Shoaib Altaf","2026-09-03 22:35:49",0.94203,1,muhammadshoaibaltaf
779,16801031,"yann sadowski","2026-09-01 15:47:52",0.94203,3,yannsadowski
780,16808792,"Kerem Meriç","2026-09-06 17:15:21",0.94203,4,keremmeric
781,16843857,Meshwa,"2026-09-07 21:02:40",0.94203,2,meshwapatel4287
782,16848100,"Gonçalo Cravinho","2026-09-09 15:06:54",0.94203,1,gonalocravinho
783,16802048,last2k4,"2026-09-01 20:40:48",0.94203,1,last2k4
784,16828977,flag_06,"2026-09-11 13:37:05",0.94202,8,flag06
785,16860228,"Ufuk Can Ilgin","2026-09-09 12:43:26",0.94202,1,ufukcanilgin
786,16802106,"Farid Pangestu Aji","2026-09-02 20:50:10",0.94202,8,faridpangestuaji
787,16817999,"Satyam Tiwari","2026-09-11 08:51:40",0.94201,3,satyamkes
788,16859064,"SDIT030A-Shubham Oza","2026-09-11 11:02:10",0.94201,2,sdit030ashubhamoza
789,16876230,_tripathi_ji_1,"2026-09-11 15:36:57",0.94201,2,tripathiji1
790,16844568,ayse,"2026-09-12 01:12:16",0.94201,8,aysenursolmaz
791,16865421,"Greg Lipman","2026-09-11 07:28:15",0.94201,4,greglipman
792,16804981,"Emirhan Kadan","2026-09-09 19:50:53",0.94200,9,emirhankadan
793,16813778,"Gorakh Nath Singh","2026-09-03 20:26:53",0.94200,1,gorakhnathsingh
794,16803062,"Sarvesh Chhetri","2026-09-11 17:12:41",0.94200,8,sarveshchhetri
795,16845268,"Yves Emmanuel","2026-09-07 20:03:38",0.94200,6,emmanuelyves
796,16848597,"Minh Quân Đào","2026-09-07 16:28:03",0.94200,4,minhquno
797,16805395,"Alfredo Chavelas","2026-09-09 19:13:30",0.94200,7,alfredochavelas
798,16822873,hkassimi,"2026-09-07 15:35:18",0.94200,3,hkassimi
799,16828094,兄弟陪我同甘共苦，我就变同甘苦兄弟,"2026-09-11 14:56:24",0.94199,19,"typh0000n,yuanzhihao030605"
800,16845896,Tiv,"2026-09-08 13:11:55",0.94199,3,tivdiss
801,16841179,"rahul yadav","2026-09-05 21:47:13",0.94199,2,rahullalu
802,16875625,zzzzzzzzyh,"2026-09-11 20:08:49",0.94199,6,zzzzzzzzyh
803,16838817,"Roy Smith","2026-09-07 08:32:15",0.94199,3,roysmithkkkkkkkkk
804,16843048,"Deep Patil","2026-09-06 09:58:03",0.94199,2,deeppatil1
805,16868544,"Tisha Jadhav ","2026-09-11 12:59:17",0.94199,1,tishajadhav
806,16802932,"Nicole Patterson","2026-09-10 00:24:33",0.94198,3,nicolepatterson8910
807,16827146,wanglei,"2026-09-10 13:02:00",0.94198,11,wellywelly
808,16861950,"Abhishek Gupta","2026-09-11 08:30:43",0.94198,2,abhishekgupta56447
809,16802808,"Rohit Prakash Singh","2026-09-05 04:14:11",0.94198,3,rpsingh21
810,16811231,Hussain99,"2026-09-04 09:36:22",0.94197,15,hussain99
811,16799733,"Anant jain","2026-09-02 06:31:50",0.94197,4,anantjain159
812,16799138,"Malco Qoo","2026-09-06 00:17:17",0.94196,10,malcoqoo
813,16805290,Govind,"2026-09-05 13:11:01",0.94196,8,shekeloatmeal
814,16799188,"Tuấn Anh","2026-09-07 15:35:13",0.94196,7,tuananhdata
815,16820518,"Dávid Straka","2026-09-10 12:07:43",0.94196,2,dvidstraka
816,16798914,"Shinichi Monden","2026-09-11 17:43:03",0.94196,19,shinichimonden
817,16810678,"Kamonashis Halder","2026-09-10 08:41:52",0.94195,3,kamonashis
818,16798705,shushushun,"2026-09-05 10:08:27",0.94195,3,shushushun
819,16849059,"Manuel Santiago Atencio","2026-09-11 22:16:18",0.94195,9,manuelsatencio
820,16828407,"SAMARTH ZAVERI","2026-09-04 21:06:48",0.94195,3,samarthzaveri
821,16856301,"Ege Karaismailoğlu","2026-09-12 02:35:41",0.94195,20,ekarais
822,16869432,"Kélian Pons","2026-09-11 17:23:08",0.94195,9,"gwenn05,klianpons"
823,16858086,"Hiroyuki Fujimaki","2026-09-09 14:33:20",0.94194,2,hiroyukifujimaki
824,16838773,dak7sh,"2026-09-05 10:16:12",0.94193,2,dak7sh
825,16800942,"Ziad Roshdy","2026-09-10 01:20:20",0.94193,9,ziadzika
826,16831283,"Bob Kunanda","2026-09-04 18:08:55",0.94193,10,bobkunanda
827,16828565,"Kalpesh Koli","2026-09-06 05:32:06",0.94193,7,knightkai
828,16848554,Vishal7870,"2026-09-08 14:33:39",0.94193,1,vishal7870
829,16800055,AKASH_21_033_A,"2026-09-01 14:58:11",0.94193,5,akash21033a
830,16863007,Ilya,"2026-09-10 11:42:58",0.94192,5,imitusov
831,16852578,bardiagood,"2026-09-11 03:10:18",0.94191,3,bardiagood
832,16847930,tomohiroikeda,"2026-09-11 06:46:16",0.94191,6,tomohiroikeda
833,16807907,"Ababil Khoerul Imam","2026-09-02 16:15:36",0.94191,2,ababilkhoerulimam
834,16847462,kphotchara,"2026-09-07 13:56:19",0.94191,2,kphotchara
835,16860820,Sadit,"2026-09-10 07:19:38",0.94191,3,sadit12
836,16808752,Tom8710,"2026-09-11 05:38:58",0.94191,17,tomactlog
837,16847512,"Umut Doruk Öztürk","2026-09-07 15:14:18",0.94190,4,umutdorukztrk
838,16799788,"Timofej Golobokov","2026-09-07 19:16:43",0.94190,4,dymy1ry
839,16802383,"zuhal yıldırım","2026-09-02 13:34:39",0.94190,4,zuhalyldrm7
840,16807114,jdw0899,"2026-09-04 05:42:34",0.94190,1,jdw0899
841,16854889,"Rick Clauser","2026-09-08 15:13:25",0.94190,1,rickclauser
842,16802249,Zack_AI_Qu,"2026-09-07 15:56:29",0.94190,5,zackaiqu
843,16798823,privatebell,"2026-09-07 23:40:45",0.94190,2,privatebell
844,16843546,"Ilmari Leiviska","2026-09-06 14:09:51",0.94190,4,ilmarileiviska
845,16843779,"Arnav Tripathi","2026-09-06 20:04:38",0.94190,1,arnavtripathi17
846,16841020,dev_devika_2929,"2026-09-08 21:58:56",0.94190,6,devdevika2929
847,16867168,"Artyom Oganesyan","2026-09-11 19:07:44",0.94189,4,artyomoganesyan
848,16806667,Angelina986,"2026-09-09 12:39:01",0.94189,28,angelina986
849,16839957,stevvvpy,"2026-09-08 13:23:19",0.94189,1,stevenliwang
850,16802937,"Mikhail Ushakov","2026-09-01 20:12:11",0.94189,7,syndicate2k
851,16800066,"SYED HANZALA ALI SHAH","2026-09-06 16:26:16",0.94188,20,syedhanzalaalishah
852,16855338,"Gonzalo Garcia43","2026-09-09 11:30:28",0.94188,9,gonzalogarcia43
853,16875432,"Kibrewossen Tesera","2026-09-11 15:31:01",0.94188,4,kibrewossentesera
854,16826051,Ansh_Gupta2702,"2026-09-09 11:56:32",0.94188,17,anshgupta2702
855,16843525,"MOSTEFAI MOUNIR","2026-09-11 22:53:23",0.94187,4,mostefaimounir
856,16867920,KodHod,"2026-09-10 18:59:23",0.94187,5,"bbqplaza,taimahasuwan,wathit"
857,16842693,dtsroy,"2026-09-06 10:27:51",0.94187,1,dtsroy
858,16856016,"Ejiro Ugolor","2026-09-11 15:56:36",0.94187,2,ejirougolor
859,16807162,"Ari Yehuda Betser","2026-09-02 08:10:50",0.94187,3,ariyehudabetser
860,16830488,"Mohammad Barraj","2026-09-10 05:51:40",0.94187,3,mohammadbarraj
861,16847488,"Yan Tao Tang","2026-09-09 15:28:54",0.94186,5,yantaotang
862,16798954,"Aritra Dasgupta","2026-09-01 05:45:03",0.94186,10,ardagmus
863,16801009,SunSeeker染汐,"2026-09-02 11:25:59",0.94186,2,sunseekerrx
864,16850604,"Frank Bohm","2026-09-08 09:42:49",0.94186,2,frankbohm
865,16807990,"Anuj Saha","2026-09-08 11:36:44",0.94186,9,anujsaha0123456789
866,16808862,Morris_kaggle,"2026-09-07 08:11:48",0.94186,10,keisukekaggle
867,16810933,"Corey Michaud","2026-09-10 16:01:40",0.94186,4,coreymichaud
868,16840156,"Nabil NOUALI","2026-09-05 17:51:11",0.94185,2,nabilnouali
869,16805142,donkedo,"2026-09-06 15:43:58",0.94185,9,donkedo
870,16806532,"Abhijit Pise","2026-09-02 08:28:38",0.94185,8,abhijitpise
871,16839950,"Furkan Sipahi","2026-09-06 19:22:59",0.94185,1,furkansipahi
872,16811766,"Yunchi Wu","2026-09-04 09:39:48",0.94185,8,yunchiwu
873,16802897,zyq277,"2026-09-02 05:20:13",0.94184,1,zyq277
874,16849900,ZhaoWang_Leon,"2026-09-09 10:45:51",0.94184,6,zhaowangleon
875,16798874,"Syafrian Abra Hutabarat","2026-09-01 11:30:13",0.94184,2,syafrianabra
876,16833413,"yumi sato","2026-09-05 03:22:43",0.94184,2,yumisato1234
877,16825461,Krishnakdk,"2026-09-04 06:26:34",0.94184,9,krishnakdk
878,16841415,Osmond,"2026-09-05 23:15:34",0.94184,5,osmond20006
879,16809883,"Lorenzo Mansi","2026-09-05 13:34:09",0.94184,4,lollo0900
880,16844257,"Mohammad Elsayed","2026-09-09 17:43:23",0.94183,6,someotherbody
881,16831343,"Razan Ihab","2026-09-06 15:58:19",0.94183,1,razanihababdellatif
882,16809344,Harmesh,"2026-09-11 17:46:39",0.94183,2,harmesh095
883,16805225,Tigerpiotta,"2026-09-11 21:08:29",0.94183,4,tigerpiotta
884,16844504,Grace7523,"2026-09-08 15:35:27",0.94183,1,grace7523
885,16808251,"Iftekhar ahmmed","2026-09-09 04:12:06",0.94183,7,iftekhar1ahmmed
886,16832410,"Jainish Kumar","2026-09-10 18:08:47",0.94182,2,jainishkumar
887,16861339,JunGeMa1,"2026-09-11 19:16:24",0.94182,5,jungema1
888,16838603,ajimihao,"2026-09-07 10:04:42",0.94182,2,ajimihao
889,16809976,"Esma Oğuz","2026-09-06 22:54:36",0.94181,5,eoguzz
890,16806407,"Kaustubh Mukdam","2026-09-09 14:45:58",0.94181,8,kaustubhmukdam
891,16803084,"Satyam Kumar0725","2026-09-02 16:12:03",0.94181,3,satyamkumar0725
892,16799456,"Rayk Kretzschmar","2026-09-03 06:32:01",0.94181,4,raykkretzschmar
893,16815031,"Rutang Patel","2026-09-05 05:58:38",0.94180,4,rutangpatel
894,16876182,Ricard0Borges,"2026-09-11 20:36:03",0.94180,2,ricard0borges
895,16831984,golugoodboy,"2026-09-08 16:09:15",0.94180,1,prabhatkagglelearn
896,16849384,"Artyom Sayapin","2026-09-10 23:19:18",0.94180,1,spielmeister
897,16799076,"Do Hyun Nam","2026-09-02 00:29:59",0.94180,4,dollis
898,16802553,"Anurag malik00","2026-09-04 10:52:44",0.94180,3,anuragmalik00
899,16803310,"Mirko Caroleo","2026-09-06 16:48:09",0.94180,10,mirkocaroleo
900,16802856,"Joao Pedro Nascimento de Sousa","2026-09-01 16:37:26",0.94180,1,joaopedrosousan
901,16804087,JMAscacibar,"2026-09-04 11:22:36",0.94179,9,jmascacibar
902,16830469,"Louis GERVILLE-REACHE","2026-09-10 08:16:50",0.94179,6,louisgerville
903,16843254,zfzflzf,"2026-09-09 13:16:06",0.94179,8,zfzflzf
904,16800647,Nesime,"2026-09-04 07:38:51",0.94179,4,monkeybox
905,16801049,"hyhien lu","2026-09-02 12:52:36",0.94178,1,hyhienlu
906,16807201,"Prosotas dubiosa","2026-09-09 17:51:50",0.94178,1,prosotasdubiosa
907,16876094,Nihil1337,"2026-09-12 05:08:16",0.94178,5,nihil1337
908,16827009,dosomethingbetter,"2026-09-04 07:17:03",0.94178,1,dosomethingbetter
909,16875526,CHENJUNFENG,"2026-09-11 16:06:28",0.94178,5,fcjjpp
910,16843648,"Christopher Mungiria","2026-09-11 19:53:34",0.94178,12,christophermungiria
911,16805465,mike_L,"2026-09-01 22:49:54",0.94177,7,mikeloncaric
912,16810998,"De Marchi Fabio","2026-09-11 20:17:10",0.94177,4,obiaf88
913,16818709,khanhtran,"2026-09-04 07:22:25",0.94177,12,carlostran
914,16852348,KALP_LAD,"2026-09-10 23:32:40",0.94176,7,kalplad
915,16854142,"Marco Nardone","2026-09-10 21:01:23",0.94176,1,marconardone
916,16811586,rlrlrlrlrl,"2026-09-04 06:50:48",0.94176,1,rlrlrlrlrl
917,16849189,danishlaraib,"2026-09-08 02:07:22",0.94176,3,danishlaraib
918,16811960,"Mike Johnson","2026-09-12 02:36:00",0.94176,2,mrjohnsonsea
919,16871146,huijie_g,"2026-09-11 09:52:15",0.94176,4,huij11gg
920,16798798,BrentL,"2026-09-03 04:43:12",0.94176,3,brentl
921,16843247,"Gunnika Aggarwal","2026-09-06 16:14:47",0.94176,8,gunnikaggarwal
922,16806569,"Ramuni Lalith Vishnu","2026-09-06 12:30:49",0.94175,1,ramunilalithvishnu
923,16857084,"tetsuya takahashi","2026-09-10 23:15:49",0.94175,3,tetsuyatakahashi
924,16860410,"Kir Bor","2026-09-09 17:12:36",0.94175,5,abkir1
925,16812667,AaradhyaGupta,"2026-09-03 04:45:51",0.94175,1,aaradhyaguptaai
926,16802729,"Akash Jadhav","2026-09-02 11:41:42",0.94175,2,EagleOnAI
927,16809529,平野竜貴,"2026-09-07 13:02:27",0.94175,1,hiraaaaah
928,16854024,"Ruben Garcia","2026-09-10 15:41:13",0.94174,3,rubengarcia2309
929,16806555,Dev_Patel,"2026-09-02 07:36:03",0.94174,2,devpateldev
930,16842541,Rutang,"2026-09-06 09:28:44",0.94174,1,rutang2
931,16854394,as_mild_ny,"2026-09-08 14:59:56",0.94174,1,asmildny
932,16809706,"Parth Kumbhar","2026-09-03 19:11:45",0.94174,2,parthkumbhar131106
933,16811806,"Waihei Yuk","2026-09-03 06:02:27",0.94174,1,waiheiyuk
934,16798921,"Mehreen Rahman","2026-09-01 16:56:24",0.94174,1,mehreenrahman
935,16799117,"Chirapathleo Saelim","2026-09-09 05:36:09",0.94173,5,chirapathleosaelim
936,16799807,"Patrice MAZEL","2026-09-10 20:24:55",0.94173,1,patricemazel
937,16863936,SRSKhan,"2026-09-10 05:38:45",0.94173,1,srskhan
938,16807687,Dawnej,"2026-09-12 04:59:06",0.94172,17,dawnej
939,16844167,"Aleksandr Artamonov","2026-09-08 17:49:00",0.94172,6,arutamonofu
940,16808308,"Edosuyi Enosakhare","2026-09-04 09:11:18",0.94172,7,edosuyienosakhare
941,16857361,mmcuda,"2026-09-09 05:00:14",0.94172,2,mmcuda
942,16830827,"Quantum Autumn","2026-09-06 10:38:06",0.94172,15,autumnquantum
943,16854013,"Şahin Alp Akosman","2026-09-10 12:11:24",0.94172,5,sahinalpakosman
944,16803386,Jatin,"2026-09-04 09:51:33",0.94172,2,jatinkumar2005
945,16817796,Xplug-xmc,"2026-09-09 14:15:49",0.94172,2,xplugxmc
946,16802079,"Soichiro Shido","2026-09-01 10:05:49",0.94172,1,soichiroshido
947,16859192,"ARUNAGIRINATHAN K","2026-09-11 00:51:20",0.94171,9,arunsworkspace
948,16798799,"KOUSHIK KUMAR DINDA","2026-09-01 03:36:18",0.94171,1,koushikkumardinda
949,16822784,"mattéo Mathis","2026-09-04 23:05:31",0.94171,5,mattomathis
950,16799630,"Rohit Kumar","2026-09-10 03:55:05",0.94171,18,rohit4468
951,16842677,endobop,"2026-09-10 16:34:51",0.94171,4,krishanukalita
952,16841249,Royal_Mustaches,"2026-09-05 20:11:01",0.94171,1,royalmustaches
953,16846589,"Joseph D","2026-09-07 18:27:30",0.94170,2,navigatordj
954,16802216,zouxiheng,"2026-09-01 14:35:26",0.94170,10,zouxiheng
955,16798876,daihui16,"2026-09-11 03:24:58",0.94170,3,cmt1127
956,16865244,"Krissawan Boontham","2026-09-10 11:55:18",0.94170,4,krissawanboontham
957,16831055,Talhai212565,"2026-09-08 22:01:04",0.94170,1,talhai212565
958,16799785,HuiJuan.Yu,"2026-09-01 08:18:09",0.94170,4,chuyuni
959,16810744,"Muhammad Adnan Shahzad","2026-09-02 21:48:27",0.94170,1,muhammadadnanshahzad
960,16808354,"Hifza Ansari","2026-09-03 12:21:51",0.94170,1,hifzaansari
961,16802326,"Avik Das","2026-09-02 06:11:07",0.94169,2,avikdas567
962,16799185,"Satyajeet Kumar","2026-09-01 06:01:13",0.94169,2,m4rcuseryx
963,16828595,"Keep Motivated","2026-09-04 11:44:40",0.94169,2,keepmotivated
964,16847403,suiban410219,"2026-09-08 11:46:31",0.94169,5,suiban410219
965,16803985,"Seungjun Lee","2026-09-02 00:26:07",0.94169,1,seungjunleeofficial
966,16847728,"Emanuele Latino","2026-09-09 10:23:16",0.94169,2,emanuelelatino
967,16802681,Fousekhs,"2026-09-01 12:56:08",0.94169,1,fousekhs
968,16799546,"Sean Connolly","2026-09-02 02:48:38",0.94169,4,seanconnolly
969,16876158,"Mobeen Fatima","2026-09-12 04:39:43",0.94169,1,mobeenfatimah
970,16800537,e271828,"2026-09-02 01:15:14",0.94169,4,e271828ai
971,16866677,jinruixu,"2026-09-11 13:27:50",0.94169,1,jinruixu11
972,16808970,"Татьяна Кафьян","2026-09-03 13:40:03",0.94169,4,kafyantatyana
973,16854479,"Muarifatul husna","2026-09-08 15:59:44",0.94169,2,muarifatulhusna
974,16799649,DongJunKim,"2026-09-01 11:12:13",0.94169,4,kkiljh
975,16808986,Yukino487,"2026-09-02 14:52:37",0.94168,4,yukino487
976,16798715,Catadanna,"2026-09-01 09:58:12",0.94168,7,catadanna
977,16802621,Sarthak,"2026-09-03 18:15:55",0.94168,4,sarthak914
978,16835960,kansyo,"2026-09-10 11:28:43",0.94168,2,kansyo
979,16865886,Akshai_0,"2026-09-11 10:07:31",0.94168,8,akshai0
980,16817493,yihang1717,"2026-09-04 12:58:02",0.94168,1,yihang1717
981,16815012,RayHuang,"2026-09-03 12:15:48",0.94168,4,rayhuang0124
982,16866496,Fidel,"2026-09-10 17:40:28",0.94168,2,fidellusianaputri
983,16823385,"Carol Wu","2026-09-06 19:46:56",0.94168,1,phr0gg
984,16862277,"Al Hadj Hmida Chadi","2026-09-09 21:00:18",0.94168,2,alhadjhmidachadi
985,16808044,cropperash,"2026-09-04 08:46:46",0.94168,11,cropperash
986,16839327,Leeguang98,"2026-09-08 17:24:38",0.94167,2,leeguang98
987,16809348,Mrsalty,"2026-09-02 13:19:22",0.94167,1,mrsaltyx
988,16823986,"orchid Liu","2026-09-09 09:03:31",0.94167,1,orchidliu
989,16802394,"LEVAN KANKADZE","2026-09-07 17:13:32",0.94167,2,synchrocyclotron
990,16841382,"Phyo Wai Aung1","2026-09-07 22:36:25",0.94167,14,"kyawphonethant,phyowaiaung1"
991,16809973,TobiST10,"2026-09-06 22:45:29",0.94167,15,tobist10
992,16870912,"Nitesh Kanojiya","2026-09-11 13:46:03",0.94167,3,niteshk4nojiya
993,16818882,"Abdallah Hashad","2026-09-05 19:59:59",0.94167,2,abdallahhashad0
994,16798853,Marius,"2026-09-09 23:09:40",0.94167,3,mariusborel
995,16798955,skbhai07,"2026-09-02 10:22:17",0.94167,1,skbhai07
996,16864500,"Yueheng ZENG","2026-09-10 09:40:34",0.94167,1,yuehengzeng
997,16842160,ricky5932,"2026-09-06 12:57:10",0.94167,3,ricky5932
998,16831225,"Trinh Tuan Anh","2026-09-07 19:37:43",0.94166,2,trinhtuananh
999,16832693,"Oktavian Prasetya Adi","2026-09-06 05:55:57",0.94166,6,oktavianprasetyaadi
1000,16855112,Qwe_,"2026-09-09 12:07:26",0.94166,1,annchern
1001,16808674,"Vignesh Nehru","2026-09-10 14:31:20",0.94166,2,vigneshnehru
1002,16822295,"S Fukushi","2026-09-06 06:21:52",0.94166,1,sfukushi
1003,16806807,"Zeyou Zhang","2026-09-07 10:02:42",0.94166,1,zeyouzhang
1004,16806342,"Umar Tabbsum","2026-09-02 04:15:41",0.94166,1,umartabbsum
1005,16878455,"Tianle Xiang","2026-09-12 04:06:09",0.94165,6,tianlexiang
1006,16809666,Ksuke29,"2026-09-10 06:48:54",0.94165,4,keisuke20040529
1007,16871250,liulian123,"2026-09-11 07:23:44",0.94165,2,liulian123
1008,16810013,rainday,"2026-09-02 15:42:17",0.94164,1,leezhenhong10
1009,16817843,"Dannya AbdulHadi","2026-09-03 09:50:41",0.94164,1,dannyaabdulhadi
1010,16852684,"Pritesh Raj","2026-09-08 06:00:19",0.94164,1,priteshraj10
1011,16799759,hideaki_mizoue,"2026-09-01 06:53:36",0.94164,1,hideakimizoue
1012,16808343,"Ukasha Nadeem","2026-09-04 11:50:42",0.94164,9,ukashanadeem
1013,16800057,Sofia_Gilka,"2026-09-07 07:30:45",0.94164,3,sofiagilka
1014,16862342,"Yiğit Can","2026-09-09 20:16:36",0.94164,6,yiiitcan
1015,16841935,ytani,"2026-09-06 11:58:00",0.94164,3,dreamvly
1016,16799363,"Jay Soni","2026-09-03 06:19:16",0.94164,3,jaysoni4
1017,16798617,"Anim Samuel K.","2026-09-03 03:42:35",0.94163,4,animsamuelk
1018,16826542,mascham,"2026-09-04 10:20:57",0.94163,2,nchamid
1019,16862187,"Tejas Nisar","2026-09-10 18:54:28",0.94163,8,tejasnisar
1020,16799475,ZiYiMing,"2026-09-03 05:03:06",0.94163,3,ziyiming
1021,16860385,fengduan555,"2026-09-10 14:28:07",0.94163,2,fengduan555
1022,16848969,"Zoha Khawaja","2026-09-10 12:14:46",0.94163,3,zohakhawaja
1023,16838719,Residual,"2026-09-06 15:23:48",0.94163,5,debrupsarkar30111
1024,16818252,"Wondering Luffy","2026-09-03 11:38:59",0.94163,9,anhadmh
1025,16877327,simplepotato,"2026-09-11 21:32:36",0.94162,1,harshmaurya01
1026,16840271,"Pedro Rafael Sousa","2026-09-05 16:56:42",0.94162,2,pedrorafaelsousa
1027,16842041,SAURABH257,"2026-09-09 11:47:11",0.94161,4,saurabh257
1028,16806591,"Dear Shark","2026-09-02 04:55:23",0.94161,1,dearshark
1029,16859294,PuChang,"2026-09-09 09:28:11",0.94161,1,dennychang
1030,16818169,"Vinitha Raj","2026-09-06 11:43:39",0.94161,4,vinurajesh
1031,16855830,"Samuel Patton","2026-09-09 23:23:30",0.94161,7,samuelpatton22
1032,16834874,lumarigoz,"2026-09-10 02:52:01",0.94161,6,lumarigoz
1033,16843958,Rohan,"2026-09-07 16:10:04",0.94160,7,mathleteutd
1034,16806946,"Srishti Gauraha","2026-09-03 04:50:19",0.94160,4,srishtigauraha
1035,16833035,"Abderraouf Saleh Kihel","2026-09-07 13:29:59",0.94160,5,abderraoufsalehkihel
1036,16850565,"Muna Mohamed Hassan","2026-09-10 19:33:24",0.94160,5,munamohamedhassan
1037,16820717,Dexter_ML,"2026-09-03 15:35:24",0.94160,2,dexterml
1038,16824996,"Aditya kumar Jha","2026-09-12 04:47:31",0.94160,2,adityakumarjha08
1039,16870465,"Kenan Zhang9","2026-09-11 03:02:05",0.94160,1,kenanzhang9
1040,16857639,"Raja' Huwaydah Nassar","2026-09-09 05:34:35",0.94160,5,rajahuwaydahnassar
1041,16799638,"Chaitanya Jamble","2026-09-01 06:24:58",0.94160,4,chaitanyajamble
1042,16847692,"Aryaveer Gupta","2026-09-10 10:27:32",0.94160,4,aryaveergupta
1043,16861396,"Phoenix #2","2026-09-09 15:25:54",0.94159,1,seanht1
1044,16828047,"Pierpaolo Bellusci","2026-09-08 21:27:35",0.94159,1,pierpaolobellusci
1045,16804927,"Krishna Mohan","2026-09-01 18:32:39",0.94159,1,km2006
1046,16869107,fEULER30,"2026-09-11 02:03:05",0.94159,3,feuler30
1047,16819773,dongfangdaguo,"2026-09-04 14:37:43",0.94159,2,dongfangdaguo
1048,16815208,"jason vetter","2026-09-05 04:39:45",0.94159,1,jasonvetter
1049,16851351,brunoarpa,"2026-09-09 16:23:38",0.94159,2,brunoarpa
1050,16799741,"Abhishek Mishra112","2026-09-03 13:10:53",0.94159,2,abhishekmishra112
1051,16799537,dig987,"2026-09-01 10:33:12",0.94159,1,digvijayahirrao
1052,16844666,"Tleukhanov Yeraly","2026-09-06 20:03:58",0.94158,1,tleukhanovyeraly
1053,16811217,"Maks Prinko","2026-09-03 15:49:51",0.94158,1,maksprinko
1054,16841002,"Carlos Alves","2026-09-08 19:21:50",0.94158,1,carlosone
1055,16848352,KL0620,"2026-09-09 10:54:30",0.94158,4,kimlunl
1056,16858643,"Aarav Shanker","2026-09-09 08:32:30",0.94158,3,aaravshanker7
1057,16809611,"Mohammed arfan shafin","2026-09-10 03:33:29",0.94158,13,mohammedarfanshafin
1058,16857773,"Thousand Valley Field","2026-09-11 15:25:37",0.94158,7,hatakuncom
1059,16843329,"Saksham Singh","2026-09-07 08:04:48",0.94158,8,sakshamsingh0806
1060,16804934,"Shayan Zulfiqar","2026-09-11 06:08:34",0.94158,12,shayanzk
1061,16876372,Ayodeji,"2026-09-11 19:24:48",0.94157,1,ayodejiibrahimlateef
1062,16807309,stpete_ishii,"2026-09-03 05:42:31",0.94157,7,stpeteishii
1063,16839987,"Dalia Mowafy","2026-09-11 18:31:14",0.94157,3,daliamowafy7
1064,16806154,"Arun Kumar Oraon","2026-09-02 04:52:12",0.94157,1,arunkumaroraon
1065,16823206,"Erfan Hosseini","2026-09-11 21:32:49",0.94157,1,erfanhos
1066,16839965,"Sairaj Adhav","2026-09-08 01:34:38",0.94157,5,sai10py
1067,16814770,ShivamSharma,"2026-09-05 02:57:02",0.94157,2,shivamsharma89989880
1068,16868051,"Jain Hemang","2026-09-11 19:01:12",0.94157,2,jainhemang
1069,16847250,KunyinSun01,"2026-09-07 11:33:53",0.94157,1,kunyinsun01
1070,16847425,"Team Slavia","2026-09-07 10:32:35",0.94157,1,"harshpatill08,jainmanthanarvind,kambleshravanganesh"
1071,16865303,qqq12332111,"2026-09-10 11:10:14",0.94157,1,qqq12332111
1072,16809235,"Factual Explorer","2026-09-04 14:11:38",0.94157,1,factualexplorer
1073,16876177,SergioMoras,"2026-09-11 16:12:26",0.94157,2,sergiomoras
1074,16811275,"Leonardo Melniski","2026-09-03 01:18:08",0.94157,1,leonardomelniski
1075,16809110,anonymous134275,"2026-09-03 09:25:13",0.94157,13,anonymous134275
1076,16830896,Prasanna,"2026-09-04 14:04:01",0.94157,2,prasanna25
1077,16855619,"Bhumika Goyal","2026-09-08 19:59:47",0.94156,1,bhumikag27
1078,16841417,SANTOS,"2026-09-05 23:11:51",0.94156,2,sandocorp23santos
1079,16841004,"Husain Bohra","2026-09-06 08:23:36",0.94156,1,husainbohra05
1080,16844434,"Ranga Sai Shreyas7","2026-09-08 16:11:34",0.94156,1,rangasaishreyas7
1081,16816738,Kapil,"2026-09-04 05:20:52",0.94156,10,kapil3
1082,16799082,江口ゼミ,"2026-09-03 02:00:53",0.94156,1,"boritannsenzinn,ublfublf"
1083,16876453,"Shaheer Alam","2026-09-11 16:55:26",0.94156,1,mshaheeralam
1084,16804938,Koostik126,"2026-09-01 20:50:55",0.94156,1,kostya138
1085,16824571,"Will Smith","2026-09-07 23:28:01",0.94155,1,wcsmith26
1086,16799072,lighth,"2026-09-09 14:41:01",0.94155,1,lighth
1087,16841059,"Ярослав Третьяк","2026-09-06 20:28:42",0.94155,7,berch123
1088,16811627,traumt,"2026-09-03 01:39:24",0.94155,1,traumt
1089,16860611,znikola45,"2026-09-10 15:17:11",0.94155,1,zabicnikola45
1090,16825802,"geeta bamhane","2026-09-04 06:08:26",0.94155,1,geetabamhane
1091,16809681,"Tráng Phùng Văn","2026-09-03 17:16:21",0.94155,1,phungtrang
1092,16831212,Ben,"2026-09-06 04:47:35",0.94154,2,shadowjr
1093,16865758,"Marco Rava92","2026-09-10 18:00:46",0.94154,5,marcorava92
1094,16865438,"RAKSAKANTH J","2026-09-10 08:26:51",0.94154,3,raksakanthj
1095,16850067,"SHANMUKHA DATTA BODA","2026-09-11 12:21:18",0.94154,3,shanmukhadattaboda
1096,16810323,"Riya Raj","2026-09-04 12:12:13",0.94154,5,riyaraj9
1097,16802874,"mariko f.","2026-09-02 14:30:37",0.94154,3,marikof
1098,16860226,"xie daoyun","2026-09-10 11:18:39",0.94153,1,xiedaoyun
1099,16861460,desptet,"2026-09-11 10:38:44",0.94153,1,desptet
1100,16802751,"Hamza Nazim Siddiqui","2026-09-05 14:07:22",0.94153,7,"dtdoww,shreyashsiddharth"
1101,16806526,"Prince Radadiya","2026-09-03 12:18:52",0.94153,5,princeradadia
1102,16863464,"Muhamad Alexander","2026-09-10 16:52:47",0.94153,3,herons202
1103,16802771,"Gyanendra Singh Yadav","2026-09-01 14:26:39",0.94153,2,gyanendrasinghyadav
1104,16857606,"Emmanuel King Chris","2026-09-09 23:49:24",0.94153,2,emmanuelkingchris
1105,16871764,"Guneeth K","2026-09-11 08:48:04",0.94153,1,guneethk
1106,16848674,imandysaurus,"2026-09-07 19:31:05",0.94153,2,imandysaurus
1107,16876046,"Bensu Kocatepe","2026-09-11 16:59:28",0.94152,2,bensukocatepe
1108,16832122,sameer7888,"2026-09-08 04:02:22",0.94152,1,sameer7888
1109,16810411,"aggressive_elimination = True","2026-09-06 23:14:08",0.94152,3,"mcprorolexs,paperxd"
1110,16807809,"Vlad Baranceanu","2026-09-02 08:32:49",0.94152,1,vladbaranceanu
1111,16823792,"Rohit Wayal","2026-09-10 23:44:19",0.94152,4,rohitwayal12
1112,16849647,korlakunta,"2026-09-08 17:52:01",0.94152,1,korlakunta
1113,16847681,"Ferhat Metin","2026-09-07 12:56:07",0.94152,3,ferhatmetin34
1114,16810718,"Akshita Sharda","2026-09-11 18:48:33",0.94151,1,akshitasharda01
1115,16846070,"mino sussin","2026-09-09 15:23:56",0.94151,1,minosussin
1116,16832047,Egunuraka,"2026-09-07 05:01:04",0.94151,1,egunuraka
1117,16803048,"yoshiomi shimazu","2026-09-11 16:47:45",0.94151,3,yoshiomishimazu
1118,16832052,Dhruv1029,"2026-09-04 18:14:58",0.94151,1,dhruv1029
1119,16856334,"Mariyyyaa ella","2026-09-08 21:44:33",0.94150,1,mariyyyaaella
1120,16806192,EmmaL09,"2026-09-03 00:54:57",0.94150,3,emmal09
1121,16826984,"Olivia Redd","2026-09-04 10:02:45",0.94150,1,oliviaredd
1122,16829721,"Manushi Bombaywala","2026-09-04 11:34:41",0.94150,1,manushibombaywala
1123,16798564,"Ιωάννης Σταμελιάς","2026-09-03 13:47:24",0.94150,3,giannhsstamelias
1124,16839883,Darth_vader_090605,"2026-09-07 09:44:22",0.94150,1,priyanshujha090605
1125,16799782,"Diogo R. Ferreira","2026-09-01 11:35:25",0.94150,4,diogoff
1126,16856983,kaypto,"2026-09-10 11:34:50",0.94150,2,kaypto
1127,16808747,"Александр Трифонов","2026-09-02 13:16:50",0.94150,1,cybrvibe
1128,16800048,okuub11,"2026-09-01 08:31:04",0.94150,1,okuub11
1129,16868278,"Avian Ross","2026-09-10 18:44:25",0.94150,2,avianross
1130,16811711,feng,"2026-09-11 13:55:50",0.94149,1,guofungwong
1131,16800003,Itpl16,"2026-09-01 15:44:15",0.94149,4,itpl16
1132,16802686,"Argus Kern","2026-09-01 12:10:54",0.94149,1,arguskern
1133,16844341,"William Chang","2026-09-06 18:02:10",0.94149,1,williamchangyl
1134,16809769,"Aditya Kumar U","2026-09-10 06:10:38",0.94149,1,"adityakumaru,arvindlol,chashin"
1135,16855108,"Ahmed Hossam Elhawary","2026-09-11 06:16:28",0.94149,1,ahmedapolo
1136,16853247,WangDongwei15,"2026-09-10 08:14:55",0.94149,2,wangdongwei15
1137,16855094,"Anandhini ep","2026-09-10 13:59:24",0.94149,4,anandhiniep
1138,16806460,enenenhhh,"2026-09-09 04:07:29",0.94148,3,enenenhhh
1139,16843018,"Sieg Sola","2026-09-07 14:30:26",0.94148,4,siegsola
1140,16817337,"Dharmik patel Patel","2026-09-10 14:18:25",0.94148,6,dharmikpatelpatel
1141,16862332,"Jaded Llama","2026-09-11 09:11:41",0.94148,2,jadedllama
1142,16827498,zhangby5555,"2026-09-04 08:26:19",0.94148,1,zhangby5555
1143,16805629,"Bikhyat Adhikari","2026-09-02 02:24:47",0.94148,1,bikhyatadhikari
1144,16866324,"ravi AK","2026-09-10 17:55:57",0.94148,2,raviak
1145,16799015,kitayama,"2026-09-09 17:10:02",0.94147,4,kkityama
1146,16808527,"Vikas Rajpurohit","2026-09-10 13:22:13",0.94147,3,vikasrajpurohit
1147,16811109,DaTaro,"2026-09-11 22:28:47",0.94147,5,starokes
1148,16864874,"Arjjun s","2026-09-10 07:19:42",0.94147,1,arjjuns
1149,16848247,"Thanh Mân123","2026-09-08 09:22:20",0.94147,3,thanhmn123
1150,16802136,Manish,"2026-09-07 13:08:56",0.94147,2,manishpatil115
1151,16811820,"Diego Alonso Meza Delgado","2026-09-11 02:41:32",0.94147,5,diegoamd
1152,16841262,"Yahaya Kabir","2026-09-06 12:25:18",0.94147,1,yahayakabir02
1153,16849030,Ameyyy,"2026-09-07 20:03:01",0.94146,1,ameyvichave01
1154,16799274,"valentine mwai","2026-09-08 11:31:28",0.94146,3,valentinemwai
1155,16828419,"gui shan111","2026-09-04 09:35:06",0.94146,1,guishan111
1156,16804064,PANDEY21,"2026-09-02 17:43:45",0.94146,1,vivek2113
1157,16858688,"Nguyễn Bình Phú","2026-09-09 09:05:26",0.94146,2,phunguyen15456
1158,16853298,Rafif,"2026-09-08 09:23:30",0.94146,1,muhammadrafifdanuja
1159,16799718,"Vishal Kishore","2026-09-02 13:36:45",0.94146,1,kishorevishal
1160,16798953,Obzngs,"2026-09-11 13:09:44",0.94146,14,obzngs
1161,16838768,400297-จีระศักดิ์,"2026-09-05 10:37:18",0.94146,2,jeerasakananta
1162,16849233,Fatemeh_Balaei,"2026-09-12 03:19:50",0.94146,5,fatemehbalaei
1163,16829671,Meri_Petrosyaaann,"2026-09-05 18:02:27",0.94145,6,meripetrosyaaann
1164,16799469,Lelouch,"2026-09-01 13:12:21",0.94145,1,aayushh13
1165,16852972,"Akihiro koga","2026-09-09 09:15:35",0.94145,8,akihirokoga
1166,16859229,"Evel Fu","2026-09-09 14:46:49",0.94144,1,evelfu
1167,16832027,ryuksm01,"2026-09-08 06:53:41",0.94144,7,shashwatamukherjee
1168,16821861,"Mohammed Majeed","2026-09-05 15:51:44",0.94144,1,mojjeed
1169,16814169,Raphdraft,"2026-09-03 09:21:11",0.94144,1,raphdraft
1170,16858788,"Khadka PARLEE","2026-09-09 13:38:09",0.94144,2,khadkaparlee
1171,16841803,JasonDTao,"2026-09-11 14:02:03",0.94144,3,jasondtao
1172,16867270,"Triết Nguyễn","2026-09-11 13:33:11",0.94144,9,strayer1337
1173,16870719,"Thanh Vũ","2026-09-11 06:54:35",0.94143,1,messithanh2k
1174,16829041,dhseries,"2026-09-09 04:01:10",0.94143,1,hoang001
1175,16809429,"samhith nadig","2026-09-03 10:46:51",0.94143,1,samhithnadig
1176,16803701,"Carolin DJ","2026-09-08 11:31:43",0.94143,1,carolindj
1177,16839058,রোদশী,"2026-09-05 08:56:25",0.94143,1,nuzhatbintenazim
1178,16844094,fragcoder,"2026-09-06 16:09:00",0.94143,1,fragcoder
1179,16833121,Kagura_UT,"2026-09-12 02:33:45",0.94143,1,tatsuhikou
1180,16848130,P76131042蔡炘晏,"2026-09-07 13:29:06",0.94143,1,p76131042
1181,16818230,"k sheep","2026-09-08 12:19:34",0.94143,1,tomokokyonen
1182,16839263,SHIFT_R,"2026-09-05 10:00:54",0.94143,1,ryoichiro
1183,16848320,shohtani,"2026-09-11 00:39:00",0.94143,3,shohtani
1184,16817901,"Praful Tiwari1","2026-09-06 09:40:47",0.94142,23,prafultiwari1
1185,16831046,"jukai zhu","2026-09-05 02:37:47",0.94142,1,jukaizhu
1186,16852982,"Aditya Sasidhar","2026-09-08 12:41:54",0.94142,2,tadityasasidhar
1187,16805343,"Andre Endress","2026-09-06 19:49:54",0.94142,3,andreendress
1188,16804526,"SAMPAT PRAJAPAT","2026-09-03 12:33:32",0.94142,2,sampatprajapat
1189,16811442,"Estevao Smith","2026-09-03 00:51:35",0.94142,1,estevaosmith
1190,16872137,"Riad Hossain","2026-09-11 11:14:46",0.94141,2,riadhhossain
1191,16816687,momiji_free,"2026-09-09 01:50:06",0.94141,17,momijifree
1192,16805930,"Duyen Nguyen","2026-09-02 01:47:33",0.94141,1,catherine246
1193,16849241,"Matias Loukojärvi","2026-09-07 19:26:05",0.94141,1,matiasloukojrvi
1194,16831836,"Ayşe Yaşar","2026-09-04 20:21:16",0.94141,3,ayeyaar
1195,16815045,_AshwinMahawar_,"2026-09-03 11:01:10",0.94141,1,ashwinmahawar
1196,16822467,IDK_409,"2026-09-03 16:47:46",0.94141,1,idk409
1197,16802526,"Mala Yadav","2026-09-04 03:35:55",0.94141,3,mail2malayadav
1198,16799442,"Raghav Sharma 2002","2026-09-02 09:42:00",0.94140,1,raghavsharma2002
1199,16844489,"Rohit Gupta","2026-09-06 18:02:45",0.94140,1,rohitgupta1027
1200,16876681,Kiriesh,"2026-09-11 21:56:43",0.94140,1,kiriesh
1201,16804884,"Robby Internet","2026-09-01 18:09:21",0.94140,2,robbyinternet1
1202,16835567,"Chani Leon","2026-09-06 03:00:06",0.94140,4,leonchani
1203,16808154,"Grace Ganyilo","2026-09-09 08:54:07",0.94140,4,graceganyilo
1204,16855269,"Mohitraj Rathor","2026-09-10 08:22:42",0.94140,4,mohitrajrathor
1205,16807887,wcsarita,"2026-09-07 04:24:05",0.94140,2,wcsarita
1206,16799745,"Kübra Arığ","2026-09-02 07:19:44",0.94140,4,kbraar
1207,16854533,"Gnach Deraj","2026-09-10 05:10:11",0.94139,1,gnachderaj
1208,16798754,Matts6591,"2026-09-02 12:25:18",0.94139,3,mathwithmatt
1209,16809593,RudraSingh0001,"2026-09-11 16:55:50",0.94139,4,rudrasingh0001
1210,16813111,Annekyl,"2026-09-03 05:38:08",0.94139,3,annekyl
1211,16811006,yuuu-okazaki,"2026-09-02 21:15:18",0.94139,1,yuuuokazaki
1212,16823045,"Akanksha Sahai","2026-09-03 22:31:35",0.94139,2,akgoesplaces
1213,16818644,"Felix Berget","2026-09-11 08:24:30",0.94138,14,jovialkar
1214,16806097,"Krishna Anandan Ganesan","2026-09-02 02:58:56",0.94138,2,vulcanpint
1215,16844432,"Utkarsh Singh","2026-09-11 03:54:11",0.94138,1,utkarshx27
1216,16801812,"Jonathan Gusching","2026-09-01 12:57:24",0.94138,6,jonathangusching
1217,16809591,"Saurab Godse","2026-09-07 10:56:47",0.94138,2,godsesaurab
1218,16819730,"Robo Maven","2026-09-03 14:28:44",0.94138,1,robomaven
1219,16826579,xuanxuan496,"2026-09-05 13:34:09",0.94138,1,xuanxuan496
1220,16839583,"Jordan Mukaddam","2026-09-05 12:10:09",0.94137,1,jordanmukaddam
1221,16803617,VGekko,"2026-09-01 16:43:40",0.94137,1,vgekko
1222,16814721,"Kartik Sharma","2026-09-10 20:05:03",0.94137,3,kartiksharma4656
1223,16823857,"Sabit Al Juma","2026-09-08 00:04:52",0.94137,2,sabitaljuma
1224,16876294,hongquann,"2026-09-11 16:59:07",0.94137,3,hongquann
1225,16798774,"Chih-Neng Tung","2026-09-07 06:59:25",0.94137,6,chihnengtung
1226,16866274,"Manisha Gupta","2026-09-10 13:55:08",0.94137,3,manishagupta123
1227,16828688,"All over the golf","2026-09-04 12:04:20",0.94136,7,alloverthegolf
1228,16827487,JKTAN827,"2026-09-09 11:02:52",0.94136,6,jktan827
1229,16840039,karthickraja,"2026-09-05 17:42:39",0.94136,3,karthickrajas
1230,16810012,"Aryan Gupta","2026-09-12 05:43:59",0.94136,3,abacilla
1231,16799222,izumi600,"2026-09-01 09:09:00",0.94136,4,izumi600
1232,16840226,"Suyog Bewle","2026-09-05 19:43:35",0.94136,1,suyogbewle
1233,16862245,"Sohith Patha","2026-09-09 20:18:05",0.94136,1,sohithpatha
1234,16805897,kunal_singh,"2026-09-10 13:27:39",0.94135,2,kunalsingh100
1235,16800049,"Hoshi Hinata","2026-09-01 09:18:44",0.94135,1,hoshihinata
1236,16853306,"Shoko SH","2026-09-11 09:23:34",0.94135,7,shokos64
1237,16807588,"Batuhan Sülün","2026-09-07 13:01:54",0.94135,4,batuhansln
1238,16810673,"BT boilerplate","2026-09-02 20:29:31",0.94135,1,btboilerplate
1239,16803104,"Muhammad Robith","2026-09-10 14:25:12",0.94134,6,muhammadrobith
1240,16838405,"Goutam sharma","2026-09-09 17:26:00",0.94134,1,goutamsharma12
1241,16854910,baro_nht,"2026-09-08 16:51:54",0.94134,3,baronht
1242,16819926,"Sharon.n Gichira","2026-09-11 17:24:23",0.94133,14,sharonngichira
1243,16806164,SaipraneethReddyOne,"2026-09-02 02:51:54",0.94133,1,saipraneethreddyone
1244,16875482,PSRlegend7,"2026-09-11 20:44:32",0.94133,2,psrlegend7
1245,16816958,"Zobayer Abdullah","2026-09-03 10:22:58",0.94133,2,zobayerabdullah
1246,16835635,messibeatgravity,"2026-09-05 03:43:41",0.94133,1,messibeatgravity
1247,16814657,"Akash Prajapati 01","2026-09-11 16:42:51",0.94133,7,akashprajapati01
1248,16866083,"Shravani Bavkar","2026-09-10 12:01:35",0.94132,2,shravbavkar1705
1249,16853573,CNPolaris521,"2026-09-08 08:49:43",0.94132,2,cnpolaris521
1250,16853489,JIAWEILI0001,"2026-09-10 05:04:07",0.94132,30,jiaweili0001
1251,16844988,"Branko Adziev","2026-09-06 21:56:06",0.94132,2,brankoadziev
1252,16842209,Soham_Deshpande,"2026-09-11 04:55:55",0.94132,4,sohamdeshpande11
1253,16847005,"Andreas Granhøy-Lieng","2026-09-07 08:38:11",0.94131,1,andreasgranhylieng
1254,16801836,DevashishSoni123,"2026-09-01 18:47:48",0.94131,1,devashishsoni123
1255,16807196,i-za-world,"2026-09-10 01:28:49",0.94131,3,kizawa
1256,16824070,"Kimberly Sultan","2026-09-08 00:30:09",0.94130,2,ksultan
1257,16860647,Ievasss,"2026-09-09 13:52:39",0.94130,4,ievasss
1258,16865553,Severanceee,"2026-09-10 09:27:07",0.94130,1,severanceeeq
1259,16807955,acw511,"2026-09-02 08:34:11",0.94130,2,acw511
1260,16843778,"riko okada","2026-09-06 13:42:59",0.94129,1,leehu2837
1261,16823975,GN,"2026-09-05 18:02:26",0.94129,2,gns100
1262,16801810,"Anushka Kumari","2026-09-07 14:28:37",0.94129,5,kumarianushka02
1263,16799430,"Zanan Pech","2026-09-02 17:37:42",0.94129,2,zananpech
1264,16802105,"SN JAI VISHNU","2026-09-03 09:56:37",0.94128,2,"jaivishnu2006,saiharishsaids,svimalrajan"
1265,16852647,"Syed Abue Tayeb Al-Zeyed","2026-09-08 05:39:04",0.94128,2,syedabuetayebalzeyed
1266,16802071,Karan,"2026-09-05 17:07:11",0.94128,5,karan9351
1267,16822559,"Muntasir Mamun396","2026-09-04 14:54:19",0.94128,2,muntasirmamun396
1268,16866066,"joshi malav","2026-09-10 11:05:37",0.94128,2,joshimalav
1269,16832701,"Aikantic Maitra","2026-09-05 16:04:53",0.94127,3,aikanticmaitra
1270,16840350,"Mikołaj Dybizbański","2026-09-08 12:33:12",0.94127,1,mikoajdybizbaski
1271,16865297,hcbyun0408,"2026-09-12 00:04:56",0.94127,2,hcbyun0408
1272,16871921,"Md Arafat","2026-09-11 09:10:16",0.94126,1,arafat362
1273,16806818,"Nidhi Tiwari","2026-09-03 04:00:39",0.94126,1,nidhitiwari4
1274,16826564,Karrenay,"2026-09-06 02:49:13",0.94126,2,karrenay
1275,16849958,LicheA13,"2026-09-10 06:05:01",0.94125,2,lichea13
1276,16862372,"Gigin George Mathew","2026-09-09 18:22:38",0.94125,2,gigingeorgemathew
1277,16855421,"REVANTH CHOWDARY AREKATLA","2026-09-09 17:07:24",0.94125,2,revanth3897
1278,16807250,"Arin Avanoosyan","2026-09-02 21:51:46",0.94125,2,arinavanoosyan
1279,16806403,"Subhobrata Dey","2026-09-04 10:35:13",0.94124,3,sbcd90
1280,16842401,Nidhal,"2026-09-06 12:26:29",0.94123,3,znidhal
1281,16839666,"Yash Aswale","2026-09-09 16:28:36",0.94123,4,yashloq779
1282,16799500,"Muhammad Awais Tariq","2026-09-06 02:33:36",0.94122,2,muhammadawaistariq87
1283,16801470,"Rohan Dsouza","2026-09-01 09:24:01",0.94122,1,rohandsouza003
1284,16854418,"Trọng Lê","2026-09-08 18:35:20",0.94122,2,fuchonghihihi
1285,16802288,a3amaT02,"2026-09-11 21:51:13",0.94122,14,a3amat02
1286,16803904,"NAGIREDY SURYA","2026-09-03 15:24:29",0.94122,5,nagiredysurya
1287,16799135,"Aqib Raza","2026-09-01 04:02:20",0.94121,1,aqibrazadev
1288,16855616,Eagle888,"2026-09-08 18:04:22",0.94121,3,eagle888
1289,16846637,"Saad M Khan","2026-09-08 14:04:22",0.94121,1,saadkhanxdcatalyst
1290,16809386,"Shobhit kumar","2026-09-03 08:23:06",0.94121,1,shobhitkumar29
1291,16844030,rodea0952,"2026-09-10 14:41:24",0.94120,2,ryutohosokawa
1292,16878345,ineumi2_,"2026-09-12 04:42:39",0.94120,1,ineumi2
1293,16842405,"Arnav Shendurnikar","2026-09-09 05:55:58",0.94120,6,arnavshendurnikar
1294,16866216,k240042Manahil,"2026-09-10 11:27:55",0.94120,1,k240042manahil
1295,16823765,"Arda Baran Baytar","2026-09-04 02:32:04",0.94119,1,ardabaranbaytar
1296,16839214,field996,"2026-09-06 01:36:13",0.94118,1,field996
1297,16847574,"Liujin Qiu","2026-09-08 07:58:58",0.94118,1,qqiuliujin
1298,16822737,"Shaurya Handu","2026-09-03 18:26:58",0.94117,2,shauryahandu
1299,16856820,"Kolybalova Anastasia ","2026-09-09 18:38:48",0.94117,7,kolybalovaanastasia
1300,16810086,"Akash Babu","2026-09-10 20:57:53",0.94115,2,akashbabu17
1301,16803861,jakeyjokey,"2026-09-01 17:33:47",0.94115,4,jakeyjokey
1302,16802042,"Praveen Kumar Mohan","2026-09-02 14:56:39",0.94115,1,praveenkumar1818
1303,16864551,jonattanrv,"2026-09-10 06:06:53",0.94115,3,jonattanrv
1304,16868880,"Denis Zhuk","2026-09-11 08:25:41",0.94115,1,dead4an
1305,16843285,yamauchi,"2026-09-08 06:35:51",0.94115,4,yamauch1
1306,16846892,"Rintaro Tsumugi","2026-09-11 02:27:58",0.94114,1,rintarotsumugi
1307,16798912,"Elnur Bairamov","2026-09-10 02:34:03",0.94114,5,elnurbairamov
1308,16805389,"Emir Delipınar","2026-09-01 20:55:22",0.94114,3,emirdelipnar
1309,16846395,"Davit Khantadze","2026-09-11 13:42:39",0.94114,11,davitkhantadze
1310,16868039,"Lev Beloussov","2026-09-11 20:18:40",0.94113,5,lev1106
1311,16846909,qqq123321,"2026-09-07 08:26:10",0.94113,1,qqq123321
1312,16802702,"Lis Hdez","2026-09-03 14:27:09",0.94113,3,lishdez
1313,16831254,"João Felix","2026-09-08 16:19:53",0.94110,1,joaosilvafelix
1314,16799355,"Mr Robot","2026-09-01 06:16:42",0.94110,3,hngnguynnn
1315,16844637,Azzam,"2026-09-06 19:23:22",0.94110,1,iltizamhasann
1316,16839806,"Довыдовский Назар","2026-09-05 18:20:56",0.94110,1,nazzzrr
1317,16876744,"Angella Semu","2026-09-11 22:31:29",0.94108,1,angellasemu
1318,16810459,"Hoso Badalyan","2026-09-02 18:35:49",0.94108,2,hosobadalyan
1319,16805233,"Ryan Dave Fernandes","2026-09-06 08:23:47",0.94107,5,ryandavefernandes
1320,16810461,"Bekama Regasa Negewo","2026-09-03 06:20:41",0.94107,1,bekamaregasanegewo
1321,16799142,mcotton,"2026-09-08 21:16:09",0.94107,1,mcotton
1322,16845270,"Kacper Lipiec","2026-09-07 08:09:20",0.94106,1,kacperlipiec
1323,16839273,"Junya _318","2026-09-09 14:32:49",0.94105,2,junya318
1324,16808632,"Emmanuel Felix","2026-09-02 14:39:40",0.94105,1,manuelfelix
1325,16866332,Mantis,"2026-09-11 07:22:30",0.94105,1,orchidmantis
1326,16838573,"huanxian chen","2026-09-10 07:50:31",0.94105,2,huanxiachen
1327,16852940,bmax16634,"2026-09-11 18:42:47",0.94105,2,bmax16634
1328,16867511,"[Mali12]Aboubacar Diarra","2026-09-10 15:40:24",0.94105,1,aboubacardiarra1810
1329,16832100,Stormy.kaggle,"2026-09-04 19:08:15",0.94105,2,stormykaggle
1330,16864916,THARUNC,"2026-09-10 06:20:59",0.94104,1,tharunc2006
1331,16846170,Sentinels,"2026-09-07 06:40:58",0.94104,1,vaishnavik1409
1332,16848414,"Yossef Elshamy","2026-09-08 04:49:51",0.94103,3,yossefelshamy
1333,16821028,kapilsingh09,"2026-09-10 16:45:41",0.94103,1,kapilsingh99893
1334,16803869,"Kevin Villeda De Leon","2026-09-01 17:50:31",0.94102,4,kevinvilledadeleon
1335,16855296,"Akash Kailas Nagdive","2026-09-10 05:44:27",0.94101,1,akashkailasnagdive
1336,16799847,有浦大貴,"2026-09-07 04:54:25",0.94101,8,taikiariura
1337,16823320,"Orlando Virginio Penha Junior","2026-09-04 17:30:20",0.94100,1,orlandovpjunior96
1338,16840476,Qingge96,"2026-09-05 16:39:49",0.94100,1,qingge96
1339,16802689,"Andrey K.","2026-09-01 16:49:02",0.94100,3,heelhook
1340,16803239,"Mohammed Nafay Ali","2026-09-03 04:12:04",0.94100,2,mohammednafayali
1341,16810465,DavitPoghosyan2007,"2026-09-04 16:42:52",0.94100,2,davitpoghosyan2007
1342,16826596,陈思危大王,"2026-09-04 07:33:32",0.94099,1,csw2023302141216
1343,16857845,"Himanshu Dhiman","2026-09-09 04:04:09",0.94099,1,hmnshudhmn24
1344,16838435,"C.E.73 STARGAZER","2026-09-10 14:27:10",0.94099,2,hasawei
1345,16866812,"Rishi Jha","2026-09-10 14:28:40",0.94098,1,rishijha0910
1346,16806021,"Yung Kam Lun","2026-09-02 05:49:58",0.94097,1,yungkamlun
1347,16808968,"Aditya Kamtikar","2026-09-02 13:55:41",0.94097,2,adityakamtikar
1348,16805610,"Marie Victoire IPOUK","2026-09-02 22:19:11",0.94097,2,marydata
1349,16823692,"Théo Giovedi","2026-09-09 15:22:14",0.94096,1,gioveditheo
1350,16866832,"MohammadEsmaeil Nikbakhsh","2026-09-11 19:39:12",0.94095,1,ms20237
1351,16805711,shinchisaito,"2026-09-02 01:01:03",0.94095,1,shinchisaito
1352,16799075,"Monique Senjaya","2026-09-01 09:56:42",0.94094,2,moniquesenjaya
1353,16843716,DeepMind,"2026-09-12 02:21:45",0.94094,2,deepthink123
1354,16799358,"Faria Shahid","2026-09-08 06:21:46",0.94093,4,fariashahid
1355,16840902,AnkitJangir01,"2026-09-08 17:46:49",0.94093,2,ankitjangir01
1356,16829765,"George Othon","2026-09-06 01:26:16",0.94092,12,georgeothon
1357,16806684,"Akmal Azzam o'g'li","2026-09-02 09:40:16",0.94091,7,akmalmir
1358,16811029,tquinn6,"2026-09-11 20:40:59",0.94091,3,tquinn6
1359,16805461,OTA_1,"2026-09-11 15:26:00",0.94090,5,"creativesxtra,dolajyd,johnjojewale"
1360,16802685,"Luca Lullo","2026-09-09 18:02:51",0.94090,5,lucalullo
1361,16806304,ayaka.ohnishi,"2026-09-02 07:04:35",0.94090,1,ayakaohnishi
1362,16845371,Kazuhiro_Yogo,"2026-09-07 01:36:17",0.94090,1,kazuhiroyogo
1363,16845334,"Dary Cuello","2026-09-10 17:34:39",0.94089,7,skipperml
1364,16823491,Dana,"2026-09-03 21:10:38",0.94089,1,de3xie
1365,16803809,ElenaSuperWoman,"2026-09-01 16:28:28",0.94089,1,elenasuperwoman
1366,16807388,"Minh Đăng Lê","2026-09-03 03:19:06",0.94087,1,minhngle
1367,16848389,Eric,"2026-09-07 18:09:54",0.94087,3,hamstard
1368,16840457,都甲健翔,"2026-09-08 10:25:35",0.94087,2,kento628
1369,16831932,Kelimm,"2026-09-11 18:38:16",0.94087,1,kelimm
1370,16804053,"Gregory Williams","2026-09-08 00:26:13",0.94086,3,gdbwilliams
1371,16855223,datafluxlab,"2026-09-11 21:21:06",0.94086,3,datafluxlab
1372,16802354,"Alikhan Gavrilov","2026-09-03 11:59:43",0.94086,2,alikhangavrilov
1373,16819882,eisu_kgl,"2026-09-11 15:20:44",0.94085,3,eisu34
1374,16800841,OmeiOgami,"2026-09-01 11:14:29",0.94085,3,omeiogami
1375,16830905,Xhxxcc,"2026-09-08 08:54:15",0.94084,2,xhxxcc
1376,16859184,"CHEN Qiyue","2026-09-09 09:46:27",0.94084,1,hmtychen
1377,16845957,"Zaine Ancheta","2026-09-07 16:26:52",0.94082,1,zaine2k
1378,16867812,"Priya yadav","2026-09-10 18:13:33",0.94082,1,impriya12
1379,16871374,"Steven Zhu","2026-09-11 08:20:18",0.94082,4,stevenzzhu
1380,16860240,"Tanuj Saxena","2026-09-09 12:34:22",0.94082,3,tanujsaxena
1381,16805529,"Brisa Marina","2026-09-07 00:39:53",0.94081,2,brisamarina
1382,16858056,"Karolos Liveris","2026-09-09 05:54:39",0.94080,1,karolosliveris
1383,16802086,Prakash,"2026-09-10 16:43:16",0.94080,12,mlkash
1384,16845650,zzzzzql,"2026-09-07 04:49:28",0.94079,3,zzzzzql
1385,16828370,"Antonio Paul","2026-09-04 17:05:32",0.94074,1,antoniopaul
1386,16845070,Saif_Ashraf,"2026-09-10 08:38:18",0.94073,6,saifashraf232
1387,16808614,imjamj01,"2026-09-09 22:21:23",0.94073,15,takemayuj01
1388,16864942,"Dhruv Chakraborty","2026-09-10 10:23:26",0.94072,1,dhruv07321
1389,16822983,"Jobin thavu varghese","2026-09-11 07:49:39",0.94072,1,jobinv12
1390,16843900,"Dharin Dave","2026-09-09 17:49:08",0.94071,2,"dharindave120703,prathmeshkolekar"
1391,16805031,"arend jansen","2026-09-06 19:07:39",0.94070,1,arendjansen
1392,16843326,"Chirel Chi","2026-09-07 14:32:01",0.94070,1,chirelchi
1393,16798919,"Gopi Krishnan R","2026-09-01 16:55:00",0.94068,1,gopikrishnan2005
1394,16814301,"Nilesh Singh","2026-09-04 07:14:22",0.94067,1,nileshsingh09
1395,16861035,"Gauri Maruti Katkar","2026-09-09 14:22:28",0.94065,1,gaurikatkar
1396,16805227,"Lucius Neo","2026-09-04 16:54:23",0.94062,1,lucius000
1397,16809424,"Doodle Peach","2026-09-03 14:25:58",0.94060,1,doodlepeach
1398,16803280,"Pixel Pirates","2026-09-06 14:53:33",0.94060,4,"ayushkumawat108,kamalkata,piyush419"
1399,16799219,Samekto,"2026-09-01 03:57:47",0.94060,2,samekto
1400,16799853,"Aum Patel 131","2026-09-02 03:56:00",0.94058,9,aumpatel131
1401,16832489,"Sarp Esenli","2026-09-04 20:38:31",0.94057,1,sarpda
1402,16838545,"Văn FIFA","2026-09-06 01:37:48",0.94056,1,vnfifa
1403,16810453,"Arsen Ishkhanian","2026-09-02 18:32:02",0.94054,1,arsenishkhanian
1404,16808827,"Joel Rautavaara","2026-09-02 12:40:48",0.94050,1,joelrautavaara
1405,16812617,fixedstarK,"2026-09-03 17:14:21",0.94047,1,koseikaida
1406,16806595,chuan-chih,"2026-09-03 06:27:07",0.94046,3,meowlu
1407,16810130,Sivu_Nzimeni,"2026-09-11 17:35:39",0.94042,27,sivunzimeni
1408,16852548,Kunal_Anand7222,"2026-09-08 05:29:01",0.94038,1,kunalanand7222
1409,16865441,HendraDanuSaputraChauwito,"2026-09-10 09:31:04",0.94034,2,usilisme
1410,16866600,Buzzo666,"2026-09-11 14:40:54",0.94034,2,buzzo666
1411,16804919,"Hashir Shaikh","2026-09-02 18:13:40",0.94034,6,hashirmnaeem
1412,16853385,"Eshan Osman","2026-09-10 11:00:54",0.94033,2,eshanishere
1413,16799449,Dhol_Aman,"2026-09-01 06:21:50",0.94030,1,dholaman
1414,16847847,"Mahyar Rajaei","2026-09-07 14:24:22",0.94030,7,mahyarrajaei
1415,16804049,"Vijesh Kumar 45","2026-09-08 11:19:40",0.94027,1,vijeshkumar45
1416,16817864,ultrayyy,"2026-09-05 09:26:24",0.94023,2,ultrayyy
1417,16808999,Magnus,"2026-09-04 09:42:07",0.94022,2,plshelpme
1418,16842799,VaishnxviUchiha_,"2026-09-06 09:40:02",0.94019,2,vaishnxviuchiha
1419,16839908,"Mehran Kazeminia","2026-09-11 21:56:29",0.94017,17,mehrankazeminia
1420,16800206,KenRit,"2026-09-03 10:41:34",0.94016,1,kenrit
1421,16856109,"Zakaria Hanir","2026-09-08 19:25:20",0.94015,3,zakariahanir
1422,16862273,"kogul s","2026-09-09 18:55:12",0.94012,2,kogullll
1423,16873030,TanoPereira,"2026-09-11 16:06:40",0.94012,4,tanopereira
1424,16847252,yxxchh,"2026-09-07 11:59:28",0.94010,3,yxxchh
1425,16802770,s22990038,"2026-09-12 02:26:43",0.94009,11,s22990038
1426,16827814,ShivanshDut,"2026-09-04 11:00:31",0.94003,3,shivanshdut
1427,16848589,"Chirayu Gupta09","2026-09-07 21:34:45",0.93996,2,chirayugupta09
1428,16803006,DDQQ,"2026-09-04 13:10:50",0.93994,6,onjrey
1429,16851300,"yousef Elshahat","2026-09-10 15:23:47",0.93991,1,yousefelshahat2
1430,16810931,DP,"2026-09-06 16:50:57",0.93985,13,dmitrypimenov99
1431,16877852,InformaBook2,"2026-09-12 00:58:17",0.93981,4,informabook2
1432,16842123,"Vecheslav Eremeev","2026-09-06 05:36:57",0.93980,1,lorddiablo74
1433,16799464,"Ryota Tanaka","2026-09-10 22:16:54",0.93976,4,toyodart
1434,16859985,"Konrad Łykowski","2026-09-10 16:36:58",0.93975,9,konradykowski
1435,16859694,priya@1234556,"2026-09-09 10:57:58",0.93972,1,priya1234556
1436,16805185,"Juan Felipe Huan Lew Yee","2026-09-06 03:52:30",0.93969,1,felipelewyee
1437,16838813,"Baidurya Bhattacharyya","2026-09-08 16:27:11",0.93966,1,boibhai
1438,16802827,"Mina Niazizadeh","2026-09-01 16:23:38",0.93963,5,mina8888
1439,16869561,"Andrés de la Roca","2026-09-11 21:52:22",0.93963,1,andrsdelaroca
1440,16799183,"Jesmi George","2026-09-08 17:47:38",0.93962,2,jesmigeorge04
1441,16843715,puruchinera,"2026-09-08 00:14:35",0.93962,6,yoel39
1442,16798887,Danjas,"2026-09-10 19:52:43",0.93960,6,danjas
1443,16855426,"Baptiste Lesne","2026-09-08 20:02:32",0.93958,1,baptistelesne
1444,16821189,Vlodus,"2026-09-09 14:14:56",0.93957,6,vlodus
1445,16832543,"Tyler C","2026-09-04 20:56:42",0.93956,1,trc204
1446,16854051,vynie1605,"2026-09-08 12:29:23",0.93953,1,vynie1605
1447,16807901,"Tracy Porter","2026-09-02 15:37:45",0.93945,1,tracyporter
1448,16865603,"Bhagyashri Raut21","2026-09-10 11:25:48",0.93940,1,bhagyashriraut21
1449,16805256,"Manuk Mkheyan","2026-09-02 18:36:04",0.93937,3,manukmkheyan
1450,16802309,funtik,"2026-09-04 14:16:33",0.93925,5,"arsenyvetkasov,brattsew"
1451,16876799,pocapoca,"2026-09-12 05:24:23",0.93905,2,pocapoca
1452,16831119,"MSAADI ABDELLAH","2026-09-05 01:10:05",0.93886,3,msaadiabdellah
1453,16833077,"Thomas Deng","2026-09-04 23:23:41",0.93881,1,tdeng24
1454,16843576,Chandrashekar,"2026-09-06 16:46:46",0.93873,1,hermitsays
1455,16848218,"Thiago L.","2026-09-10 18:31:24",0.93868,10,thaago
1456,16810841,"christopher obuchere","2026-09-11 03:20:29",0.93838,10,owls0711
1457,16799322,"Shubham Nayak","2026-09-01 14:47:00",0.93828,5,cyborgnayak
1458,16860273,SHY舒O=v=O,"2026-09-11 09:23:32",0.93826,3,shyovo
1459,16855826,"Nathan Gilman1","2026-09-10 18:13:31",0.93807,7,nathangilman1
1460,16830307,"Padamata Dhanush","2026-09-06 13:09:10",0.93799,1,padamatadhanush
1461,16808435,Barbagrande007,"2026-09-05 12:43:34",0.93797,3,barbagrande007
1462,16815407,"SIVA S","2026-09-11 06:42:57",0.93795,90,codingmaster24
1463,16801853,Mutahar,"2026-09-07 20:31:14",0.93789,9,mmalam
1464,16814031,"Anis Rashidov","2026-09-03 14:05:14",0.93788,4,anrash001
1465,16853233,"Yashpalsinh Thakor","2026-09-08 10:42:52",0.93787,1,yashpalthakor
1466,16802806,Akniet,"2026-09-07 17:35:27",0.93787,7,aknietkusmoldayeva
1467,16805325,"Monesh Satheeswaran","2026-09-01 20:10:51",0.93786,1,moneshsatheeswaran
1468,16855076,"Muhammad Zaki Zulhamlizar","2026-09-08 17:19:17",0.93784,1,muhammadzakizulham
1469,16870434,zchen,"2026-09-11 09:49:28",0.93783,1,zchen2357
1470,16802667,"Syed Rayyan Haider","2026-09-12 05:17:26",0.93783,8,"abdulrafay2525,mabdulrafay2,syedrayyanhaider"
1471,16844806,"Jean Deutchoua","2026-09-09 12:12:55",0.93783,4,jeandeutchoua
1472,16808487,momomoran,"2026-09-02 14:07:33",0.93781,1,momomoran
1473,16856824,Taha,"2026-09-10 23:22:04",0.93780,20,tahaaf
1474,16823209,Lynatine,"2026-09-11 10:12:07",0.93776,2,lynatine
1475,16799497,Leneen,"2026-09-08 15:35:57",0.93774,1,leneen
1476,16866829,"Tien Thang Mai","2026-09-10 15:09:02",0.93773,1,tienthangmai
1477,16844980,OTA_2,"2026-09-08 08:12:12",0.93767,2,"jamiuabdullahbaba,johnchristopherm,tosinola"
1478,16829784,"Tyom Papiyan","2026-09-04 12:41:49",0.93767,2,tyompapiyan
1479,16827597,"Harsh Saharan","2026-09-11 04:41:33",0.93767,3,harshsaharan001
1480,16871073,Slug,"2026-09-11 07:54:10",0.93766,4,dusanpark
1481,16827616,YWY2002,"2026-09-11 07:07:13",0.93761,3,ywy2002
1482,16843931,madongping,"2026-09-07 06:17:32",0.93758,1,madongping
1483,16810186,"Kishore Kannan","2026-09-04 07:26:15",0.93747,6,kishorekannan123
1484,16826461,"Debojyoti Basu","2026-09-05 13:53:55",0.93743,1,debojyoti29basu
1485,16805450,aWright,"2026-09-11 22:45:56",0.93741,10,ktownactuary
1486,16854614,冲冲冲高,"2026-09-09 14:02:56",0.93738,2,rush0high
1487,16846682,ntxmai_hd,"2026-09-08 12:38:25",0.93738,4,ntxmaihd
1488,16810433,"Faruk Alıç","2026-09-02 20:00:51",0.93738,2,farukal
1489,16832417,"Anjali Khantaal","2026-09-07 19:00:07",0.93738,1,anjalikhantaal
1490,16868239,"Md. Al Amin","2026-09-11 13:00:55",0.93738,1,sialamin
0,16714052,baseline_submission.csv,"2026-08-12 18:43:47",0.93738,1,
1491,16798667,"Taylor S. Amarel","2026-09-02 16:47:53",0.93738,1,taylorsamarel
1492,16859362,pething,"2026-09-09 12:00:05",0.93738,1,pething
1493,16864856,"Harshita Lad","2026-09-10 10:02:39",0.93738,2,harshitalad
1494,16832247,"Diya Patel","2026-09-04 18:15:41",0.93737,1,diyapatel02
1495,16824877,DwijitDasari,"2026-09-04 13:11:42",0.93737,1,dwijitdasari
1496,16802654,"Dmitry C4be","2026-09-01 12:52:57",0.93737,1,dmitryc4be
1497,16838875,rsIntelligence,"2026-09-05 07:42:40",0.93737,1,rsintelligence
1498,16841618,"Avnish Ahlawat","2026-09-06 02:12:51",0.93737,1,avnishahlawat
1499,16823647,"Christian F. Badillo H.","2026-09-04 02:47:57",0.93737,2,christiaanfbadilloh
1500,16809231,"Takayanagi Sensei","2026-09-04 15:34:38",0.93736,4,takayanagisensei
1501,16829681,"Adrian Luu","2026-09-04 13:07:48",0.93731,2,adrianluu
1502,16804806,"Priyanshu Mishra","2026-09-08 15:35:36",0.93731,1,priyanshu7930
1503,16809893,"Irfan Arisani","2026-09-12 03:46:59",0.93718,1,irfanarisani
1504,16820326,benpython,"2026-09-03 16:27:23",0.93713,2,benlepers
1505,16842307,"Deepti Singh","2026-09-06 12:26:08",0.93710,1,deeptisingh3004
1506,16803644,"Philippe Coulombe","2026-09-11 15:18:21",0.93710,1,philippecoulombe
1507,16808828,vcor,"2026-09-07 09:54:39",0.93706,2,vcokaggle
1508,16877802,KJ,"2026-09-12 02:19:38",0.93702,1,jokerrt
1509,16822910,"Amit Roy Antu","2026-09-04 08:48:01",0.93702,2,amitroyantu
1510,16803920,seamanc2016,"2026-09-05 03:55:37",0.93701,1,seamanc2016
1511,16808966,"kaka m8n","2026-09-03 18:20:08",0.93701,1,kakam8n
1512,16843583,"Davin LeClair","2026-09-09 09:02:20",0.93696,2,davinleclair
1513,16818530,"Mohamed HADRICH","2026-09-03 12:56:04",0.93667,4,mohamedhadrich01
1514,16805226,JiatongLi,"2026-09-02 21:40:56",0.93665,1,jenniferjtli
1515,16840413,medraddaoui,"2026-09-06 17:53:55",0.93661,3,medraddaoui
1516,16825759,"Nagendra Gouda 125","2026-09-06 07:49:20",0.93655,2,nagendragouda125
1517,16841130,"ADITYA UPADHYAY","2026-09-06 17:06:26",0.93652,1,realaduop
1518,16808669,SriAliasBobby,"2026-09-09 20:49:26",0.93641,10,srialiasbobby
1519,16805239,"Kamil Nazarli","2026-09-11 12:56:12",0.93606,5,kamil9999
1520,16858020,"Md Tareq Shah Alam","2026-09-09 10:55:34",0.93563,1,mdtareqshahalam27
1521,16860035,simplecar,"2026-09-09 12:15:28",0.93550,1,simplecar
1522,16845408,"Creeper Thánh","2026-09-10 03:25:15",0.93483,4,creeperthnh
1523,16845192,"Sahil Naseem","2026-09-07 00:13:46",0.93436,1,sahilnaseem7
1524,16805120,"Prateek Srivastava","2026-09-06 19:48:31",0.93426,1,pratik2901
1525,16799198,cygnusterbang,"2026-09-01 07:26:30",0.93422,1,cygnusterbang
1526,16855470,"Hector D.V.","2026-09-08 20:17:42",0.93409,1,hectordv
1527,16805576,Orochimaru,"2026-09-07 23:31:44",0.93388,1,ishan8061
1528,16825670,stop__h_,"2026-09-07 03:32:27",0.93373,1,stophhh
1529,16867716,Vsevolod_progr,"2026-09-10 17:16:43",0.93340,1,vsevolodprogr
1530,16805481,"Leon Makaryan","2026-09-01 21:54:59",0.93324,1,leonmakaryan
1531,16802447,"Kanat Kozhaniyazov","2026-09-09 11:28:09",0.93324,1,kanatkozhaniyazov
1532,16804845,"abd el moujib","2026-09-01 20:31:18",0.93317,1,abdelmoujib
1533,16867635,"Boogey Man","2026-09-11 18:58:47",0.93307,10,boogey004
1534,16803754,"Priyanka Asthana","2026-09-02 17:54:28",0.93266,5,priyankasthana
1535,16853479,MachineNeil,"2026-09-08 09:14:49",0.93250,1,machineneil
1536,16809007,"Krishna Mahajan","2026-09-02 18:16:31",0.93228,1,krishna17311
1537,16845325,"Adewole Adedapo","2026-09-09 01:35:04",0.93205,1,adewoleadedapo
1538,16876763,"Toyosi Jogunola","2026-09-11 18:21:47",0.93201,1,toyosijogunola1
1539,16858634,briskwalking53,"2026-09-11 03:56:16",0.93199,1,takayukihayakawa
1540,16839552,"Deepak Reddy Kura","2026-09-10 18:07:29",0.93182,1,deepakreddykura
1541,16823293,"Troy Loeffler","2026-09-11 01:48:06",0.93154,10,troyloeffler
1542,16875483,vignesh201121,"2026-09-11 13:05:01",0.93093,1,vignesh201121
1543,16848898,CardboardTank,"2026-09-07 16:49:51",0.93087,1,cardboardtank
1544,16804793,algyier,"2026-09-03 18:59:50",0.93056,2,zyatro09
1545,16802704,"Jun Nohara","2026-09-02 11:20:29",0.93051,1,junnohara
1546,16831284,"Yuduo Wu","2026-09-05 03:47:21",0.93032,1,yuduowu
1547,16806874,DhruvPatel0113,"2026-09-02 07:58:38",0.92756,1,dhruvpatel0113
1548,16807148,"Zhong Yige","2026-09-02 07:18:52",0.92581,1,zhongyige
1549,16848116,"Enzo Cruciani","2026-09-11 13:00:00",0.92581,2,enzocruciani
1550,16801819,PHKSE7D39,"2026-09-03 07:27:00",0.92567,2,phkse7d39
1551,16798805,"Jim Gruman","2026-09-11 03:32:13",0.92560,10,jimgruman
1552,16841856,tyuyoshi,"2026-09-09 14:39:46",0.92559,1,hasegawatsuyoshi
1553,16871385,平木優花,"2026-09-11 08:52:39",0.92408,10,hiraki132131
1554,16804963,"Jonathan T","2026-09-01 19:39:46",0.92406,2,jtdataperuser
1555,16862252,bumapdumpt,"2026-09-09 20:23:54",0.92371,1,bumapdumpt
1556,16810468,"Adam Martí","2026-09-03 18:48:10",0.92303,2,adammart
1557,16841173,"Juairia Apsara","2026-09-07 00:00:45",0.92205,1,juairiaapsara
1558,16832051,"Ray Smith","2026-09-09 18:06:25",0.92048,1,rsmith851
1559,16838926,Noon,"2026-09-08 03:19:03",0.91919,1,noon555
1560,16806177,Deepak,"2026-09-07 18:15:03",0.88871,1,deepaksurya7
1561,16810471,"Swayam Bhoir","2026-09-05 15:49:01",0.88581,1,swayambhoir
1562,16808572,"Mihnea Munteanu","2026-09-02 12:46:45",0.88361,4,mihneamunteanu
1563,16798909,"Jisung woo","2026-09-02 06:00:28",0.88256,1,jisung77
1564,16810083,bourbaki,"2026-09-02 16:28:42",0.88146,2,filippogiovagnini
1565,16805566,"Hrishikesh Dhuri","2026-09-01 21:48:14",0.88110,1,hrishikeshdhuri19
1566,16799381,"Paras Gaur","2026-09-01 18:29:51",0.87908,2,animeguylrn
1567,16848899,"Daniil Pulatov","2026-09-08 16:35:24",0.87729,1,daniilpulatov
1568,16822411,"half sugerrr","2026-09-05 16:20:08",0.87626,8,halfsugerrr
1569,16811633,"Wai Mai Lydia Tsang","2026-09-11 03:17:42",0.87582,7,waimailydiatsang
1570,16807146,"Amir Sohail","2026-09-11 10:49:32",0.87482,8,amirsohail122
1571,16844514,Charlotte,"2026-09-08 15:20:40",0.87420,1,alekseus
1572,16830806,"First name Second name","2026-09-10 21:38:43",0.86992,4,bredonmwangi
1573,16879100,"Konain worsi","2026-09-12 05:44:38",0.86988,1,konainworsi
1574,16811236,BlazeAdapt,"2026-09-03 00:23:56",0.86632,1,blazeadapt
1575,16819628,"Rohit kumar211987","2026-09-04 08:10:34",0.86563,3,rohitkumar211987
1576,16844137,"Rohit Kumar #2","2026-09-07 18:50:43",0.86126,2,rohitraj264
1577,16803065,"Gauttam Jangir","2026-09-07 06:46:35",0.85345,14,gauttamjangir
1578,16865707,"Punit Parmar","2026-09-11 08:25:56",0.84391,3,punitparmar8949
1579,16832862,IMASD123,"2026-09-06 21:41:36",0.84160,1,imasd123
1580,16869709,"Felipe Livon","2026-09-11 17:16:51",0.84160,1,felipelivon
1581,16799521,"Süleyman Yılmaz","2026-09-02 10:27:19",0.82334,3,slymnylmz
1582,16875774,Darynbek,"2026-09-12 03:05:32",0.81978,2,darynbek
1583,16799269,"Abdulhay Yassir","2026-09-05 14:56:08",0.81572,1,abdulhayyassir
1584,16798985,"Heath Dingus","2026-09-01 04:21:21",0.80913,10,heathdingus
1585,16838324,"Sumit Kumar Dwivedi","2026-09-11 07:34:25",0.80829,1,sumitdwi123
1586,16851817,HotMitDev,"2026-09-08 02:05:33",0.80784,2,hotmitdev
1587,16822993,"Cuschevici Climent","2026-09-04 13:24:51",0.80735,1,cuschevicicliment
1588,16841838,the007prime,"2026-09-07 14:10:11",0.80676,2,the007prime
1589,16839764,"P.Lakshmi Sainath Reddy","2026-09-05 13:45:54",0.80664,1,plakshmisainathreddy
1590,16804821,porvani2zi,"2026-09-06 19:09:35",0.80633,1,"belyaevgleb,duckichpuckich"
1591,16848037,Kutay23,"2026-09-07 13:25:44",0.80563,1,kutay23
1592,16805441,"Beyza Durdu","2026-09-02 17:57:22",0.80490,1,beyzadurduu
1593,16840492,YMOM249,"2026-09-06 12:29:02",0.80424,1,kaggle5kaggle
1594,16879245,"Jasteg Singh","2026-09-12 05:23:37",0.80411,1,jastegsingh1234
1595,16876792,"Thales Galuchi","2026-09-12 03:43:05",0.80317,5,thalesgaluchi
1596,16842129,"Sakib Alam Jisan","2026-09-06 05:38:38",0.80312,1,sakibalamjisan
1597,16801177,AbuHelweh,"2026-09-08 12:14:28",0.80280,10,yahiaabuhelweh
1598,16876908,"Atharv Nawab","2026-09-11 20:19:51",0.80257,1,atharvnawab
1599,16864401,"Zhi1 Wang","2026-09-11 04:22:19",0.80063,1,zhi1wang
1600,16799356,"Vincentius Leonanda Prabowo","2026-09-06 07:21:27",0.80043,3,vincentius1013
1601,16831248,Kyon,"2026-09-11 12:59:56",0.76854,4,kyazaki
1602,16842135,Arif_tech,"2026-09-07 13:13:31",0.76518,1,ariftech
1603,16802339,Yashika202006,"2026-09-01 16:23:56",0.74236,1,yashika202006
1604,16867481,"Royer Elvis Moreano Condorcuya","2026-09-11 15:47:46",0.73842,1,royerelvis
1605,16832454,M1nhPh4m,"2026-09-04 18:19:44",0.67459,1,m1nhph4m
1606,16827674,"Shaikh Mohammad Hasnat ","2026-09-04 11:42:33",0.58749,1,shaikhmohammadhasnat
1607,16800107,masayasuonodera,"2026-09-11 14:23:47",0.52500,2,masayasuonodera
1608,16798650,parkjuuyeong,"2026-09-01 00:31:02",0.50000,1,parkjuuyeong
1609,16800096,"BALAJI VARA PRASAD DEGA","2026-09-01 09:08:37",0.50000,1,balajivaraprasad
1610,16802594,"Sahir Maharaj","2026-09-11 10:01:53",0.50000,11,sahirmaharajj
1611,16805611,"David Blandón","2026-09-01 22:14:41",0.50000,1,dacxj0
1612,16841153,"Test Team","2026-09-05 19:36:24",0.50000,1,"emilygrace1431998,mdabdullahalafif"
1613,16841442,"Eng Ali Mutahhar","2026-09-05 21:52:31",0.50000,1,aliree
1614,16841573,"Mohammed alnzary","2026-09-05 23:45:25",0.50000,2,mohammedalnzary
1615,16841692,TommyMSCS,"2026-09-06 02:14:50",0.50000,1,tommymscs
1616,16833151,"Vikas Seth","2026-09-06 15:46:34",0.50000,1,vikassethv
1617,16845946,lucataco,"2026-09-07 04:30:17",0.50000,1,lucataco
1618,16857481,"Nguyễn Anh Tài","2026-09-09 01:50:56",0.50000,1,tainadpln
