Rank,TeamId,TeamName,LastSubmissionDate,Score,SubmissionCount,TeamMemberUserNames
1,16798949,"Chris Deotte","2026-09-11 20:50:03",0.94672,3,cdeotte
2,16822665,Leo,"2026-09-08 10:52:33",0.94664,28,nanaresudo
3,16798625,haya,"2026-09-11 15:20:00",0.94657,35,yhay81
4,16798852,"M & M","2026-09-11 22:48:51",0.94657,54,"mahoganybuttstrings,masayakawamata"
5,16803825,"Laura Liepa","2026-09-11 20:21:13",0.94656,70,lauraliepa
6,16798784,yalpha,"2026-09-11 23:22:47",0.94655,78,yusukeimura
7,16799961,"Christoffer Thimsen","2026-09-11 18:46:46",0.94655,26,lowasitgoes
8,16858192,"Igor A","2026-09-11 09:18:21",0.94654,19,igorarapov
9,16800007,Rapha,"2026-09-11 18:23:09",0.94654,44,raphaabels
10,16799012,"Don Mani","2026-09-12 06:35:05",0.94653,36,donmarch14
11,16822208,"Jasper Dekoninck","2026-09-05 18:28:21",0.94653,16,jasperdekoninck
12,16802221,"Maher el Ouahabi","2026-09-11 18:08:39",0.94653,65,maherelouahabi
13,16843730,"Kaggler Sergio","2026-09-12 06:27:59",0.94652,10,kagglersergio
14,16798610,"Xin Feng","2026-09-11 20:38:09",0.94650,5,milanfx
15,16799914,tomasa2,"2026-09-11 22:22:27",0.94650,29,tomasa2
16,16872257,"Tomohiko Ikeda","2026-09-11 21:09:24",0.94649,7,tomohikoikedajpn
17,16805636,Optimistix,"2026-09-12 06:32:07",0.94649,91,optimistix
18,16799762,NapoleonIT,"2026-09-12 00:09:26",0.94649,54,alexfeklin1234
19,16799295,ikevayansky,"2026-09-11 06:48:14",0.94649,62,ikevayansky
20,16842157,SM30,"2026-09-11 13:09:35",0.94648,27,sagarmane104
21,16801830,Tilii,"2026-09-11 22:56:30",0.94648,66,tilii7
22,16799525,BOB,"2026-09-12 06:32:08",0.94648,85,hotpotbro
23,16840371,CG,"2026-09-10 01:47:02",0.94648,26,alexanderwang2001
24,16798614,cstdy,"2026-09-10 11:40:54",0.94648,28,kirill0212
25,16798679,"Ravi Ramakrishnan","2026-09-12 06:13:11",0.94648,40,ravi20076
26,16810800,Randy,"2026-09-11 03:16:56",0.94647,48,rvndyerwin
27,16855478,"CHEN Xiang","2026-09-12 02:34:35",0.94647,37,intoxicatinglips
28,16800764,"Mizushima Toshihiko","2026-09-12 03:11:45",0.94646,67,mizushimatoshihiko
29,16847429,scikit-learn,"2026-09-10 14:19:16",0.94646,32,scikitlearning
30,16831551,"Wenbo Qin","2026-09-11 01:25:17",0.94646,39,wenboqin
31,16823225,Aurrog,"2026-09-10 17:25:06",0.94646,15,aurrog
32,16847802,IchikaHoshino,"2026-09-12 03:07:51",0.94645,60,htunkhi
33,16872029,devsungyeon,"2026-09-12 05:47:02",0.94645,18,devsungyeon
34,16826356,"Pablo César Ruíz","2026-09-07 02:43:39",0.94645,9,pcruiher08
35,16803972,"Pradeep Sriramula","2026-09-08 20:37:26",0.94645,9,pradeep0245
36,16872249,Farazsha,"2026-09-11 10:01:01",0.94645,1,farazsha
37,16813926,"인공저능연구소( Artificial Idiocy Lab )","2026-09-12 05:49:31",0.94645,68,megayak
38,16799115,kglctf,"2026-09-12 06:23:52",0.94645,120,kglctf
39,16824841,"Faraz Shamim","2026-09-11 09:14:43",0.94645,22,mrimperium
40,16802166,"Shigeru Kondou","2026-09-09 06:15:19",0.94645,7,shigerukondou
41,16798831,Naji,"2026-09-12 02:25:08",0.94645,71,najiama
42,16799328,CyberRacoon,"2026-09-11 02:50:24",0.94645,28,racoontw
43,16799732,camurberkayy,"2026-09-11 10:02:45",0.94645,10,camurberkayy
44,16804882,elmo,"2026-09-11 10:33:46",0.94644,33,mktakizawa
45,16804441,"Andrew Leal70","2026-09-10 18:29:47",0.94644,22,andrewleal70
46,16799231,"Omkar Kadam","2026-09-11 12:47:55",0.94644,53,itzzomkar
47,16805583,jazivxt,"2026-09-12 04:35:40",0.94644,111,jazivxt
48,16808961,QSynPrim,"2026-09-12 04:20:29",0.94644,41,ksmashhero
49,16799982,"Talha Tursun","2026-09-11 08:49:59",0.94644,74,talhatursun
50,16802882,"Adithya Giridharan","2026-09-11 05:10:28",0.94644,38,adithyagiri
51,16814691,"Chinzorigt Ganbat","2026-09-11 16:39:16",0.94644,47,chinzorigtganbat
52,16864959,"Ripon C. Malo","2026-09-10 23:28:47",0.94644,2,riponce
53,16846930,Bertholdt,"2026-09-11 07:19:59",0.94644,25,bertholdt
54,16799042,F.A.Nina,"2026-09-10 20:02:02",0.94644,51,nina2025
55,16863564,"Saki Tenma","2026-09-11 12:05:59",0.94644,9,sakitenma
56,16842698,MinhTran2346,"2026-09-10 08:41:40",0.94644,36,minhtran2346
57,16865714,"UTE AI Lab","2026-09-11 06:18:29",0.94644,11,nguynchutncng
58,16866897,Algorex,"2026-09-10 13:50:15",0.94644,6,daniellebagaforomeer
59,16849097,"Diya Sharma","2026-09-10 17:08:57",0.94644,2,diyasharmanexa
60,16810015,shawncsx,"2026-09-12 03:23:03",0.94644,27,shawncsx
61,16798611,"Samuel martinez perez","2026-09-11 01:25:21",0.94644,6,samuelmartinezperez
62,16798563,"M.N. Mohamed Aman","2026-09-12 01:42:31",0.94644,59,mnmohamedaman
63,16846931,beyond-compare,"2026-09-11 07:08:40",0.94644,9,"mathqueen,xihangshan"
64,16871221,haodou092,"2026-09-11 06:22:54",0.94644,1,haodou092
65,16853876,KotaroT1,"2026-09-09 07:08:25",0.94644,8,kotarot1
66,16855994,Vanshika,"2026-09-10 09:58:40",0.94644,3,crystalbaby
67,16825448,"Arnav Goel","2026-09-11 14:25:09",0.94644,26,arnavgoel17
68,16875988,Taeyang,"2026-09-12 00:07:21",0.94644,8,taeyangg4
69,16876270,"Asem Adnan","2026-09-11 21:31:01",0.94644,10,asemadnan
70,16811961,"Fil Thinh","2026-09-10 12:27:45",0.94644,12,filthinh
71,16853244,"Vũ Tuấn","2026-09-11 17:06:31",0.94644,33,vtunksdlvnj6
72,16868621,"Code Master","2026-09-12 06:03:56",0.94644,14,abdullahmathar
73,16863612,JinchengZhang1,"2026-09-10 02:54:35",0.94644,10,jinchengzhang1
74,16802111,"Nazar Koval","2026-09-09 18:06:42",0.94644,32,miickey
75,16840013,ajikajadeh,"2026-09-11 06:49:16",0.94644,34,ajikajadeh
76,16839803,AreJain,"2026-09-10 17:21:10",0.94644,16,arejain
77,16799811,Will,"2026-09-10 20:37:14",0.94644,62,"aditya2909rb,aryankaisth,wguesdon"
78,16828175,"Gregory L.","2026-09-10 11:33:00",0.94644,9,lgregory
79,16807998,"Md Abdul Al Hasib","2026-09-11 05:57:03",0.94644,8,mdabdulalhasib
80,16848028,Kirderf,"2026-09-10 21:18:49",0.94644,21,kirderf
81,16856887,Aamod06,"2026-09-10 09:41:55",0.94644,4,aamod06
82,16803030,"Hoai Vo","2026-09-09 15:16:45",0.94644,45,vkhoai
83,16798803,AnthonyTherrien,"2026-09-11 00:28:20",0.94644,11,anthonytherrien
84,16806374,"Ronit Agarwal","2026-09-09 22:30:53",0.94644,19,"boandme,ronitagarwal1,shauryasahdev2"
85,16853864,"Ritanshu Prasad","2026-09-10 06:46:25",0.94644,2,ritanshuprasad
86,16866502,"Aniket Abhishek Soni","2026-09-10 12:11:03",0.94644,1,aniketsoni
87,16848410,takemo,"2026-09-11 01:20:43",0.94644,18,takemoriyuto
88,16808677,Funguscakehead,"2026-09-12 02:43:37",0.94644,7,funguscakehead
89,16849496,PapaSoda,"2026-09-09 17:08:57",0.94644,5,papasoda
90,16823977,"Guilherme Raiuga","2026-09-12 02:31:34",0.94644,21,guilhermeraiuga
91,16804861,RuiFSPinto,"2026-09-11 09:30:16",0.94644,33,ruifspinto
92,16860962,"Suraj Kumar Nanda","2026-09-11 18:39:22",0.94644,27,surajkumarnanda
93,16798723,ganesha,"2026-09-11 06:14:15",0.94644,4,"naveenjv12,ramjv6"
94,16870380,"Tejasv Bhatia","2026-09-12 00:18:04",0.94644,7,tejasvbhatia
95,16799784,"Mathurin Ache","2026-09-10 07:24:12",0.94643,6,mathurinache
96,16809918,aliemirkoca,"2026-09-10 08:26:50",0.94643,21,aliemirkoca
97,16814953,ypl0lpy,"2026-09-09 06:29:49",0.94643,22,ypl0lpy
98,16817896,famou,"2026-09-12 03:12:24",0.94643,13,lihuaiming
99,16799685,starkhushi,"2026-09-11 07:13:55",0.94643,46,starkhushi
100,16831827,"nick gault","2026-09-12 00:17:26",0.94643,22,nicholasgg
101,16848963,DefiAudit,"2026-09-10 22:12:43",0.94643,21,defiaudit
102,16799752,"Romone Dunlop","2026-09-11 08:10:40",0.94643,74,romonedunlop
103,16805966,CAPRICORNUS0908,"2026-09-12 02:05:46",0.94643,51,capricornus0908
104,16832536,"Md. Hamid Hosen","2026-09-08 20:48:58",0.94643,5,hosen42
105,16832906,"Nelson VIKOU","2026-09-11 22:12:14",0.94643,23,nelsonvikou
106,16802187,jyama,"2026-09-10 10:47:50",0.94643,32,yarukikun
107,16802297,"Aman Atar","2026-09-11 06:56:43",0.94643,87,amanatar
108,16840935,miki,"2026-09-11 16:36:39",0.94643,19,miki2025lee
109,16853007,jeongwonyu123,"2026-09-09 01:15:22",0.94643,17,jeongwonyu123
110,16831056,"Alexey Kuznetsov","2026-09-11 00:00:10",0.94642,71,legtarrr
111,16805147,Hemingweb,"2026-09-09 22:40:06",0.94642,38,hemingweb
112,16811067,"Baha Enes Ören","2026-09-08 10:15:48",0.94642,19,bahaenesren
113,16798605,"Pavlo Ivanin","2026-09-08 14:37:38",0.94642,12,pavloivanin
114,16798636,"Jeki Wan Taufik","2026-09-08 15:10:31",0.94642,9,jek1wantaufik
115,16841712,"Sean Zhang","2026-09-08 20:43:24",0.94642,9,"blackpearls1,seanzhang2445"
116,16842031,"Kim Minh","2026-09-12 03:42:48",0.94642,37,hanming14
117,16805319,サポタン,"2026-09-11 02:05:48",0.94642,24,sapotan
118,16840897,"Kiran Kunapuli","2026-09-09 09:45:08",0.94642,10,kirankunapuli
119,16838574,"Taemyung Heo","2026-09-12 06:30:58",0.94642,10,tmheo74
120,16842264,"ML Player 1","2026-09-11 17:08:57",0.94642,21,"lihong0907,nemonade,stuartchu666"
121,16799267,June3141,"2026-09-10 08:10:37",0.94642,4,june3141
122,16800681,"Mikhail Naumov","2026-09-10 19:01:50",0.94642,80,mikhailnaumov
123,16854578,"Asuu Dane","2026-09-10 16:36:48",0.94642,1,asuudane
124,16803764,"lionel W509","2026-09-12 06:34:17",0.94642,15,lionelw509
125,16807474,"Tamerlan Omralinov","2026-09-11 08:15:24",0.94642,13,tamerlanomralinov
126,16802953,Ole-Jakob,"2026-09-08 09:04:40",0.94642,41,olejakobrosenvold
127,16810878,Jorgen9B,"2026-09-08 01:24:25",0.94641,42,jorgen9b
128,16847460,"Mathieu W","2026-09-12 00:00:05",0.94641,8,mathieuw
129,16810298,"Jared Floersch","2026-09-10 06:43:25",0.94641,33,jaredfloersch
130,16875458,SeraphinaGlacia,"2026-09-11 13:32:45",0.94641,6,seraphinaglacia
131,16842758,"Keiichiro Terahara","2026-09-08 08:35:17",0.94641,16,keiichiroterahara
132,16798870,"Jenny He","2026-09-11 09:24:06",0.94641,37,jennyheeeeee
133,16844752,"Senih Bayankulu","2026-09-11 18:54:58",0.94641,9,senihbayankulu
134,16850692,Cate,"2026-09-11 10:10:03",0.94641,15,catejames
135,16864977,AmitKumarPradhan,"2026-09-11 19:26:32",0.94641,16,akpradhn
136,16861973,quzhihang,"2026-09-10 11:36:20",0.94641,5,quzhihang
137,16799216,"Ilya Sevastyanov","2026-09-12 04:31:24",0.94641,12,sev1lya
138,16803997,"Praneeth Paikray","2026-09-07 20:26:00",0.94641,26,paiky1995
139,16879439,vizeno,"2026-09-12 06:24:11",0.94641,3,vizeno
140,16802586,"Rob Schieber","2026-09-11 10:57:31",0.94641,23,robschieber
141,16809987,ManuelArt,"2026-09-12 02:25:50",0.94640,12,manuelart
142,16860415,Aelly,"2026-09-11 10:51:22",0.94640,7,aellyyy
143,16851746,"chen junnian","2026-09-08 07:16:45",0.94640,10,chenaini
144,16842182,Koooooooooo,"2026-09-11 09:35:01",0.94640,15,kouokada
145,16850451,Cpleasance,"2026-09-12 00:14:49",0.94640,24,cpleasance
146,16824074,SOONHANKWON,"2026-09-09 01:13:04",0.94640,8,soonabletv
147,16830917,"Murat Emre YÜCEL","2026-09-09 10:48:11",0.94640,23,muratemreycel
148,16853080,jingle2026,"2026-09-10 05:02:43",0.94640,5,jingle2026
149,16800029,BhuvanNR,"2026-09-11 13:18:16",0.94640,24,bhuvannr2006
150,16802812,"Abu Kayyisah Basyid","2026-09-11 13:20:23",0.94639,20,abukayyisahbasyid
151,16852935,Jackpot181,"2026-09-09 09:58:55",0.94639,6,jackpot181
152,16870580,"Ugur Tasdan","2026-09-12 00:59:48",0.94639,8,fairlanderflick
153,16799386,"Sala J","2026-09-10 09:59:02",0.94639,31,sjwell
154,16802295,Ajanraj,"2026-09-11 22:07:00",0.94639,12,ajanraj25
155,16845485,niulai,"2026-09-08 03:57:10",0.94639,10,rngrng
156,16809885,"Paul Bryan Elefante","2026-09-11 06:08:46",0.94639,5,heuljax
157,16823331,Charlezz8z,"2026-09-10 03:23:27",0.94639,9,charlezz8z
158,16805310,"Sergey Qt2024","2026-09-11 10:13:20",0.94639,38,sergeyqt2024
159,16841792,salamanda19,"2026-09-11 15:36:42",0.94639,5,salamanda19
160,16859513,"Maziyar Abyari","2026-09-09 20:06:11",0.94639,10,maziyarabyari
161,16871923,"Clement Ling","2026-09-12 04:49:01",0.94639,3,clementling
162,16857102,"Possible Knowledge","2026-09-11 23:25:28",0.94639,15,possibleknowledge
163,16807826,"rupsa roy","2026-09-08 05:04:06",0.94639,4,rupsarroy
164,16803634,"Arnie Jimenez","2026-09-08 21:45:25",0.94638,14,arniejimenez
165,16798958,huangbin,"2026-09-12 04:31:43",0.94638,26,huangbin1
166,16846551,Dilovar,"2026-09-08 05:30:21",0.94638,4,dilovar
167,16857913,"Sukanti Kar","2026-09-09 04:09:44",0.94638,1,sukantikar
168,16858954,"Khoi Ng","2026-09-09 07:49:41",0.94638,1,khoingt
169,16798971,daoviet,"2026-09-11 09:04:45",0.94638,21,daoviet
170,16849042,"Muhammad Khan Muneer","2026-09-10 21:52:03",0.94638,7,muhammadkhanmuneer
171,16798601,"Georgy Mamarin","2026-09-11 04:45:05",0.94638,10,georgymamarin
172,16875499,"Berat Erol ÇELİK","2026-09-11 14:07:52",0.94638,9,beraterolelk
173,16803855,Evdilos_Ikaria,"2026-09-11 18:02:44",0.94638,18,georgem
174,16802687,SergeyN1942,"2026-09-11 18:05:04",0.94638,45,sergeyn1942
175,16852671,"Lê Quang Cảnh","2026-09-08 05:40:29",0.94638,3,zhincez
176,16867794,"Nitish Songara","2026-09-11 08:16:10",0.94638,6,nitishsongara
177,16868635,"Hüseyin Enes Duran","2026-09-11 21:30:54",0.94638,12,hseyinenesduran
178,16799429,yuurei,"2026-09-09 00:33:30",0.94638,5,nyhalcyon
179,16799414,"Laurent Pourchot","2026-09-11 06:32:41",0.94638,7,pourchot
180,16845914,"coke lu","2026-09-08 08:33:13",0.94638,5,cokelu
181,16878837,beibeihk,"2026-09-12 04:02:53",0.94638,3,beibeihk
182,16823053,XAVI,"2026-09-10 22:49:56",0.94638,7,xx1263
183,16799673,@luke,"2026-09-12 05:28:31",0.94637,7,loukaspritsas
184,16829894,Kyr1ll,"2026-09-09 12:03:22",0.94637,5,kyr1ll
185,16838711,"sakkn sakkn","2026-09-12 04:13:35",0.94637,12,sakknsakkn
186,16816456,tuko_tanzwoo,"2026-09-12 05:46:18",0.94637,17,tukotanzwoo
187,16820688,"Umair Zia","2026-09-08 20:43:31",0.94637,20,stealthtechnologies
188,16850954,"Lamine Yamal","2026-09-07 23:38:05",0.94637,1,ermanman
189,16862239,MetamorphoseQ,"2026-09-10 03:54:39",0.94637,2,metamorphoseq
190,16815512,ali_abidi_1111,"2026-09-12 06:29:26",0.94637,9,aliabidi2357
191,16814708,maronist,"2026-09-08 01:19:13",0.94637,4,emikonandate
192,16798830,Juyong,"2026-09-09 17:53:26",0.94637,46,kimdoong
193,16863977,arare-uma,"2026-09-10 05:58:49",0.94637,1,arareuma
194,16798599,"Дворкин Евгений Владимирович","2026-09-11 12:30:51",0.94637,30,evgendvorkin
195,16817026,kif,"2026-09-12 06:10:22",0.94637,16,echigobran
196,16849043,xinghan,"2026-09-12 05:16:56",0.94637,10,xinghan0220
197,16862089,"Electric Weasle","2026-09-09 17:38:51",0.94637,4,electricweasle
198,16800069,wmls^0^okok,"2026-09-09 02:25:20",0.94637,8,kjy666
199,16832950,Fayette77,"2026-09-10 22:48:04",0.94637,6,fflucky
200,16808436,NIklitaCheporev,"2026-09-05 11:09:53",0.94637,18,niklitacheporev
201,16802736,"Joe Young","2026-09-11 22:21:45",0.94636,42,jsphyg
202,16798678,YoussefSalem_fr,"2026-09-10 11:44:56",0.94636,17,youssefsalemishere
203,16802405,"Toshifumi Komiya","2026-09-12 00:27:57",0.94636,30,toshifumikomiya
204,16839989,awei,"2026-09-11 07:58:26",0.94636,10,awei666
205,16799109,BlamerX,"2026-09-11 09:09:48",0.94636,27,blamerx
206,16832278,hotaq,"2026-09-08 16:51:56",0.94636,13,chinnaphatkhun
207,16807961,"Arivu Chezhiyan","2026-09-08 04:44:24",0.94636,71,"arivuchezhiyan,jeevag2006"
208,16856850,"Jiayi Du","2026-09-08 22:18:04",0.94636,1,jahyee
209,16854010,"Dank Axon","2026-09-11 14:00:02",0.94636,7,dankaxon
210,16861891,"Enrico Silvi","2026-09-09 20:50:33",0.94636,3,enricosilvi
211,16845047,"Rafael Gomes","2026-09-11 20:51:23",0.94636,6,grafael
212,16810884,Vaibhav,"2026-09-08 12:40:19",0.94636,25,vaibhavpatel
213,16841279,"M Who 11","2026-09-09 16:04:47",0.94636,3,mwho11
214,16876094,Nihil1337,"2026-09-12 06:16:36",0.94635,10,nihil1337
215,16806910,Naveenkumar,"2026-09-08 07:44:35",0.94635,48,"kavinn25,naveeen142007"
216,16803292,dukka,"2026-09-11 18:17:17",0.94635,33,onurozahioglu
217,16806975,John,"2026-09-05 01:23:22",0.94635,28,john159151
218,16799655,AjayKumar@9391123,"2026-09-09 11:23:19",0.94635,14,ajaykumar9391123
219,16833268,HIGORMALz,"2026-09-11 01:47:51",0.94635,12,higormalz
220,16805518,"Santiago Maniches","2026-09-11 03:36:21",0.94635,38,santmani
221,16801873,"Evgeny Nevodnich","2026-09-07 22:01:30",0.94635,18,evgenynevodnich
222,16875841,cccyou,"2026-09-11 19:39:31",0.94635,3,cccyou
223,16822871,Timass,"2026-09-04 15:24:36",0.94635,11,timmass2
224,16802907,YUYA,"2026-09-06 08:36:34",0.94635,4,yuyaizumikawa
225,16809492,"Mohamed Youssef","2026-09-07 13:43:20",0.94635,20,mhmd1424
226,16810341,datatuu,"2026-09-05 17:00:05",0.94635,21,yaoguang516
227,16805281,SC,"2026-09-08 13:29:11",0.94635,42,ryosketchbook2007
228,16804031,JusteME😅,"2026-09-09 15:42:01",0.94635,17,degnonguidi
229,16844017,"hamdi mohamed","2026-09-07 11:00:26",0.94635,2,hamdimohamed22
230,16806846,"Akhilesh godugu","2026-09-07 17:40:03",0.94635,5,akhileshgodugu
231,16807259,"Manoj L9865988","2026-09-07 11:30:33",0.94635,23,"manojl9865988,navyashettynsagae"
232,16802257,"Asterios Terzis","2026-09-05 20:51:00",0.94635,7,asteriosterzis
233,16799087,easonyanyan,"2026-09-08 17:25:37",0.94635,22,easonyanyan
234,16879331,aliREZA,"2026-09-12 06:04:36",0.94635,1,afazlik1
235,16840930,Dubnium,"2026-09-11 00:36:46",0.94634,26,ahmetyasin1
236,16798880,Hermengardo,"2026-09-12 05:16:24",0.94634,45,hermengardo
237,16871224,"padma akash","2026-09-11 08:55:08",0.94634,2,padmaakash
238,16861090,hailillya,"2026-09-10 15:48:06",0.94634,6,hailillya
239,16865493,"Ark Medwin","2026-09-12 05:08:30",0.94634,6,benjfrank
240,16826206,"Abiram Bharathi S.A","2026-09-08 10:01:52",0.94634,27,abirambharathisa
241,16809421,yatakeuc,"2026-09-10 12:00:18",0.94634,21,yatakeuc
242,16810297,overwhelmer,"2026-09-05 16:03:39",0.94634,19,overwhelmer
243,16799484,"Charismatic Pizza Party🍕","2026-09-07 00:15:38",0.94634,5,debugendless
244,16821928,"Akalya Bharathi S A","2026-09-09 16:28:41",0.94634,18,akalyabharathisa
245,16845423,XJHya233,"2026-09-07 20:49:49",0.94633,8,xjhya233
246,16830370,KikET,"2026-09-11 13:09:06",0.94633,8,kikets
247,16832427,ASHML,"2026-09-06 22:31:44",0.94633,9,ashml
248,16846099,"sabbir hossain","2026-09-07 06:29:48",0.94633,1,sabbirhardworker
249,16841650,"Travis Reinart","2026-09-08 23:25:44",0.94633,3,travisreinart
250,16871638,aueurm,"2026-09-11 17:00:01",0.94633,2,aueurm
251,16823643,"Muneeb ul Hassan","2026-09-08 16:08:41",0.94633,7,muneeb2405
252,16808122,Ricky,"2026-09-05 06:06:50",0.94633,9,rickyds97
253,16802602,"ML learner","2026-09-11 13:52:11",0.94633,4,usermaname1
254,16823495,dragoshh1984,"2026-09-08 16:22:38",0.94633,7,dragoshh1984
255,16844525,zqh19991223,"2026-09-07 07:33:10",0.94633,13,zqh19991223
256,16802485,JungHwan,"2026-09-05 07:29:23",0.94633,10,najunghwan
257,16807117,shisan92,"2026-09-12 06:01:14",0.94633,12,shisan92
258,16799720,"Krizsó Gergely","2026-09-09 16:36:55",0.94633,22,lucifer19
259,16802581,AI6102,"2026-09-05 14:46:10",0.94633,8,"liudiandian,lymhhh666"
260,16823033,coder738,"2026-09-05 02:57:39",0.94633,1,coder738
261,16799336,Souvik_D_Biswas,"2026-09-05 07:57:06",0.94633,2,souvikdbiswas
262,16801472,"Bros 360x","2026-09-05 08:11:09",0.94633,27,"alexander683,bros360x"
263,16805265,"Silvan Müller","2026-09-05 22:21:33",0.94633,7,silvanmller
264,16806089,khgb,"2026-09-08 00:06:21",0.94633,40,khgb123
265,16809986,"Guru Prasaath S","2026-09-06 04:09:06",0.94633,3,guruprasaathas111
266,16842814,ParsaAshrafi,"2026-09-06 09:02:35",0.94633,4,parsaashrafii
267,16839411,"Patrick CHER","2026-09-07 02:38:17",0.94633,20,patrickcher
268,16832827,JeedimetlaCharan213,"2026-09-07 18:24:49",0.94633,5,jeedimetlacharan213
269,16798714,"Sung Heo","2026-09-09 02:40:52",0.94633,11,kmmmvs
270,16807684,"Sayaka Kitahara","2026-09-10 12:00:27",0.94632,10,sayakakitahara
271,16853116,"navazsh fathi","2026-09-09 07:51:07",0.94632,2,navazshfathi
272,16805476,KuziJA,"2026-09-06 23:47:43",0.94632,3,kuzija
273,16798811,sswatari,"2026-09-07 06:37:57",0.94632,18,sswatari
274,16843855,"Sumit Sarkar","2026-09-11 21:37:15",0.94632,6,"csubhradipta,sumitsarkar969,suvagpoddar"
275,16859579,CongNguyenM,"2026-09-09 12:43:24",0.94632,8,congnguyenm
276,16842060,"Rob C","2026-09-08 00:54:57",0.94631,4,robertcheah
277,16820895,Sybery_AI,"2026-09-06 21:27:10",0.94631,17,syberyai
278,16802764,cigdembal,"2026-09-11 15:29:26",0.94631,31,cigdembaloglu
279,16870733,Jingxiang,"2026-09-11 18:30:17",0.94631,5,jingxiango
280,16803528,choqui62,"2026-09-11 10:24:59",0.94631,21,choqui62
281,16841843,"Aadit Agrawal","2026-09-06 04:05:51",0.94630,8,aaditagrawal
282,16833367,"Mihir Argulkar","2026-09-07 08:13:42",0.94630,9,mihirargulkar
283,16798566,Chovy,"2026-09-10 01:00:22",0.94630,20,chovyxu
284,16799786,"Nityashmi sharma","2026-09-05 09:11:32",0.94630,20,"hargunsandhu,nityashmisharma"
285,16845576,CHCV,"2026-09-10 11:57:33",0.94630,3,chcvpz
286,16870701,"Võ Xuân Thùy","2026-09-11 16:28:45",0.94630,3,thyvxun
287,16857868,rehubinggao,"2026-09-09 12:26:37",0.94629,7,rehubinggao
288,16808993,"Akiyoshi Kinoshita","2026-09-11 13:27:36",0.94629,4,satokin13m
289,16870060,Hamachi,"2026-09-11 10:12:54",0.94629,5,hamatz
290,16798594,isthereanycode,"2026-09-04 04:21:34",0.94629,30,isthereanycode
291,16804794,avg,"2026-09-10 21:18:04",0.94629,17,alexgagloev
292,16832837,"Marie-Lou Barnaud","2026-09-08 04:17:05",0.94629,5,marieloubarnaud
293,16860307,Araki.rw,"2026-09-12 01:55:17",0.94628,4,arakirw
294,16802740,"Just Code","2026-09-11 15:37:11",0.94628,12,justcode1
295,16830559,guansuo,"2026-09-04 12:11:51",0.94628,1,guansuo
296,16828134,"Younghwan Hwang","2026-09-09 15:00:48",0.94628,8,younghwanhwang
297,16858075,Carter,"2026-09-10 22:46:26",0.94628,6,caca505
298,16805868,"Gaurab Baral","2026-09-04 13:24:59",0.94628,13,itzgauurab
299,16808813,"Muhammet Faruk Erem","2026-09-10 22:48:22",0.94628,25,muhammeterem
300,16844686,Abhinandan,"2026-09-06 22:22:09",0.94628,3,abhi8667j
301,16802824,"Liam O’Brien","2026-09-11 19:33:33",0.94628,1,liamob96
302,16806230,yukiZ,"2026-09-04 08:21:12",0.94628,3,hideyukizushi
303,16798911,Chiranjeev,"2026-09-06 04:33:06",0.94628,18,abhirajhiwale
304,16832500,"An Pham","2026-09-04 18:40:21",0.94628,8,hoang1711
305,16822664,"Dhruv Tibarewal","2026-09-07 16:24:01",0.94627,5,dhruvtibarewal
306,16877337,"Felipe Figueiredo02","2026-09-11 23:12:43",0.94627,6,felipefigueiredo02
307,16798623,"Evan Arlen Handy","2026-09-04 01:07:17",0.94627,14,evanarlenhandy
308,16805345,彭元彥,"2026-09-02 19:00:00",0.94627,6,pongpong1027
309,16871172,"Dinidu Rukshan","2026-09-11 18:04:37",0.94627,7,dinidurukshan
310,16832851,"Selim Akl","2026-09-05 13:22:49",0.94627,7,selimakl
311,16833289,"Alejandro Lopez-Rincon","2026-09-12 02:13:58",0.94627,34,alejandrolopezrincon
312,16798965,"Hussaan Haroon","2026-09-10 15:26:19",0.94626,3,hussaanharoon
313,16798882,Solid,"2026-09-11 12:43:51",0.94626,24,nizhen
314,16798905,"DYLAN GUNAWAN13331","2026-09-02 07:40:21",0.94626,11,dylangunawan13331
315,16806474,"tom c tea","2026-09-10 03:17:02",0.94626,4,tomctea
316,16798795,"(ノ◡ <)","2026-09-09 08:18:13",0.94626,8,nawfeelrahman1124444
317,16865928,"Reda Mountassir","2026-09-10 15:56:52",0.94626,7,"aribaymane61,redamountassir"
318,16819432,"Ali hussien jawad","2026-09-07 17:50:43",0.94626,14,"alihussienjawad,khalidnidawi"
319,16803858,"Elvern Neylmav Tanny","2026-09-02 15:56:27",0.94625,7,elvernneylmavtanny
320,16804076,"Renji Starfall","2026-09-03 15:19:04",0.94625,19,renjistarfall
321,16859512,"Kosuke KUWAHARA","2026-09-10 05:53:36",0.94625,5,kukukucode
322,16818192,"Augustine Williams223","2026-09-03 10:48:34",0.94625,1,augustinewilliams223
323,16801189,Keanan,"2026-09-08 19:39:30",0.94624,4,citerne
324,16828008,"Jayyanth K B","2026-09-09 13:54:18",0.94624,10,jayyanthkb
325,16852781,"Safwan Amin","2026-09-08 17:56:31",0.94624,5,bracu23101281
326,16799609,"Vinay Rai","2026-09-03 08:31:30",0.94624,3,vinay24baghira
327,16810087,CaptainNemo,"2026-09-04 17:52:33",0.94624,17,nemokaggler
328,16871380,Imcyj123,"2026-09-12 04:39:49",0.94624,10,kurase
329,16832136,huohuaya,"2026-09-06 02:13:28",0.94623,5,huohuaya
330,16841605,"Sushmit Deb","2026-09-06 21:55:41",0.94623,5,sushm17
331,16814218,人畜无害,"2026-09-04 02:24:16",0.94623,11,slowmo19
332,16848276,"Cemal Ataş","2026-09-07 19:30:42",0.94623,5,cemalata
333,16799994,"jidong Wu","2026-09-06 11:57:06",0.94622,6,jidongwu
334,16810147,"Roshan Roy","2026-09-06 12:34:06",0.94622,1,roshanroy333
335,16810885,"Gaiar Baimuratov","2026-09-03 16:35:47",0.94622,11,baimuratov
336,16832041,datarchive,"2026-09-08 16:28:41",0.94622,12,univekqls
337,16803816,Santhana,"2026-09-12 04:45:00",0.94622,3,santhanalekshmic
338,16838710,psychoTKC,"2026-09-12 04:49:55",0.94622,6,psychotkc
339,16823819,"Clark Kitchen","2026-09-05 21:14:12",0.94622,3,clarkkitchen
340,16810511,StephenNedumpally,"2026-09-02 18:06:05",0.94621,1,stephennedumpally
341,16823911,"Ahmet Bugrahan ALTUNOK","2026-09-07 00:40:01",0.94621,19,ahmetbugrahanaltunok
342,16855395,KennyHTW,"2026-09-08 19:58:46",0.94621,6,kennyhtw
343,16799922,"Anhad Mahajan","2026-09-05 18:47:11",0.94621,46,anhadmahajan06
344,16800168,MAT,"2026-09-07 12:23:00",0.94621,15,mehmetanltays
345,16811220,blacksword812,"2026-09-06 21:16:32",0.94621,19,blacksword8192
346,16833018,AsSidiq,"2026-09-05 04:05:41",0.94621,18,assidiq
347,16805721,"Rommel Sharma","2026-09-10 23:19:46",0.94621,11,rommelsharma
348,16803041,nkmr,"2026-09-10 04:34:10",0.94621,18,nicomugilove
349,16838199,"Shishir Adhikari","2026-09-07 15:32:08",0.94621,4,shishiradhikari11
350,16843561,QiYian,"2026-09-06 15:19:25",0.94620,5,uhduih123
351,16798699,ONODERA,"2026-09-04 12:19:14",0.94620,6,onodera
352,16800504,Foxure,"2026-09-03 11:10:26",0.94620,11,foxure
353,16834628,GagePeppers,"2026-09-06 02:47:52",0.94620,6,gagepeppers
354,16806494,"Lam Mo Kit ","2026-09-02 16:29:33",0.94620,3,lammokit
355,16801545,william950615,"2026-09-06 00:14:39",0.94619,21,william950615
356,16847194,"Horikita Saku","2026-09-07 12:28:52",0.94619,3,horikitasaku
357,16823003,gulfan,"2026-09-11 19:11:03",0.94619,1,gulfan
358,16823055,SDA000,"2026-09-12 00:58:55",0.94618,21,sda000
359,16808767,"BNBU YUXIANG Jiang","2026-09-12 02:57:14",0.94617,21,yuxiang328
360,16811459,GCarnovale,"2026-09-11 20:25:05",0.94617,35,gcarno
361,16799578,Nenya,"2026-09-07 19:56:28",0.94617,18,nenya17
362,16806696,米津玄師.,"2026-09-08 02:51:19",0.94617,2,useikawa
363,16827911,"Araik Tamazian","2026-09-05 19:03:59",0.94617,13,atamazian
364,16808114,"Gaurav kumar","2026-09-12 05:06:22",0.94617,4,gauravkrsinha
365,16867753,Varangians,"2026-09-11 17:32:24",0.94616,14,"rishabhp97,s171004"
366,16817920,"Juan Oliver","2026-09-10 18:52:57",0.94616,9,juanmaoliver
367,16828369,Galza98,"2026-09-04 14:47:02",0.94616,8,galza98
368,16803554,PavelLiashkov,"2026-09-03 11:12:12",0.94616,4,bigbag1983
369,16798810,kava1,"2026-09-11 06:40:21",0.94616,52,kava1
370,16832829,"Ishan Raj","2026-09-06 10:43:14",0.94616,3,mightyjiraiya
371,16799209,Rakhansyah,"2026-09-05 19:23:42",0.94616,12,rakhansyah
372,16841654,HananFish,"2026-09-07 15:36:23",0.94616,6,hananfish
373,16808616,"amaury lc","2026-09-02 14:53:32",0.94615,3,amaurylc
374,16854719,ILUNOSHA,"2026-09-11 15:03:03",0.94615,34,elu7301
375,16821052,"Adama Traore","2026-09-03 20:21:28",0.94615,10,adamstra
376,16828042,add_mul,"2026-09-05 05:24:00",0.94615,7,addmul
377,16799154,"Kodai Fukuda","2026-09-11 09:03:40",0.94615,30,kodaifukuda0311
378,16848214,insunglee0818,"2026-09-08 03:03:07",0.94615,5,insunglee0818
379,16832614,Markus.JM,"2026-09-04 23:25:42",0.94615,4,maiernator
380,16807530,falsenine,"2026-09-11 00:10:35",0.94614,5,koheishima
381,16799125,"M. Syahrindra","2026-09-03 15:22:46",0.94614,8,mochammadsasuharno
382,16823625,"Varadaraj Borkar","2026-09-08 04:03:51",0.94614,14,varadarajborkar
383,16845056,"Siddharth Patel","2026-09-11 19:58:11",0.94614,2,siddhugp
384,16843709,"Azmat Hussain","2026-09-07 16:34:58",0.94614,2,ahussai
385,16798866,"Huzaifa Mankda","2026-09-08 17:53:18",0.94614,16,huzaifa242
386,16842110,nick.ai007,"2026-09-10 07:11:29",0.94614,6,nickai007
387,16805359,rampichino,"2026-09-03 16:18:36",0.94613,3,alfreale
388,16828109,sanny0605,"2026-09-12 06:32:48",0.94613,80,sanny0605
389,16811853,"SOUSSOU Koffi Désiré","2026-09-10 09:34:09",0.94613,11,soussoukoffidsir
390,16811838,caiguoneng,"2026-09-03 09:27:13",0.94612,5,caiguoneng
391,16798804,"Kazuhiro Masuyama","2026-09-12 02:18:19",0.94612,44,kazuhiromasuyama
392,16853354,"Eduardo Molina","2026-09-10 17:41:54",0.94612,4,eduardomolinaai
393,16814987,"Zihan Ni","2026-09-06 06:03:35",0.94612,6,lunangai
394,16814410,"Khara Han","2026-09-04 06:02:26",0.94612,13,"kharahan,zavierchen"
395,16802551,"Anurag Goyal","2026-09-03 11:46:30",0.94612,6,anuraggoyal2203
396,16838761,Wakabourne,"2026-09-05 07:53:49",0.94612,1,wakabourne
397,16839884,"MN Kaggler","2026-09-09 12:10:59",0.94612,13,mnkaggler
398,16804847,"Vladimir Demidov","2026-09-11 23:35:05",0.94612,64,yekenot
399,16847628,"Kunal Desale","2026-09-11 11:25:35",0.94612,8,kunaldesale2408
400,16843671,Soni-KR,"2026-09-07 19:25:39",0.94612,6,mouradkraiem
401,16802312,BIZEN250,"2026-09-04 07:48:36",0.94612,11,bizen250
402,16808556,"Ali Ghandi","2026-09-05 09:40:43",0.94611,9,aligh474
403,16823110,"Jan Fidor","2026-09-04 14:58:47",0.94611,19,janfidor
404,16847020,SudoShellz,"2026-09-08 04:01:06",0.94611,3,taryncampbell
405,16877284,"Azamat Sadikov","2026-09-11 22:52:54",0.94611,1,azamatsadikov
406,16808265,IOE,"2026-09-05 12:39:27",0.94611,8,s1teko
407,16822859,Jeeva2470041,"2026-09-04 04:49:13",0.94611,8,jeeva2470041
408,16822442,rootxhacker,"2026-09-04 03:38:10",0.94611,3,rootxhacker
409,16841762,wis-smec,"2026-09-07 04:23:35",0.94611,6,wissmec
410,16839145,"Eshan Mehendale","2026-09-06 18:37:34",0.94610,3,eshanmehendale
411,16826089,Dule@11,"2026-09-04 18:44:32",0.94610,7,dule11
412,16847483,"StrGenIx | Laurens D'hooge","2026-09-07 11:52:20",0.94610,5,dhoogla
413,16827807,"Alpay Abbaszade","2026-09-06 17:23:37",0.94610,12,alpayabbaszade
414,16806364,"Matthew Y","2026-09-02 20:54:44",0.94610,4,cidkardi
415,16824050,"Karam Khasawneh","2026-09-04 14:47:51",0.94609,7,karamkhasawneh
416,16809375,adamdavis99,"2026-09-11 15:50:02",0.94609,4,adamdavis99
417,16809829,"Tatsuya Aramaki","2026-09-10 04:21:41",0.94609,9,tatsuyaaramaki
418,16806545,mochi0601,"2026-09-10 12:33:33",0.94609,26,mochi0601
419,16808782,"Semih Temiz","2026-09-03 21:07:00",0.94609,7,semhtemiz
420,16832242,"Pranjal Verma","2026-09-06 07:08:27",0.94609,2,pranjalverma08
421,16817747,"Olatide Bolaji","2026-09-05 20:27:14",0.94609,20,olatidebolaji
422,16802205,"Paul Shelby","2026-09-04 11:13:37",0.94609,14,paulshelby
423,16798730,"K.THARUN KUMAR","2026-09-10 18:45:45",0.94609,12,tharunkumar369
424,16802403,noam,"2026-09-03 18:10:34",0.94608,4,noamdwc
425,16799565,"Lâm Huy","2026-09-05 12:35:42",0.94608,15,lamhuy8904
426,16802720,shimizuYY,"2026-09-12 05:33:58",0.94608,18,shimizuyy
427,16799543,Finezza,"2026-09-11 16:19:10",0.94608,12,finezza
428,16798802,W-Bruno,"2026-09-03 23:49:46",0.94608,15,haoqiangzheng
429,16870992,"Aaryan Pawar","2026-09-11 15:59:36",0.94608,6,aaryanpawar16
430,16799882,"Ákos Pintér","2026-09-10 14:46:25",0.94608,99,kospintr
431,16855391,Crystal2006,"2026-09-12 02:40:24",0.94607,6,crystal2006
432,16843189,캐글리언,"2026-09-11 16:06:51",0.94607,8,kaglerian
433,16805741,"NextAura AI _ ZU","2026-09-02 08:09:58",0.94607,7,mohandabuayyash1
434,16806584,"Nithin maktha","2026-09-02 05:40:13",0.94607,1,makthanithin
435,16811749,zane666,"2026-09-05 03:40:08",0.94607,2,zane666
436,16804378,"Özgür Berke Akyol","2026-09-05 09:21:27",0.94606,13,ozgurba
437,16855316,"Jaskaran Singh","2026-09-09 18:40:22",0.94606,8,jaskaran20306
438,16811769,lyagushkerr,"2026-09-07 08:18:23",0.94606,7,lyagushkerr
439,16857742,CalebSChen,"2026-09-11 05:53:51",0.94606,15,calebschen
440,16802938,Maxim,"2026-09-04 03:05:16",0.94605,5,ektarr
441,16803921,"Mohammed Rajaa","2026-09-03 09:54:55",0.94605,9,mohammedrajaa
442,16858537,VC4,"2026-09-10 22:42:03",0.94605,7,luckyvc
443,16827164,wangxt1,"2026-09-04 08:19:48",0.94605,3,wangxt1
444,16799086,LULU,"2026-09-07 14:21:01",0.94605,13,"luluwenhaolulu,qingwending"
445,16800040,"Fabien Roduit","2026-09-10 18:07:53",0.94605,2,kamiryu
446,16842490,"AYi GUO","2026-09-08 08:42:39",0.94604,5,ayiguo
447,16808095,kminsher,"2026-09-04 09:50:45",0.94603,3,kminsher
448,16838407,"Srivatsav Kannan","2026-09-05 13:16:28",0.94603,4,srivatsavkannan
449,16803000,destroyer@123787,"2026-09-03 18:41:24",0.94603,2,destroyer123787
450,16801950,haukesteffen,"2026-09-11 21:21:03",0.94603,8,haukesteffen
451,16822718,Hoaivo,"2026-09-03 17:03:13",0.94602,3,hoaivo
452,16811462,really?,"2026-09-07 15:31:10",0.94602,4,udaken10
453,16855993,rob,"2026-09-11 08:00:03",0.94602,10,robkraseu
454,16849951,"Guy Bason","2026-09-11 13:41:00",0.94602,6,guybason
455,16859333,"raghad alsaqqa","2026-09-10 13:20:07",0.94601,5,raghadalsaqqa
456,16863351,"GeunMo Yi","2026-09-12 05:30:52",0.94601,8,geunmoyi
457,16802466,chenshiyo,"2026-09-09 10:30:54",0.94601,5,chenshiyo
458,16802712,"Michael Y. Qiu","2026-09-04 14:37:04",0.94601,3,michaelqiu0606
459,16853299,"Artem Deviatov","2026-09-08 12:55:58",0.94601,4,f12s3d45s6
460,16839321,shenjj02,"2026-09-07 03:08:33",0.94600,2,shenjj26
461,16802759,"Georgios Nikolitsis","2026-09-10 17:21:16",0.94600,45,gnikolitsis
462,16799620,"Ismail Ucuran","2026-09-03 07:46:49",0.94599,8,ismailucuran
463,16839121,WIKXY,"2026-09-10 07:54:33",0.94598,13,beneththeskin
464,16799748,"Komil Parmar","2026-09-02 07:07:08",0.94598,4,komilparmar
465,16857433,"Francisco Sánchez","2026-09-11 00:52:37",0.94598,4,fransafu
466,16798976,"Sadam Torres","2026-09-04 03:04:21",0.94598,8,sadamtorres
467,16848057,"Yunus Dermencioglu","2026-09-07 13:23:55",0.94597,2,yunusdermencioglu
468,16833371,"Irkan Alfa","2026-09-05 17:33:19",0.94597,2,irkanalfaraji
469,16861514,"Yanwei Lu","2026-09-11 10:37:22",0.94597,5,yanweilu
470,16853538,Keychain,"2026-09-08 15:26:41",0.94597,4,tomoki1126
471,16802350,"shankar lal","2026-09-01 22:09:48",0.94597,4,shankar3234
472,16829820,tkdndgus,"2026-09-05 17:27:31",0.94597,5,tkdndgus
473,16805458,Herohito,"2026-09-10 01:57:34",0.94596,5,aangphurba
474,16804933,hypecoef,"2026-09-06 15:13:02",0.94596,10,pieego
475,16806112,"Dariush Afshar","2026-09-04 03:08:33",0.94596,10,dariushafshar
476,16806707,"Bissultanov Yernar","2026-09-07 06:53:50",0.94596,3,deasoffice
477,16811538,treflow,"2026-09-03 18:43:36",0.94595,3,treflow
478,16840877,KLwin,"2026-09-11 11:44:18",0.94595,4,amanmt24013
479,16803260,Kareem,"2026-09-08 17:44:58",0.94594,3,kareemmourad
480,16802789,DinCaus,"2026-09-11 19:59:56",0.94594,30,dincaus
481,16845916,"Toshihiro Noguchi","2026-09-07 11:57:56",0.94594,2,toshihironoguchi
482,16852863,ooooosik,"2026-09-09 07:55:22",0.94593,3,ooooosik
483,16803203,oliver,"2026-09-11 19:40:46",0.94593,27,oliverlang
484,16798792,Allan,"2026-09-11 05:32:54",0.94593,3,bayntuna
485,16859100,"Youzhe Yang","2026-09-09 15:31:16",0.94593,4,youzheyang
486,16802848,Soham,"2026-09-04 18:18:48",0.94592,5,soham308
487,16809162,"kyle Taylorer","2026-09-02 15:52:54",0.94592,5,kyletaylorer
488,16806170,"Lamaq and Nastija","2026-09-10 19:01:23",0.94591,10,"lamaqdahodwala,nastijakalugina"
489,16867748,"Shohinur Pervez Shohan","2026-09-10 18:45:16",0.94591,3,shohinurpervezshohan
490,16805381,taiseiu,"2026-09-01 21:23:42",0.94591,2,taiseiu
491,16798899,"Chekhlov Dmitrii","2026-09-06 15:31:43",0.94591,2,zoli800
492,16842839,"Hyunil Yoo","2026-09-08 10:52:32",0.94591,4,hyunil91
493,16812064,"Liu Classmate","2026-09-09 04:29:41",0.94591,10,liuclassmate
494,16799371,"Rugved Bane","2026-09-10 17:47:57",0.94590,15,rugvedbane
495,16833405,islet,"2026-09-10 22:07:24",0.94590,5,kojimar
496,16858255,Wheeler,"2026-09-10 22:44:48",0.94589,6,wh1111
497,16820017,"Mika SHNHR","2026-09-11 23:55:09",0.94589,6,mikashnhr42261
498,16823630,"Ayoola Okunlola","2026-09-07 18:54:39",0.94589,4,ayoolaokunlola
499,16804907,jvachier,"2026-09-11 20:24:15",0.94589,10,jvachier
500,16811916," Lưu Khải Hưng","2026-09-10 04:57:00",0.94589,5,lukhihng
501,16870705,kimzaiyi1,"2026-09-11 05:49:13",0.94589,2,kimzaiyi1
502,16877475,OW,"2026-09-12 04:10:40",0.94588,2,oscarwei
503,16811904,"Hưng Lưu","2026-09-10 03:57:22",0.94588,7,yahhngliu
504,16798828,AbdullahSafwan333,"2026-09-09 06:20:31",0.94588,9,abdullahsafwan333
505,16809469,"Yusuf Ömer Erem","2026-09-04 19:45:11",0.94587,3,yusuferem
506,16869716,Jonaid,"2026-09-12 00:08:21",0.94587,8,jonaidshianifar
507,16798628,"Makoto Furukawa","2026-09-10 01:07:03",0.94587,16,makotofurukawa
508,16839118,"Julien Heiduk","2026-09-10 22:37:32",0.94586,28,zoupet
509,16832257,Jack,"2026-09-11 14:20:23",0.94585,11,jackg12345
510,16860127,"Jeffery Mei","2026-09-09 16:41:17",0.94584,6,callmejeffery
511,16848251,Bxckwood,"2026-09-07 21:27:52",0.94584,6,bxckwood
512,16799691,Ern711,"2026-09-10 23:04:51",0.94583,5,ern711
513,16871875,"Oliver Kinch","2026-09-11 12:56:34",0.94583,2,oliverkinch
514,16854218,"Filip Martinek","2026-09-08 21:49:16",0.94583,1,filipmartinek
515,16824071,永井松太郎,"2026-09-09 11:36:43",0.94582,8,nattomann
516,16815449,Boltuzamaki,"2026-09-03 08:31:19",0.94581,2,boltuzamaki
517,16808670,"Dr Anil Kumar Dubey","2026-09-06 06:09:29",0.94580,8,dranilkumardubey
518,16851695,qianyuatkaggle,"2026-09-08 05:02:26",0.94580,1,qianyuatkaggle
519,16839860,NynsenFaber,"2026-09-05 14:56:15",0.94579,2,nynsenfaber
520,16807881,Amaranta,"2026-09-04 03:53:18",0.94579,6,ulyanovantonamaranta
521,16804363,GurSimran,"2026-09-11 16:55:06",0.94579,11,gurseeon
522,16802421,"Ryotaro Minato","2026-09-06 14:53:20",0.94579,3,ryotarominato
523,16876087,"Zhu Lin Ch'ng","2026-09-12 03:48:07",0.94579,3,czlcode
524,16802382,rockyhg,"2026-09-09 12:54:02",0.94578,5,rockyhg
525,16809871,"Rimba Erlangga","2026-09-06 19:31:07",0.94578,39,rimbax
526,16799657,Akritas,"2026-09-02 11:43:24",0.94577,6,akritas
527,16822226,"Hande  Nur Uygun","2026-09-05 22:55:27",0.94577,13,handeuygun
528,16808288,hundun,"2026-09-04 16:25:44",0.94577,23,zhongh4oyang
529,16809558,"Ricardo Pereira","2026-09-04 15:54:14",0.94576,4,rjopereira
530,16832833,"Corbett Austin","2026-09-04 22:32:07",0.94575,2,corbettaustin
531,16823555,"Bulşah Keçici","2026-09-11 21:27:14",0.94574,1,bulsahkecici
532,16805339,"Nikhil Fotedar","2026-09-06 17:24:33",0.94574,5,nikhilfotedar
533,16858585,"Abdul Manan","2026-09-09 20:53:09",0.94574,9,abdulmanankhalid
534,16804406,dangwok,"2026-09-08 14:38:12",0.94574,2,josephdongwookkim
535,16847043,YeFeng311@outlook.com,"2026-09-08 06:16:05",0.94572,3,yefeng311outlookcom
536,16805739,"Gerald Schwartz","2026-09-03 13:36:16",0.94572,1,geraldschwartz
537,16856313,"Julianno Rogery","2026-09-09 12:43:34",0.94571,1,juliannorcs
538,16800431,NatSwamin,"2026-09-04 10:44:04",0.94571,4,natswamin
539,16801062,tuannm3812,"2026-09-04 13:12:35",0.94570,7,tuannm3812
540,16805798,"Tys TANA","2026-09-03 00:31:14",0.94570,2,tystana
541,16822923,UnfriendlyAI,"2026-09-04 18:51:17",0.94570,10,unfriendlyai
542,16823682,"Shantanu Chopra","2026-09-04 12:30:37",0.94569,2,shanchp
543,16823623,"Jocelyn Dumlao","2026-09-07 10:33:39",0.94569,2,jocelyndumlao
544,16805454,"Nishant Dhingra","2026-09-03 05:33:37",0.94568,10,nishantdhingra
545,16879072,"Arpit Jain","2026-09-12 04:50:31",0.94568,1,arpitjain5
546,16843240,"William Gladston","2026-09-11 16:26:42",0.94567,1,williamgladston
547,16866069,"ROU Senghak","2026-09-10 11:54:40",0.94567,1,rousenghak
548,16838804,None,"2026-09-07 06:10:05",0.94566,3,mdmorshalinemojumder
549,16839769,WUGAWUGA2,"2026-09-07 11:04:29",0.94565,3,wugawuga2
550,16805565,Guenoir,"2026-09-09 03:33:04",0.94565,12,joshuamichael15
551,16841283,"Black Scholes","2026-09-06 09:17:04",0.94564,3,blackscholz
552,16862572,"William Bickelmann","2026-09-12 02:12:41",0.94561,4,williambickelmann
553,16841643,amiakar,"2026-09-06 01:51:26",0.94560,2,amiakar
554,16839897,kenchanhodgkin,"2026-09-09 15:14:26",0.94558,6,kenchanhodgkin
555,16809884,"Water ground","2026-09-12 00:22:17",0.94558,25,kyumoto
556,16840555,coffeffe,"2026-09-07 20:52:41",0.94557,11,"coffeffe,vatereal"
557,16852584,InfernoTK,"2026-09-08 22:33:07",0.94557,2,infernotk
558,16848318,"Nathan Jacob","2026-09-08 12:49:03",0.94556,4,nathanjacob
559,16802998,"Yoongdoo Noh","2026-09-11 11:00:23",0.94555,39,yoongdoonoh
560,16853269,"Qiao Ke","2026-09-08 08:43:55",0.94553,1,bridgekk
561,16832502,"Mohamed Alaa Elboraay","2026-09-04 18:31:11",0.94552,1,mohamedalaa10
562,16810302,Tathagata_Ghosh_03,"2026-09-06 18:32:23",0.94549,7,tathagataghosh03
563,16803413,"Kanish Paul","2026-09-01 17:02:01",0.94549,1,kanishpaul
564,16841337,JeeHyungKim,"2026-09-08 23:04:35",0.94548,7,wilshercky
565,16828514,"Trọng tâm Nguyễn","2026-09-04 10:18:27",0.94548,1,trngtmnguyn
566,16807946,"Supanat Khaodhiar","2026-09-04 11:47:27",0.94547,1,supanatkhaodhiar
567,16854103,"Yan Slabodich","2026-09-09 12:28:15",0.94544,3,yanskij
568,16798898,"David Guzzi","2026-09-12 00:33:04",0.94544,5,davidguzzi
569,16806870,"nikolaou nikolaou","2026-09-04 06:26:11",0.94542,3,nikolaounikolaou
570,16850553,"Mark Barney","2026-09-07 22:27:45",0.94542,2,markbarney
571,16839364,"loai fahman","2026-09-05 11:49:02",0.94541,5,loaifahman
572,16830537,NikitaChubai,"2026-09-11 09:41:44",0.94541,1,nikitachubai
573,16799819,"alex chilton","2026-09-01 20:03:54",0.94540,5,alexchilton
574,16802997,K.Takahashi-1986,"2026-09-07 13:53:07",0.94540,5,ktakahashi1986
575,16836084,"Ashok Gaire","2026-09-05 03:36:45",0.94539,1,ashokgaire
576,16810797,"Bhavagna Nagisetti","2026-09-11 21:13:29",0.94538,1,bhavagnanagisetti
577,16803077,"Arizal Muluk","2026-09-11 13:20:19",0.94537,19,arizalfirdaus123
578,16802845,Pyeonggi,"2026-09-02 14:34:39",0.94533,11,pgkim42
579,16810831,"Mohsen Shahbazi","2026-09-05 18:10:35",0.94531,4,mohsenshahbazi
580,16798829,"Tian Yan666","2026-09-08 19:21:39",0.94531,8,tianyan666
581,16829821,"Raghav Agrawal","2026-09-05 11:15:38",0.94528,18,raghagra
582,16799457,Akahachi,"2026-09-09 05:49:43",0.94527,5,wordcards
583,16844031,"Hansen Zhong","2026-09-06 21:03:52",0.94525,3,onegameonedream
584,16844149,"Neha Jha","2026-09-11 12:17:36",0.94524,1,jhaneha18
585,16802895,kazkod,"2026-09-05 13:03:36",0.94515,1,kazkod
586,16799681,S-as-H,"2026-09-11 10:32:37",0.94514,44,sasha1111
587,16848429,"Alejandro Gonzalez","2026-09-09 06:12:20",0.94510,2,alejandroglzzap
588,16847933,weichy7,"2026-09-08 02:52:35",0.94510,4,weichy7
589,16803133,TBRTRL,"2026-09-11 11:11:58",0.94507,56,tbrtrl
590,16806527,Tsubasa_00,"2026-09-02 07:40:23",0.94506,1,tsubasa00
591,16799031,Ye,"2026-09-11 10:19:47",0.94503,6,gimgoon
592,16859470,"Kun J.WANG","2026-09-09 15:52:38",0.94501,2,kunjwang
593,16806639,luochen211,"2026-09-02 06:49:48",0.94501,3,luochen211
594,16800792,PeterGrundell,"2026-09-10 05:54:53",0.94501,24,petea2z
595,16799137,dengyufei,"2026-09-08 16:13:39",0.94500,39,dengyufei666
596,16799068,"river August","2026-09-03 02:50:16",0.94498,6,riveraugust
597,16846342,khursani,"2026-09-10 03:01:13",0.94496,5,khursani8
598,16809396,wcwswswws,"2026-09-12 01:31:14",0.94495,27,wcwswswws
599,16809336,"Sreejit Pradhan","2026-09-08 11:23:29",0.94494,12,sreejitpradhan
600,16828069,Soham7,"2026-09-08 14:30:35",0.94493,3,sohamsavalekar
601,16830291,"Hajime Kumami","2026-09-05 00:34:29",0.94492,1,hajimekumami
602,16801847,QuedboX,"2026-09-05 13:17:15",0.94491,5,asdfassdf
603,16802898,"Dennis SH Lai","2026-09-12 03:24:33",0.94491,9,dshihlai
604,16798598,"Trish Cornelissen","2026-09-06 15:39:29",0.94487,47,tcspecialist
605,16831227,Marton,"2026-09-05 08:59:35",0.94484,3,martonfuck
606,16802777,"S Aishvarya","2026-09-05 13:32:13",0.94482,7,saishvarya
607,16805197,"Atharva Parab","2026-09-05 04:20:11",0.94480,12,atharvaparab
608,16807971,casati8,"2026-09-08 10:05:40",0.94474,8,casati8
609,16800002,Async,"2026-09-11 14:55:41",0.94473,40,k1y0sh1
610,16798836,"Wei Hsiang Lin111","2026-09-11 01:06:14",0.94471,17,weihsianglin111
611,16862526,"Javier Hernáez","2026-09-11 18:55:51",0.94470,3,javierhernaez
612,16798937,"Nirmal Patel","2026-09-02 07:16:28",0.94470,4,nirmalpatel02
613,16806120,"Koh Saito","2026-09-03 16:16:24",0.94468,6,kohsaito
614,16832333,"Karan Tanshukh","2026-09-04 17:20:05",0.94468,1,karantanshukh
615,16800025,"Ömer Faruk Tekin","2026-09-10 09:29:35",0.94465,2,faruktekin
616,16829258,cherish_zhang,"2026-09-10 07:28:34",0.94462,4,cherishzhang
617,16808989,"Mohammad Alnajdawi","2026-09-02 14:59:44",0.94462,3,mohammadalnajdawi
618,16861663,"Ali Uysal","2026-09-11 12:57:18",0.94461,2,aliuysal11111
619,16854740,lizh2025,"2026-09-09 13:23:06",0.94459,3,lizh2025
620,16801808,"Mahabub Hasan Mamun","2026-09-10 20:41:46",0.94455,8,mahabub001cs
621,16807903,"Utkarsh Agrawal","2026-09-04 15:55:32",0.94455,3,n0va007
622,16847182,"Bitbyte gng","2026-09-11 21:32:57",0.94454,15,"abhiramdarbha,manittiwari,tannna"
623,16798600,"Busya PRIME","2026-09-06 21:50:05",0.94453,7,busyaprime
624,16808743,"Mehmet Sami Boz","2026-09-04 14:37:33",0.94452,24,mehmetsamiboz
625,16808128,Yangzhenyu,"2026-09-02 09:33:47",0.94451,2,rubyq0v0p
626,16810539,"Oleg Zagorulko","2026-09-02 19:00:12",0.94451,1,altersystem
627,16799920,"Aloe moon","2026-09-04 20:10:14",0.94451,4,aloemoon
628,16799947,"OJO EMMANUEL","2026-09-09 15:14:47",0.94450,18,ojoemmanuelnifemi
629,16846751,jimmy5566,"2026-09-09 07:36:16",0.94449,4,jimmy5566
630,16804877,"Code by Nadiia","2026-09-11 12:45:11",0.94447,12,codebynadiia
631,16823835,kakuteki,"2026-09-04 08:25:25",0.94447,1,kakuteki
632,16802480,"Владислав Мурник","2026-09-09 11:55:18",0.94447,7,adik23twhrs
633,16839516,恵輔平川,"2026-09-11 14:39:53",0.94445,14,hirakawa0k
634,16805449,"amirhossein karimiee","2026-09-12 04:23:14",0.94445,6,amirhosseinkarimiee
635,16799549,"Avinash Maurya","2026-09-02 14:21:26",0.94444,5,avinash2009
636,16848519,"Ubeen Sim","2026-09-08 12:22:00",0.94444,4,ubeensim
637,16848583,"haru fuji","2026-09-11 16:44:54",0.94443,8,harufuji
638,16852156,OneduckOneduck,"2026-09-09 04:27:33",0.94441,7,oneduckoneduck
639,16866310,"Vishal Khomane","2026-09-11 09:58:40",0.94436,1,vishal567
640,16845940,"Yug Parikh","2026-09-07 08:51:42",0.94436,2,yugparikh
641,16808814,kouchan,"2026-09-12 03:16:10",0.94427,7,kouchan0104
642,16861020,"VIKASH YADAV","2026-09-11 14:18:53",0.94427,6,vikashyadav05
643,16838684,"Prathamesh Mistry","2026-09-08 20:21:34",0.94426,2,prothomeshmistry
644,16841870,"Yamin Hossain","2026-09-06 05:04:33",0.94425,1,yaminh
645,16826494,"Justine Lopez","2026-09-07 15:26:51",0.94423,6,justinelopez
646,16814215,PrabhatAgnihotri,"2026-09-11 04:04:02",0.94423,21,prabhatagnihotri
647,16858661,Vishwa,"2026-09-10 14:10:18",0.94423,3,rv1922
648,16849473,"Bobby Clare","2026-09-08 11:33:02",0.94416,1,bobbyclare
649,16841215,"Deepak #2","2026-09-06 10:03:37",0.94410,3,deepakup85
650,16820576,"Kuba Kościan","2026-09-10 19:49:50",0.94406,26,kubakocian
651,16861800,蛤密呱,"2026-09-12 03:06:48",0.94402,10,strengle2357
652,16863006,"Oleksandr Barskyi","2026-09-09 22:24:27",0.94401,2,oleksandrbarskyi
653,16865334,Rohitt_94,"2026-09-12 02:49:11",0.94400,3,rohitt94
654,16839520,"Srishanth Sriramula","2026-09-05 12:41:21",0.94397,1,srishanthsriramula
655,16811824,"Hammad Farooq","2026-09-05 04:33:24",0.94396,5,malikhammadfarooq
656,16831000,nobuya,"2026-09-12 03:20:58",0.94396,35,kakiginobuya
657,16862236,_v_sneha2002,"2026-09-09 18:54:48",0.94394,4,vsneha2002
658,16809850,"Minghao Xia","2026-09-05 05:54:20",0.94393,3,minghaoxia
659,16845714,Joey,"2026-09-09 15:24:09",0.94392,16,joeyb114020045
660,16845174,"Dren Hakaj","2026-09-09 12:03:26",0.94392,13,drenhakaj
661,16808218,"Asmita Khaitan","2026-09-09 09:38:57",0.94391,14,khaitanasmita
662,16813612,"RISHU RAJ","2026-09-03 20:38:04",0.94391,4,rishi412
663,16803548,AndyL,"2026-09-02 21:36:38",0.94388,4,androidl
664,16799984,"Erwin Huizenga","2026-09-11 17:34:13",0.94385,44,erwinh
665,16843656,"Raju Sah","2026-09-07 15:50:37",0.94380,6,rajucode
666,16800519,"Alibay Alili","2026-09-09 18:01:51",0.94378,5,alibay
667,16798635,"Cengiz Gurel","2026-09-09 22:45:37",0.94376,2,cengizgurel
668,16856903,"Roko Torbarina","2026-09-08 23:46:05",0.94376,2,rokotorbarina
669,16857729,rejk,"2026-09-09 05:17:25",0.94368,9,rejk11
670,16827183,asterask,"2026-09-07 08:31:01",0.94367,5,cherrycokecero
671,16840715,"SaiPrasanth S Naidu","2026-09-07 18:04:05",0.94365,6,saiprasanthsnaidu
672,16831054,LYH2401,"2026-09-10 16:00:35",0.94364,3,lyh2401
673,16877532,RodneyV,"2026-09-11 22:52:41",0.94363,3,mamkwebu
674,16840184,02,"2026-09-06 14:54:18",0.94361,1,avik090
675,16804786,"Pravin Takpire","2026-09-08 04:50:55",0.94361,2,pravintakpire
676,16844490,"Ibrahim Amoo","2026-09-09 10:11:28",0.94359,3,ibrahimamoo
677,16858945,"thuan nguyen159","2026-09-09 10:51:38",0.94358,4,thuannguyen159
678,16831018,"Mir Abir Hossain","2026-09-04 20:05:15",0.94357,4,mirabirhossain
679,16868781,"Srujan Nyamagoud","2026-09-11 03:04:09",0.94353,1,srujannyamagoud
680,16818074,VnHGTBoy,"2026-09-03 12:53:31",0.94350,7,vnhgtboy
681,16808168,Corruptors,"2026-09-02 11:22:21",0.94347,2,corruptors
682,16862981,"Roberto Zanaboni","2026-09-11 22:20:42",0.94342,3,robertozanaboni
683,16822952,tespip,"2026-09-08 11:29:42",0.94340,1,tespip
684,16798565,"Gaurav Dutta","2026-09-06 00:43:41",0.94340,23,gauravduttaiiitb
685,16798789,Shailesh,"2026-09-06 13:28:14",0.94337,2,shailesh5430
686,16799875,"Siddhu Jaykay","2026-09-02 12:14:21",0.94334,5,siddhujaykay
687,16798825,"Jason Lam","2026-09-11 06:03:55",0.94332,43,jlam83
688,16798809,yanyyyzt,"2026-09-08 14:04:44",0.94330,11,yanyyyzt
689,16803933,001eander,"2026-09-03 00:27:11",0.94329,2,o01eander
690,16852777,"Göktürk Çolak","2026-09-11 14:03:09",0.94329,14,gokturkcolak
691,16852305,RainbowC0,"2026-09-11 14:00:42",0.94329,10,wenyezhou
692,16827628,"Arisa Fukuda","2026-09-09 09:06:14",0.94326,3,arisafukuda
693,16828094,兄弟陪我同甘共苦，我就变同甘苦兄弟,"2026-09-12 05:54:55",0.94325,20,"typh0000n,yuanzhihao030605"
694,16860056,"pranay gaurav","2026-09-09 19:53:14",0.94325,1,pranaygaurav
695,16837657,"Ashton Peng","2026-09-12 04:04:22",0.94324,20,ashtonpeng
696,16804647,"NAMAN TRISOLIYA","2026-09-03 13:52:52",0.94320,10,namantrisoliya
697,16805784,"Andrew Tang","2026-09-04 07:04:39",0.94320,9,andrewtangg
698,16847849,"ROHAN Exploit","2026-09-07 14:22:15",0.94320,2,rohanexploit
699,16840369,Jeremy,"2026-09-05 16:34:41",0.94313,2,jeremybetz
700,16868144,"firat yavas","2026-09-11 14:21:00",0.94312,2,firatyavas
701,16803089,"Bogdan Doicin","2026-09-11 13:56:22",0.94308,43,bogdandoicin
702,16871309,Xoz17,"2026-09-12 06:10:34",0.94306,6,ajay990
703,16809093,yanis_lou,"2026-09-02 12:24:28",0.94304,10,yanislou
704,16833189,DD_AI_Studio,"2026-09-10 15:15:39",0.94303,6,ddaistudio
705,16812070,"Shuta Takano","2026-09-11 10:45:08",0.94298,4,shutatakano
706,16808083,"Jerónimo Paiva","2026-09-02 20:48:21",0.94297,1,jernimopaiva
707,16801664,ZAOUI_Yassine,"2026-09-11 14:43:30",0.94297,27,zaouiyassine
708,16802434,"Arko Bera","2026-09-08 11:24:04",0.94294,1,cartoonistbeard
709,16840941,Daeren,"2026-09-06 12:50:55",0.94291,1,daeren
710,16809944,"Brejesh Balakrishnan","2026-09-02 19:37:51",0.94288,3,brejeshbalakrishnan
711,16799978,"Kian Maghsoodi","2026-09-04 19:17:55",0.94286,6,kizmodo
712,16867614,"Davi Méaille","2026-09-11 09:11:32",0.94286,4,davimaille
713,16845815,change167,"2026-09-09 13:04:51",0.94285,7,change167
714,16833479,pp,"2026-09-06 23:34:54",0.94284,1,refrigerator21
715,16799878,"Hữu Bình Nguyên Nguyễn","2026-09-08 03:36:48",0.94282,20,hubnhnguynnguyn
716,16842740,"Mykyta Terentiev","2026-09-09 16:05:19",0.94282,2,mykytaterentiev
717,16800246,"ARIFUDDIN R","2026-09-08 02:57:05",0.94281,7,arifuddinr
718,16801850,松田,"2026-09-07 09:16:49",0.94281,8,nekonekonekone
719,16868638,"Win Suthar","2026-09-11 22:21:22",0.94280,3,ashwanidhukra
720,16803082,"Rafael Cunha","2026-09-11 02:58:47",0.94275,2,rnascunha
721,16855204,"Anshul Chikhale","2026-09-11 12:53:02",0.94274,4,anshulchikhale
722,16828280,"Shardul Pingale","2026-09-06 00:26:06",0.94263,2,shardulpingale
723,16807740,"Latent Drive","2026-09-07 11:43:22",0.94261,4,carlmakt
724,16839540,"Xerx 350","2026-09-06 10:54:19",0.94256,3,xerx350
725,16799561,miyu.k1aras@gmail.com,"2026-09-12 02:22:55",0.94255,18,miyuk1arasgmailcom
726,16811091,"Eymen Akb","2026-09-08 22:34:18",0.94253,24,eymenakb
727,16808093,"Raiyana Rufaida","2026-09-04 17:45:20",0.94252,2,shes1r
728,16845683,"ska B222","2026-09-08 20:00:57",0.94249,4,skab222
729,16848978,"Berşan Şatır","2026-09-09 12:47:13",0.94247,4,bersanstr
730,16840560,"Renārs Paiders","2026-09-11 22:06:12",0.94245,9,renrspaiders
731,16811914,"Michael Daniel EKKA","2026-09-03 07:35:06",0.94244,4,michaeldanielioai
732,16798622,Wildata,"2026-09-06 16:51:53",0.94241,15,wildata
733,16805628,Fabbasso,"2026-09-09 00:09:52",0.94241,10,fabrizio78
734,16810834,ArnoldRosielle,"2026-09-05 20:40:26",0.94238,3,arosielle
735,16818752,JetJetGo,"2026-09-04 13:51:25",0.94233,3,psykrishna
736,16798973,FanRuijie,"2026-09-07 06:58:27",0.94231,24,ruijiefancn04
737,16802989,"Yong Jun Fai","2026-09-08 13:54:58",0.94228,6,yongjunfai
738,16813886,"Animesh Kumar","2026-09-08 09:26:49",0.94227,2,animeshuit98
739,16802044,Arukyan,"2026-09-09 13:41:44",0.94227,8,arukyan
740,16840628,luicaru,"2026-09-08 15:19:47",0.94226,2,luicaru
741,16799128,DuDuDu0,"2026-09-11 07:56:53",0.94226,7,dududu0
742,16832904,Rushikesh,"2026-09-04 22:55:28",0.94226,1,rushii23
743,16817857,"Brishav Mondal","2026-09-10 09:18:49",0.94226,6,brishavmondal
744,16803015,"Marcos Silveira","2026-09-07 15:23:14",0.94225,25,msilve
745,16808689,"Stephen Tarter","2026-09-11 21:59:08",0.94220,15,stephentarter
746,16823527,"Michał Pasiowiec","2026-09-08 20:12:19",0.94219,4,michapasiowiec
747,16847295,"Opus HRI","2026-09-08 12:53:01",0.94219,1,nilseinecke
748,16848326,Elowry,"2026-09-10 20:22:12",0.94219,3,elowry
749,16798983,malibu_orange,"2026-09-01 06:22:33",0.94218,3,malibuorange
750,16864825,casperow,"2026-09-11 12:31:31",0.94218,1,casperow
751,16809585,mgoto51004,"2026-09-10 13:38:10",0.94216,16,mgoto51004
752,16814800,"Darío López Ramos","2026-09-07 07:26:55",0.94215,6,dariolr
753,16799233,hirondelle_ken,"2026-09-01 06:10:54",0.94215,3,hirondelleken
754,16846807,"Bijay Syangtan","2026-09-09 11:11:01",0.94215,4,bijaybijay
755,16832958,mohamedahmed,"2026-09-07 16:32:28",0.94214,5,markeb
756,16857480,dtHL123,"2026-09-11 10:27:52",0.94214,4,dthl123
757,16808003,"Matilda Tasiens","2026-09-11 17:30:27",0.94213,21,matildatasiens
758,16826989,Evander,"2026-09-08 15:39:55",0.94212,9,jiaoweishen
759,16799660,seung12,"2026-09-05 15:10:54",0.94212,15,seung123
760,16802552,Systum_Phar_Denge,"2026-09-07 20:09:52",0.94212,10,jamiussiddiqui
761,16802749,PIPPI,"2026-09-10 13:06:35",0.94212,21,hayatarosu
762,16853124,hhnn,"2026-09-10 14:32:22",0.94211,2,hhnn77
763,16798956,Taka-344,"2026-09-03 04:47:13",0.94210,2,taka344
764,16798984,Abhijeet000000007,"2026-09-11 14:37:39",0.94210,18,abhijeet000000007
765,16865483,鍵山勇太,"2026-09-10 13:36:34",0.94210,4,kagiyama0730
766,16832297,user_8128,"2026-09-07 16:34:37",0.94209,2,user8128
767,16850907,FalkTobias,"2026-09-08 00:59:56",0.94209,2,falktobias
768,16805092,"Parth Sarnobat","2026-09-08 07:53:53",0.94209,9,parthsarnobat
769,16862898,WBF_USA_NYC,"2026-09-10 00:48:04",0.94207,2,wbfranci
770,16850727,"Max Tenenbaum","2026-09-12 01:50:55",0.94207,2,maxtenenbaum
771,16803027,"Andrea Moschetti","2026-09-03 19:50:37",0.94207,9,andreamoschetti
772,16823031,"Ziad Mohamed","2026-09-05 00:48:03",0.94206,7,ziadmoelsayed
773,16824679,"Akansh Verma","2026-09-05 03:55:46",0.94206,1,illuzionzz
774,16805133,"Aryan Yadav","2026-09-01 23:40:23",0.94205,1,simplexcomplex
775,16800643,Shivam,"2026-09-11 04:40:13",0.94205,9,shivamgravity
776,16808267,"Simone Mazzoli","2026-09-05 13:17:19",0.94205,16,simonemazzoli
777,16799715,"poignant padaeng","2026-09-02 12:24:56",0.94204,1,poignantpadaeng
778,16846119,"Waqar Ahmed","2026-09-07 08:16:37",0.94204,2,waqarahmed55
779,16801532,"Uğur Atlı","2026-09-01 11:15:59",0.94204,1,uuratl
780,16803201,Yuzu,"2026-09-01 22:40:41",0.94204,2,yuzuoctopus
781,16854209,"LI ZHIGANG","2026-09-09 05:02:47",0.94203,2,leezhigang
782,16808910,"Muhammad Shoaib Altaf","2026-09-03 22:35:49",0.94203,1,muhammadshoaibaltaf
783,16801031,"yann sadowski","2026-09-01 15:47:52",0.94203,3,yannsadowski
784,16808792,"Kerem Meriç","2026-09-06 17:15:21",0.94203,4,keremmeric
785,16843857,Meshwa,"2026-09-07 21:02:40",0.94203,2,meshwapatel4287
786,16848100,"Gonçalo Cravinho","2026-09-09 15:06:54",0.94203,1,gonalocravinho
787,16802048,last2k4,"2026-09-01 20:40:48",0.94203,1,last2k4
788,16828977,flag_06,"2026-09-11 13:37:05",0.94202,8,flag06
789,16860228,"Ufuk Can Ilgin","2026-09-09 12:43:26",0.94202,1,ufukcanilgin
790,16802106,"Farid Pangestu Aji","2026-09-02 20:50:10",0.94202,8,faridpangestuaji
791,16817999,"Satyam Tiwari","2026-09-11 08:51:40",0.94201,3,satyamkes
792,16859064,"SDIT030A-Shubham Oza","2026-09-11 11:02:10",0.94201,2,sdit030ashubhamoza
793,16876230,_tripathi_ji_1,"2026-09-11 15:36:57",0.94201,2,tripathiji1
794,16844568,ayse,"2026-09-12 01:12:16",0.94201,8,aysenursolmaz
795,16865421,"Greg Lipman","2026-09-11 07:28:15",0.94201,4,greglipman
796,16804981,"Emirhan Kadan","2026-09-09 19:50:53",0.94200,9,emirhankadan
797,16813778,"Gorakh Nath Singh","2026-09-03 20:26:53",0.94200,1,gorakhnathsingh
798,16803062,"Sarvesh Chhetri","2026-09-11 17:12:41",0.94200,8,sarveshchhetri
799,16845268,"Yves Emmanuel","2026-09-07 20:03:38",0.94200,6,emmanuelyves
800,16848597,"Minh Quân Đào","2026-09-07 16:28:03",0.94200,4,minhquno
801,16805395,"Alfredo Chavelas","2026-09-09 19:13:30",0.94200,7,alfredochavelas
802,16822873,hkassimi,"2026-09-07 15:35:18",0.94200,3,hkassimi
803,16845896,Tiv,"2026-09-08 13:11:55",0.94199,3,tivdiss
804,16841179,"rahul yadav","2026-09-05 21:47:13",0.94199,2,rahullalu
805,16875625,zzzzzzzzyh,"2026-09-11 20:08:49",0.94199,6,zzzzzzzzyh
806,16838817,"Roy Smith","2026-09-07 08:32:15",0.94199,3,roysmithkkkkkkkkk
807,16843048,"Deep Patil","2026-09-06 09:58:03",0.94199,2,deeppatil1
808,16868544,"Tisha Jadhav ","2026-09-11 12:59:17",0.94199,1,tishajadhav
809,16802932,"Nicole Patterson","2026-09-10 00:24:33",0.94198,3,nicolepatterson8910
810,16827146,wanglei,"2026-09-10 13:02:00",0.94198,11,wellywelly
811,16861950,"Abhishek Gupta","2026-09-11 08:30:43",0.94198,2,abhishekgupta56447
812,16802808,"Rohit Prakash Singh","2026-09-05 04:14:11",0.94198,3,rpsingh21
813,16811231,Hussain99,"2026-09-04 09:36:22",0.94197,15,hussain99
814,16799733,"Anant jain","2026-09-02 06:31:50",0.94197,4,anantjain159
815,16799138,"Malco Qoo","2026-09-06 00:17:17",0.94196,10,malcoqoo
816,16805290,Govind,"2026-09-05 13:11:01",0.94196,8,shekeloatmeal
817,16799188,"Tuấn Anh","2026-09-07 15:35:13",0.94196,7,tuananhdata
818,16820518,"Dávid Straka","2026-09-10 12:07:43",0.94196,2,dvidstraka
819,16798914,"Shinichi Monden","2026-09-11 17:43:03",0.94196,19,shinichimonden
820,16810678,"Kamonashis Halder","2026-09-10 08:41:52",0.94195,3,kamonashis
821,16798705,shushushun,"2026-09-05 10:08:27",0.94195,3,shushushun
822,16849059,"Manuel Santiago Atencio","2026-09-11 22:16:18",0.94195,9,manuelsatencio
823,16828407,"SAMARTH ZAVERI","2026-09-04 21:06:48",0.94195,3,samarthzaveri
824,16856301,"Ege Karaismailoğlu","2026-09-12 02:35:41",0.94195,20,ekarais
825,16869432,"Kélian Pons","2026-09-11 17:23:08",0.94195,9,"gwenn05,klianpons"
826,16858086,"Hiroyuki Fujimaki","2026-09-09 14:33:20",0.94194,2,hiroyukifujimaki
827,16838773,dak7sh,"2026-09-05 10:16:12",0.94193,2,dak7sh
828,16800942,"Ziad Roshdy","2026-09-10 01:20:20",0.94193,9,ziadzika
829,16831283,"Bob Kunanda","2026-09-04 18:08:55",0.94193,10,bobkunanda
830,16828565,"Kalpesh Koli","2026-09-06 05:32:06",0.94193,7,knightkai
831,16848554,Vishal7870,"2026-09-08 14:33:39",0.94193,1,vishal7870
832,16800055,AKASH_21_033_A,"2026-09-01 14:58:11",0.94193,5,akash21033a
833,16863007,Ilya,"2026-09-10 11:42:58",0.94192,5,imitusov
834,16852578,bardiagood,"2026-09-11 03:10:18",0.94191,3,bardiagood
835,16847930,tomohiroikeda,"2026-09-11 06:46:16",0.94191,6,tomohiroikeda
836,16807907,"Ababil Khoerul Imam","2026-09-02 16:15:36",0.94191,2,ababilkhoerulimam
837,16847462,kphotchara,"2026-09-07 13:56:19",0.94191,2,kphotchara
838,16860820,Sadit,"2026-09-10 07:19:38",0.94191,3,sadit12
839,16808752,Tom8710,"2026-09-11 05:38:58",0.94191,17,tomactlog
840,16847512,"Umut Doruk Öztürk","2026-09-07 15:14:18",0.94190,4,umutdorukztrk
841,16799788,"Timofej Golobokov","2026-09-07 19:16:43",0.94190,4,dymy1ry
842,16802383,"zuhal yıldırım","2026-09-02 13:34:39",0.94190,4,zuhalyldrm7
843,16807114,jdw0899,"2026-09-04 05:42:34",0.94190,1,jdw0899
844,16854889,"Rick Clauser","2026-09-08 15:13:25",0.94190,1,rickclauser
845,16802249,Zack_AI_Qu,"2026-09-07 15:56:29",0.94190,5,zackaiqu
846,16798823,privatebell,"2026-09-07 23:40:45",0.94190,2,privatebell
847,16843546,"Ilmari Leiviska","2026-09-06 14:09:51",0.94190,4,ilmarileiviska
848,16843779,"Arnav Tripathi","2026-09-06 20:04:38",0.94190,1,arnavtripathi17
849,16841020,dev_devika_2929,"2026-09-08 21:58:56",0.94190,6,devdevika2929
850,16867168,"Artyom Oganesyan","2026-09-11 19:07:44",0.94189,4,artyomoganesyan
851,16806667,Angelina986,"2026-09-09 12:39:01",0.94189,28,angelina986
852,16839957,stevvvpy,"2026-09-08 13:23:19",0.94189,1,stevenliwang
853,16802937,"Mikhail Ushakov","2026-09-01 20:12:11",0.94189,7,syndicate2k
854,16800066,"SYED HANZALA ALI SHAH","2026-09-06 16:26:16",0.94188,20,syedhanzalaalishah
855,16855338,"Gonzalo Garcia43","2026-09-09 11:30:28",0.94188,9,gonzalogarcia43
856,16875432,"Kibrewossen Tesera","2026-09-11 15:31:01",0.94188,4,kibrewossentesera
857,16826051,Ansh_Gupta2702,"2026-09-09 11:56:32",0.94188,17,anshgupta2702
858,16843525,"MOSTEFAI MOUNIR","2026-09-11 22:53:23",0.94187,4,mostefaimounir
859,16867920,KodHod,"2026-09-10 18:59:23",0.94187,5,"bbqplaza,taimahasuwan,wathit"
860,16842693,dtsroy,"2026-09-06 10:27:51",0.94187,1,dtsroy
861,16856016,"Ejiro Ugolor","2026-09-11 15:56:36",0.94187,2,ejirougolor
862,16807162,"Ari Yehuda Betser","2026-09-02 08:10:50",0.94187,3,ariyehudabetser
863,16830488,"Mohammad Barraj","2026-09-10 05:51:40",0.94187,3,mohammadbarraj
864,16847488,"Yan Tao Tang","2026-09-09 15:28:54",0.94186,5,yantaotang
865,16798954,"Aritra Dasgupta","2026-09-01 05:45:03",0.94186,10,ardagmus
866,16801009,SunSeeker染汐,"2026-09-02 11:25:59",0.94186,2,sunseekerrx
867,16850604,"Frank Bohm","2026-09-08 09:42:49",0.94186,2,frankbohm
868,16807990,"Anuj Saha","2026-09-08 11:36:44",0.94186,9,anujsaha0123456789
869,16808862,Morris_kaggle,"2026-09-07 08:11:48",0.94186,10,keisukekaggle
870,16810933,"Corey Michaud","2026-09-10 16:01:40",0.94186,4,coreymichaud
871,16840156,"Nabil NOUALI","2026-09-05 17:51:11",0.94185,2,nabilnouali
872,16805142,donkedo,"2026-09-06 15:43:58",0.94185,9,donkedo
873,16806532,"Abhijit Pise","2026-09-02 08:28:38",0.94185,8,abhijitpise
874,16839950,"Furkan Sipahi","2026-09-06 19:22:59",0.94185,1,furkansipahi
875,16811766,"Yunchi Wu","2026-09-04 09:39:48",0.94185,8,yunchiwu
876,16802897,zyq277,"2026-09-02 05:20:13",0.94184,1,zyq277
877,16849900,ZhaoWang_Leon,"2026-09-09 10:45:51",0.94184,6,zhaowangleon
878,16798874,"Syafrian Abra Hutabarat","2026-09-01 11:30:13",0.94184,2,syafrianabra
879,16833413,"yumi sato","2026-09-05 03:22:43",0.94184,2,yumisato1234
880,16825461,Krishnakdk,"2026-09-04 06:26:34",0.94184,9,krishnakdk
881,16841415,Osmond,"2026-09-05 23:15:34",0.94184,5,osmond20006
882,16809883,"Lorenzo Mansi","2026-09-05 13:34:09",0.94184,4,lollo0900
883,16844257,"Mohammad Elsayed","2026-09-09 17:43:23",0.94183,6,someotherbody
884,16831343,"Razan Ihab","2026-09-06 15:58:19",0.94183,1,razanihababdellatif
885,16809344,Harmesh,"2026-09-11 17:46:39",0.94183,2,harmesh095
886,16805225,Tigerpiotta,"2026-09-11 21:08:29",0.94183,4,tigerpiotta
887,16844504,Grace7523,"2026-09-08 15:35:27",0.94183,1,grace7523
888,16808251,"Iftekhar ahmmed","2026-09-09 04:12:06",0.94183,7,iftekhar1ahmmed
889,16832410,"Jainish Kumar","2026-09-10 18:08:47",0.94182,2,jainishkumar
890,16861339,JunGeMa1,"2026-09-11 19:16:24",0.94182,5,jungema1
891,16838603,ajimihao,"2026-09-07 10:04:42",0.94182,2,ajimihao
892,16809976,"Esma Oğuz","2026-09-06 22:54:36",0.94181,5,eoguzz
893,16806407,"Kaustubh Mukdam","2026-09-09 14:45:58",0.94181,8,kaustubhmukdam
894,16803084,"Satyam Kumar0725","2026-09-02 16:12:03",0.94181,3,satyamkumar0725
895,16799456,"Rayk Kretzschmar","2026-09-03 06:32:01",0.94181,4,raykkretzschmar
896,16815031,"Rutang Patel","2026-09-05 05:58:38",0.94180,4,rutangpatel
897,16876182,Ricard0Borges,"2026-09-11 20:36:03",0.94180,2,ricard0borges
898,16831984,golugoodboy,"2026-09-08 16:09:15",0.94180,1,prabhatkagglelearn
899,16849384,"Artyom Sayapin","2026-09-10 23:19:18",0.94180,1,spielmeister
900,16799076,"Do Hyun Nam","2026-09-02 00:29:59",0.94180,4,dollis
901,16802553,"Anurag malik00","2026-09-04 10:52:44",0.94180,3,anuragmalik00
902,16803310,"Mirko Caroleo","2026-09-06 16:48:09",0.94180,10,mirkocaroleo
903,16802856,"Joao Pedro Nascimento de Sousa","2026-09-01 16:37:26",0.94180,1,joaopedrosousan
904,16804087,JMAscacibar,"2026-09-04 11:22:36",0.94179,9,jmascacibar
905,16830469,"Louis GERVILLE-REACHE","2026-09-10 08:16:50",0.94179,6,louisgerville
906,16843254,zfzflzf,"2026-09-09 13:16:06",0.94179,8,zfzflzf
907,16800647,Nesime,"2026-09-04 07:38:51",0.94179,4,monkeybox
908,16801049,"hyhien lu","2026-09-02 12:52:36",0.94178,1,hyhienlu
909,16807201,"Prosotas dubiosa","2026-09-09 17:51:50",0.94178,1,prosotasdubiosa
910,16827009,dosomethingbetter,"2026-09-04 07:17:03",0.94178,1,dosomethingbetter
911,16875526,CHENJUNFENG,"2026-09-11 16:06:28",0.94178,5,fcjjpp
912,16843648,"Christopher Mungiria","2026-09-11 19:53:34",0.94178,12,christophermungiria
913,16805465,mike_L,"2026-09-01 22:49:54",0.94177,7,mikeloncaric
914,16810998,"De Marchi Fabio","2026-09-11 20:17:10",0.94177,4,obiaf88
915,16818709,khanhtran,"2026-09-04 07:22:25",0.94177,12,carlostran
916,16852348,KALP_LAD,"2026-09-10 23:32:40",0.94176,7,kalplad
917,16854142,"Marco Nardone","2026-09-10 21:01:23",0.94176,1,marconardone
918,16811586,rlrlrlrlrl,"2026-09-04 06:50:48",0.94176,1,rlrlrlrlrl
919,16849189,danishlaraib,"2026-09-08 02:07:22",0.94176,3,danishlaraib
920,16811960,"Mike Johnson","2026-09-12 02:36:00",0.94176,2,mrjohnsonsea
921,16871146,huijie_g,"2026-09-11 09:52:15",0.94176,4,huij11gg
922,16798798,BrentL,"2026-09-03 04:43:12",0.94176,3,brentl
923,16843247,"Gunnika Aggarwal","2026-09-06 16:14:47",0.94176,8,gunnikaggarwal
924,16806569,"Ramuni Lalith Vishnu","2026-09-06 12:30:49",0.94175,1,ramunilalithvishnu
925,16857084,"tetsuya takahashi","2026-09-10 23:15:49",0.94175,3,tetsuyatakahashi
926,16860410,"Kir Bor","2026-09-09 17:12:36",0.94175,5,abkir1
927,16812667,AaradhyaGupta,"2026-09-03 04:45:51",0.94175,1,aaradhyaguptaai
928,16802729,"Akash Jadhav","2026-09-02 11:41:42",0.94175,2,EagleOnAI
929,16809529,平野竜貴,"2026-09-07 13:02:27",0.94175,1,hiraaaaah
930,16854024,"Ruben Garcia","2026-09-10 15:41:13",0.94174,3,rubengarcia2309
931,16806555,Dev_Patel,"2026-09-02 07:36:03",0.94174,2,devpateldev
932,16842541,Rutang,"2026-09-06 09:28:44",0.94174,1,rutang2
933,16854394,as_mild_ny,"2026-09-08 14:59:56",0.94174,1,asmildny
934,16809706,"Parth Kumbhar","2026-09-03 19:11:45",0.94174,2,parthkumbhar131106
935,16811806,"Waihei Yuk","2026-09-03 06:02:27",0.94174,1,waiheiyuk
936,16798921,"Mehreen Rahman","2026-09-01 16:56:24",0.94174,1,mehreenrahman
937,16799117,"Chirapathleo Saelim","2026-09-09 05:36:09",0.94173,5,chirapathleosaelim
938,16799807,"Patrice MAZEL","2026-09-10 20:24:55",0.94173,1,patricemazel
939,16863936,SRSKhan,"2026-09-10 05:38:45",0.94173,1,srskhan
940,16807687,Dawnej,"2026-09-12 04:59:06",0.94172,17,dawnej
941,16844167,"Aleksandr Artamonov","2026-09-08 17:49:00",0.94172,6,arutamonofu
942,16808308,"Edosuyi Enosakhare","2026-09-04 09:11:18",0.94172,7,edosuyienosakhare
943,16857361,mmcuda,"2026-09-09 05:00:14",0.94172,2,mmcuda
944,16830827,"Quantum Autumn","2026-09-06 10:38:06",0.94172,15,autumnquantum
945,16854013,"Şahin Alp Akosman","2026-09-10 12:11:24",0.94172,5,sahinalpakosman
946,16803386,Jatin,"2026-09-04 09:51:33",0.94172,2,jatinkumar2005
947,16817796,Xplug-xmc,"2026-09-09 14:15:49",0.94172,2,xplugxmc
948,16802079,"Soichiro Shido","2026-09-01 10:05:49",0.94172,1,soichiroshido
949,16859192,"ARUNAGIRINATHAN K","2026-09-11 00:51:20",0.94171,9,arunsworkspace
950,16798799,"KOUSHIK KUMAR DINDA","2026-09-01 03:36:18",0.94171,1,koushikkumardinda
951,16822784,"mattéo Mathis","2026-09-04 23:05:31",0.94171,5,mattomathis
952,16799630,"Rohit Kumar","2026-09-10 03:55:05",0.94171,18,rohit4468
953,16842677,endobop,"2026-09-10 16:34:51",0.94171,4,krishanukalita
954,16841249,Royal_Mustaches,"2026-09-05 20:11:01",0.94171,1,royalmustaches
955,16846589,"Joseph D","2026-09-07 18:27:30",0.94170,2,navigatordj
956,16802216,zouxiheng,"2026-09-01 14:35:26",0.94170,10,zouxiheng
957,16798876,daihui16,"2026-09-11 03:24:58",0.94170,3,cmt1127
958,16865244,"Krissawan Boontham","2026-09-10 11:55:18",0.94170,4,krissawanboontham
959,16831055,Talhai212565,"2026-09-08 22:01:04",0.94170,1,talhai212565
960,16799785,HuiJuan.Yu,"2026-09-01 08:18:09",0.94170,4,chuyuni
961,16810744,"Muhammad Adnan Shahzad","2026-09-02 21:48:27",0.94170,1,muhammadadnanshahzad
962,16808354,"Hifza Ansari","2026-09-03 12:21:51",0.94170,1,hifzaansari
963,16802326,"Avik Das","2026-09-02 06:11:07",0.94169,2,avikdas567
964,16799185,"Satyajeet Kumar","2026-09-01 06:01:13",0.94169,2,m4rcuseryx
965,16828595,"Keep Motivated","2026-09-04 11:44:40",0.94169,2,keepmotivated
966,16847403,suiban410219,"2026-09-08 11:46:31",0.94169,5,suiban410219
967,16803985,"Seungjun Lee","2026-09-02 00:26:07",0.94169,1,seungjunleeofficial
968,16847728,"Emanuele Latino","2026-09-09 10:23:16",0.94169,2,emanuelelatino
969,16802681,Fousekhs,"2026-09-01 12:56:08",0.94169,1,fousekhs
970,16799546,"Sean Connolly","2026-09-02 02:48:38",0.94169,4,seanconnolly
971,16876158,"Mobeen Fatima","2026-09-12 04:39:43",0.94169,1,mobeenfatimah
972,16800537,e271828,"2026-09-02 01:15:14",0.94169,4,e271828ai
973,16866677,jinruixu,"2026-09-11 13:27:50",0.94169,1,jinruixu11
974,16808970,"Татьяна Кафьян","2026-09-03 13:40:03",0.94169,4,kafyantatyana
975,16854479,"Muarifatul husna","2026-09-08 15:59:44",0.94169,2,muarifatulhusna
976,16799649,DongJunKim,"2026-09-01 11:12:13",0.94169,4,kkiljh
977,16808986,Yukino487,"2026-09-02 14:52:37",0.94168,4,yukino487
978,16798715,Catadanna,"2026-09-01 09:58:12",0.94168,7,catadanna
979,16802621,Sarthak,"2026-09-03 18:15:55",0.94168,4,sarthak914
980,16835960,kansyo,"2026-09-10 11:28:43",0.94168,2,kansyo
981,16865886,Akshai_0,"2026-09-11 10:07:31",0.94168,8,akshai0
982,16817493,yihang1717,"2026-09-04 12:58:02",0.94168,1,yihang1717
983,16815012,RayHuang,"2026-09-03 12:15:48",0.94168,4,rayhuang0124
984,16866496,Fidel,"2026-09-10 17:40:28",0.94168,2,fidellusianaputri
985,16823385,"Carol Wu","2026-09-06 19:46:56",0.94168,1,phr0gg
986,16862277,"Al Hadj Hmida Chadi","2026-09-09 21:00:18",0.94168,2,alhadjhmidachadi
987,16808044,cropperash,"2026-09-04 08:46:46",0.94168,11,cropperash
988,16839327,Leeguang98,"2026-09-08 17:24:38",0.94167,2,leeguang98
989,16809348,Mrsalty,"2026-09-02 13:19:22",0.94167,1,mrsaltyx
990,16823986,"orchid Liu","2026-09-09 09:03:31",0.94167,1,orchidliu
991,16802394,"LEVAN KANKADZE","2026-09-07 17:13:32",0.94167,2,synchrocyclotron
992,16841382,"Phyo Wai Aung1","2026-09-07 22:36:25",0.94167,14,"kyawphonethant,phyowaiaung1"
993,16809973,TobiST10,"2026-09-06 22:45:29",0.94167,15,tobist10
994,16870912,"Nitesh Kanojiya","2026-09-11 13:46:03",0.94167,3,niteshk4nojiya
995,16818882,"Abdallah Hashad","2026-09-05 19:59:59",0.94167,2,abdallahhashad0
996,16798853,Marius,"2026-09-09 23:09:40",0.94167,3,mariusborel
997,16798955,skbhai07,"2026-09-02 10:22:17",0.94167,1,skbhai07
998,16864500,"Yueheng ZENG","2026-09-10 09:40:34",0.94167,1,yuehengzeng
999,16842160,ricky5932,"2026-09-06 12:57:10",0.94167,3,ricky5932
1000,16831225,"Trinh Tuan Anh","2026-09-07 19:37:43",0.94166,2,trinhtuananh
1001,16832693,"Oktavian Prasetya Adi","2026-09-06 05:55:57",0.94166,6,oktavianprasetyaadi
1002,16855112,Qwe_,"2026-09-09 12:07:26",0.94166,1,annchern
1003,16808674,"Vignesh Nehru","2026-09-10 14:31:20",0.94166,2,vigneshnehru
1004,16822295,"S Fukushi","2026-09-06 06:21:52",0.94166,1,sfukushi
1005,16806807,"Zeyou Zhang","2026-09-07 10:02:42",0.94166,1,zeyouzhang
1006,16806342,"Umar Tabbsum","2026-09-02 04:15:41",0.94166,1,umartabbsum
1007,16878455,"Tianle Xiang","2026-09-12 04:06:09",0.94165,6,tianlexiang
1008,16809666,Ksuke29,"2026-09-10 06:48:54",0.94165,4,keisuke20040529
1009,16871250,liulian123,"2026-09-11 07:23:44",0.94165,2,liulian123
1010,16810013,rainday,"2026-09-02 15:42:17",0.94164,1,leezhenhong10
1011,16817843,"Dannya AbdulHadi","2026-09-03 09:50:41",0.94164,1,dannyaabdulhadi
1012,16852684,"Pritesh Raj","2026-09-08 06:00:19",0.94164,1,priteshraj10
1013,16799759,hideaki_mizoue,"2026-09-01 06:53:36",0.94164,1,hideakimizoue
1014,16808343,"Ukasha Nadeem","2026-09-04 11:50:42",0.94164,9,ukashanadeem
1015,16800057,Sofia_Gilka,"2026-09-07 07:30:45",0.94164,3,sofiagilka
1016,16862342,"Yiğit Can","2026-09-09 20:16:36",0.94164,6,yiiitcan
1017,16841935,ytani,"2026-09-06 11:58:00",0.94164,3,dreamvly
1018,16799363,"Jay Soni","2026-09-03 06:19:16",0.94164,3,jaysoni4
1019,16798617,"Anim Samuel K.","2026-09-03 03:42:35",0.94163,4,animsamuelk
1020,16826542,mascham,"2026-09-04 10:20:57",0.94163,2,nchamid
1021,16862187,"Tejas Nisar","2026-09-10 18:54:28",0.94163,8,tejasnisar
1022,16799475,ZiYiMing,"2026-09-03 05:03:06",0.94163,3,ziyiming
1023,16860385,fengduan555,"2026-09-10 14:28:07",0.94163,2,fengduan555
1024,16848969,"Zoha Khawaja","2026-09-10 12:14:46",0.94163,3,zohakhawaja
1025,16838719,Residual,"2026-09-06 15:23:48",0.94163,5,debrupsarkar30111
1026,16818252,"Wondering Luffy","2026-09-03 11:38:59",0.94163,9,anhadmh
1027,16877327,simplepotato,"2026-09-11 21:32:36",0.94162,1,harshmaurya01
1028,16840271,"Pedro Rafael Sousa","2026-09-05 16:56:42",0.94162,2,pedrorafaelsousa
1029,16842041,SAURABH257,"2026-09-09 11:47:11",0.94161,4,saurabh257
1030,16806591,"Dear Shark","2026-09-02 04:55:23",0.94161,1,dearshark
1031,16805378,"Chirag Desai","2026-09-12 06:16:52",0.94161,1,cid007
1032,16859294,PuChang,"2026-09-09 09:28:11",0.94161,1,dennychang
1033,16818169,"Vinitha Raj","2026-09-06 11:43:39",0.94161,4,vinurajesh
1034,16855830,"Samuel Patton","2026-09-09 23:23:30",0.94161,7,samuelpatton22
1035,16834874,lumarigoz,"2026-09-10 02:52:01",0.94161,6,lumarigoz
1036,16843958,Rohan,"2026-09-07 16:10:04",0.94160,7,mathleteutd
1037,16806946,"Srishti Gauraha","2026-09-03 04:50:19",0.94160,4,srishtigauraha
1038,16833035,"Abderraouf Saleh Kihel","2026-09-07 13:29:59",0.94160,5,abderraoufsalehkihel
1039,16850565,"Muna Mohamed Hassan","2026-09-10 19:33:24",0.94160,5,munamohamedhassan
1040,16820717,Dexter_ML,"2026-09-03 15:35:24",0.94160,2,dexterml
1041,16824996,"Aditya kumar Jha","2026-09-12 04:47:31",0.94160,2,adityakumarjha08
1042,16870465,"Kenan Zhang9","2026-09-11 03:02:05",0.94160,1,kenanzhang9
1043,16857639,"Raja' Huwaydah Nassar","2026-09-09 05:34:35",0.94160,5,rajahuwaydahnassar
1044,16799638,"Chaitanya Jamble","2026-09-01 06:24:58",0.94160,4,chaitanyajamble
1045,16847692,"Aryaveer Gupta","2026-09-10 10:27:32",0.94160,4,aryaveergupta
1046,16861396,"Phoenix #2","2026-09-09 15:25:54",0.94159,1,seanht1
1047,16828047,"Pierpaolo Bellusci","2026-09-08 21:27:35",0.94159,1,pierpaolobellusci
1048,16804927,"Krishna Mohan","2026-09-01 18:32:39",0.94159,1,km2006
1049,16869107,fEULER30,"2026-09-11 02:03:05",0.94159,3,feuler30
1050,16819773,dongfangdaguo,"2026-09-04 14:37:43",0.94159,2,dongfangdaguo
1051,16815208,"jason vetter","2026-09-05 04:39:45",0.94159,1,jasonvetter
1052,16851351,brunoarpa,"2026-09-09 16:23:38",0.94159,2,brunoarpa
1053,16799741,"Abhishek Mishra112","2026-09-03 13:10:53",0.94159,2,abhishekmishra112
1054,16799537,dig987,"2026-09-01 10:33:12",0.94159,1,digvijayahirrao
1055,16844666,"Tleukhanov Yeraly","2026-09-06 20:03:58",0.94158,1,tleukhanovyeraly
1056,16811217,"Maks Prinko","2026-09-03 15:49:51",0.94158,1,maksprinko
1057,16841002,"Carlos Alves","2026-09-08 19:21:50",0.94158,1,carlosone
1058,16848352,KL0620,"2026-09-09 10:54:30",0.94158,4,kimlunl
1059,16858643,"Aarav Shanker","2026-09-09 08:32:30",0.94158,3,aaravshanker7
1060,16809611,"Mohammed arfan shafin","2026-09-10 03:33:29",0.94158,13,mohammedarfanshafin
1061,16857773,"Thousand Valley Field","2026-09-11 15:25:37",0.94158,7,hatakuncom
1062,16843329,"Saksham Singh","2026-09-07 08:04:48",0.94158,8,sakshamsingh0806
1063,16804934,"Shayan Zulfiqar","2026-09-11 06:08:34",0.94158,12,shayanzk
1064,16876372,Ayodeji,"2026-09-11 19:24:48",0.94157,1,ayodejiibrahimlateef
1065,16807309,stpete_ishii,"2026-09-03 05:42:31",0.94157,7,stpeteishii
1066,16839987,"Dalia Mowafy","2026-09-11 18:31:14",0.94157,3,daliamowafy7
1067,16806154,"Arun Kumar Oraon","2026-09-02 04:52:12",0.94157,1,arunkumaroraon
1068,16823206,"Erfan Hosseini","2026-09-11 21:32:49",0.94157,1,erfanhos
1069,16839965,"Sairaj Adhav","2026-09-08 01:34:38",0.94157,5,sai10py
1070,16814770,ShivamSharma,"2026-09-05 02:57:02",0.94157,2,shivamsharma89989880
1071,16868051,"Jain Hemang","2026-09-11 19:01:12",0.94157,2,jainhemang
1072,16847250,KunyinSun01,"2026-09-07 11:33:53",0.94157,1,kunyinsun01
1073,16847425,"Team Slavia","2026-09-07 10:32:35",0.94157,1,"harshpatill08,jainmanthanarvind,kambleshravanganesh"
1074,16865303,qqq12332111,"2026-09-10 11:10:14",0.94157,1,qqq12332111
1075,16809235,"Factual Explorer","2026-09-04 14:11:38",0.94157,1,factualexplorer
1076,16876177,SergioMoras,"2026-09-11 16:12:26",0.94157,2,sergiomoras
1077,16811275,"Leonardo Melniski","2026-09-03 01:18:08",0.94157,1,leonardomelniski
1078,16809110,anonymous134275,"2026-09-03 09:25:13",0.94157,13,anonymous134275
1079,16830896,Prasanna,"2026-09-04 14:04:01",0.94157,2,prasanna25
1080,16855619,"Bhumika Goyal","2026-09-08 19:59:47",0.94156,1,bhumikag27
1081,16841417,SANTOS,"2026-09-05 23:11:51",0.94156,2,sandocorp23santos
1082,16841004,"Husain Bohra","2026-09-06 08:23:36",0.94156,1,husainbohra05
1083,16844434,"Ranga Sai Shreyas7","2026-09-08 16:11:34",0.94156,1,rangasaishreyas7
1084,16816738,Kapil,"2026-09-04 05:20:52",0.94156,10,kapil3
1085,16799082,江口ゼミ,"2026-09-03 02:00:53",0.94156,1,"boritannsenzinn,ublfublf"
1086,16876453,"Shaheer Alam","2026-09-11 16:55:26",0.94156,1,mshaheeralam
1087,16804938,Koostik126,"2026-09-01 20:50:55",0.94156,1,kostya138
1088,16824571,"Will Smith","2026-09-07 23:28:01",0.94155,1,wcsmith26
1089,16799072,lighth,"2026-09-09 14:41:01",0.94155,1,lighth
1090,16841059,"Ярослав Третьяк","2026-09-06 20:28:42",0.94155,7,berch123
1091,16811627,traumt,"2026-09-03 01:39:24",0.94155,1,traumt
1092,16860611,znikola45,"2026-09-10 15:17:11",0.94155,1,zabicnikola45
1093,16825802,"geeta bamhane","2026-09-04 06:08:26",0.94155,1,geetabamhane
1094,16809681,"Tráng Phùng Văn","2026-09-03 17:16:21",0.94155,1,phungtrang
1095,16831212,Ben,"2026-09-06 04:47:35",0.94154,2,shadowjr
1096,16865758,"Marco Rava92","2026-09-10 18:00:46",0.94154,5,marcorava92
1097,16865438,"RAKSAKANTH J","2026-09-10 08:26:51",0.94154,3,raksakanthj
1098,16850067,"SHANMUKHA DATTA BODA","2026-09-11 12:21:18",0.94154,3,shanmukhadattaboda
1099,16810323,"Riya Raj","2026-09-04 12:12:13",0.94154,5,riyaraj9
1100,16802874,"mariko f.","2026-09-02 14:30:37",0.94154,3,marikof
1101,16860226,"xie daoyun","2026-09-10 11:18:39",0.94153,1,xiedaoyun
1102,16861460,desptet,"2026-09-11 10:38:44",0.94153,1,desptet
1103,16802751,"Hamza Nazim Siddiqui","2026-09-05 14:07:22",0.94153,7,"dtdoww,shreyashsiddharth"
1104,16806526,"Prince Radadiya","2026-09-03 12:18:52",0.94153,5,princeradadia
1105,16863464,"Muhamad Alexander","2026-09-10 16:52:47",0.94153,3,herons202
1106,16802771,"Gyanendra Singh Yadav","2026-09-01 14:26:39",0.94153,2,gyanendrasinghyadav
1107,16857606,"Emmanuel King Chris","2026-09-09 23:49:24",0.94153,2,emmanuelkingchris
1108,16871764,"Guneeth K","2026-09-11 08:48:04",0.94153,1,guneethk
1109,16848674,imandysaurus,"2026-09-07 19:31:05",0.94153,2,imandysaurus
1110,16876046,"Bensu Kocatepe","2026-09-11 16:59:28",0.94152,2,bensukocatepe
1111,16832122,sameer7888,"2026-09-08 04:02:22",0.94152,1,sameer7888
1112,16810411,"aggressive_elimination = True","2026-09-06 23:14:08",0.94152,3,"mcprorolexs,paperxd"
1113,16807809,"Vlad Baranceanu","2026-09-02 08:32:49",0.94152,1,vladbaranceanu
1114,16823792,"Rohit Wayal","2026-09-10 23:44:19",0.94152,4,rohitwayal12
1115,16849647,korlakunta,"2026-09-08 17:52:01",0.94152,1,korlakunta
1116,16847681,"Ferhat Metin","2026-09-07 12:56:07",0.94152,3,ferhatmetin34
1117,16810718,"Akshita Sharda","2026-09-11 18:48:33",0.94151,1,akshitasharda01
1118,16846070,"mino sussin","2026-09-09 15:23:56",0.94151,1,minosussin
1119,16832047,Egunuraka,"2026-09-07 05:01:04",0.94151,1,egunuraka
1120,16803048,"yoshiomi shimazu","2026-09-11 16:47:45",0.94151,3,yoshiomishimazu
1121,16832052,Dhruv1029,"2026-09-04 18:14:58",0.94151,1,dhruv1029
1122,16856334,"Mariyyyaa ella","2026-09-08 21:44:33",0.94150,1,mariyyyaaella
1123,16806192,EmmaL09,"2026-09-03 00:54:57",0.94150,3,emmal09
1124,16826984,"Olivia Redd","2026-09-04 10:02:45",0.94150,1,oliviaredd
1125,16829721,"Manushi Bombaywala","2026-09-04 11:34:41",0.94150,1,manushibombaywala
1126,16798564,"Ιωάννης Σταμελιάς","2026-09-03 13:47:24",0.94150,3,giannhsstamelias
1127,16839883,Darth_vader_090605,"2026-09-07 09:44:22",0.94150,1,priyanshujha090605
1128,16799782,"Diogo R. Ferreira","2026-09-01 11:35:25",0.94150,4,diogoff
1129,16856983,kaypto,"2026-09-10 11:34:50",0.94150,2,kaypto
1130,16808747,"Александр Трифонов","2026-09-02 13:16:50",0.94150,1,cybrvibe
1131,16800048,okuub11,"2026-09-01 08:31:04",0.94150,1,okuub11
1132,16868278,"Avian Ross","2026-09-10 18:44:25",0.94150,2,avianross
1133,16811711,feng,"2026-09-11 13:55:50",0.94149,1,guofungwong
1134,16800003,Itpl16,"2026-09-01 15:44:15",0.94149,4,itpl16
1135,16802686,"Argus Kern","2026-09-01 12:10:54",0.94149,1,arguskern
1136,16844341,"William Chang","2026-09-06 18:02:10",0.94149,1,williamchangyl
1137,16809769,"Aditya Kumar U","2026-09-10 06:10:38",0.94149,1,"adityakumaru,arvindlol,chashin"
1138,16855108,"Ahmed Hossam Elhawary","2026-09-11 06:16:28",0.94149,1,ahmedapolo
1139,16853247,WangDongwei15,"2026-09-10 08:14:55",0.94149,2,wangdongwei15
1140,16855094,"Anandhini ep","2026-09-10 13:59:24",0.94149,4,anandhiniep
1141,16806460,enenenhhh,"2026-09-09 04:07:29",0.94148,3,enenenhhh
1142,16843018,"Sieg Sola","2026-09-07 14:30:26",0.94148,4,siegsola
1143,16817337,"Dharmik patel Patel","2026-09-10 14:18:25",0.94148,6,dharmikpatelpatel
1144,16862332,"Jaded Llama","2026-09-11 09:11:41",0.94148,2,jadedllama
1145,16827498,zhangby5555,"2026-09-04 08:26:19",0.94148,1,zhangby5555
1146,16805629,"Bikhyat Adhikari","2026-09-02 02:24:47",0.94148,1,bikhyatadhikari
1147,16866324,"ravi AK","2026-09-10 17:55:57",0.94148,2,raviak
1148,16799015,kitayama,"2026-09-09 17:10:02",0.94147,4,kkityama
1149,16808527,"Vikas Rajpurohit","2026-09-10 13:22:13",0.94147,3,vikasrajpurohit
1150,16811109,DaTaro,"2026-09-11 22:28:47",0.94147,5,starokes
1151,16864874,"Arjjun s","2026-09-10 07:19:42",0.94147,1,arjjuns
1152,16848247,"Thanh Mân123","2026-09-08 09:22:20",0.94147,3,thanhmn123
1153,16802136,Manish,"2026-09-07 13:08:56",0.94147,2,manishpatil115
1154,16811820,"Diego Alonso Meza Delgado","2026-09-11 02:41:32",0.94147,5,diegoamd
1155,16841262,"Yahaya Kabir","2026-09-06 12:25:18",0.94147,1,yahayakabir02
1156,16849030,Ameyyy,"2026-09-07 20:03:01",0.94146,1,ameyvichave01
1157,16799274,"valentine mwai","2026-09-08 11:31:28",0.94146,3,valentinemwai
1158,16828419,"gui shan111","2026-09-04 09:35:06",0.94146,1,guishan111
1159,16804064,PANDEY21,"2026-09-02 17:43:45",0.94146,1,vivek2113
1160,16858688,"Nguyễn Bình Phú","2026-09-09 09:05:26",0.94146,2,phunguyen15456
1161,16853298,Rafif,"2026-09-08 09:23:30",0.94146,1,muhammadrafifdanuja
1162,16799718,"Vishal Kishore","2026-09-02 13:36:45",0.94146,1,kishorevishal
1163,16798953,Obzngs,"2026-09-11 13:09:44",0.94146,14,obzngs
1164,16838768,400297-จีระศักดิ์,"2026-09-05 10:37:18",0.94146,2,jeerasakananta
1165,16849233,Fatemeh_Balaei,"2026-09-12 03:19:50",0.94146,5,fatemehbalaei
1166,16829671,Meri_Petrosyaaann,"2026-09-05 18:02:27",0.94145,6,meripetrosyaaann
1167,16799469,Lelouch,"2026-09-01 13:12:21",0.94145,1,aayushh13
1168,16852972,"Akihiro koga","2026-09-09 09:15:35",0.94145,8,akihirokoga
1169,16859229,"Evel Fu","2026-09-09 14:46:49",0.94144,1,evelfu
1170,16832027,ryuksm01,"2026-09-08 06:53:41",0.94144,7,shashwatamukherjee
1171,16821861,"Mohammed Majeed","2026-09-05 15:51:44",0.94144,1,mojjeed
1172,16814169,Raphdraft,"2026-09-03 09:21:11",0.94144,1,raphdraft
1173,16858788,"Khadka PARLEE","2026-09-09 13:38:09",0.94144,2,khadkaparlee
1174,16841803,JasonDTao,"2026-09-11 14:02:03",0.94144,3,jasondtao
1175,16867270,"Triết Nguyễn","2026-09-11 13:33:11",0.94144,9,strayer1337
1176,16870719,"Thanh Vũ","2026-09-11 06:54:35",0.94143,1,messithanh2k
1177,16829041,dhseries,"2026-09-09 04:01:10",0.94143,1,hoang001
1178,16809429,"samhith nadig","2026-09-03 10:46:51",0.94143,1,samhithnadig
1179,16803701,"Carolin DJ","2026-09-08 11:31:43",0.94143,1,carolindj
1180,16839058,রোদশী,"2026-09-05 08:56:25",0.94143,1,nuzhatbintenazim
1181,16844094,fragcoder,"2026-09-06 16:09:00",0.94143,1,fragcoder
1182,16833121,Kagura_UT,"2026-09-12 02:33:45",0.94143,1,tatsuhikou
1183,16848130,P76131042蔡炘晏,"2026-09-07 13:29:06",0.94143,1,p76131042
1184,16818230,"k sheep","2026-09-08 12:19:34",0.94143,1,tomokokyonen
1185,16839263,SHIFT_R,"2026-09-05 10:00:54",0.94143,1,ryoichiro
1186,16848320,shohtani,"2026-09-11 00:39:00",0.94143,3,shohtani
1187,16817901,"Praful Tiwari1","2026-09-06 09:40:47",0.94142,23,prafultiwari1
1188,16831046,"jukai zhu","2026-09-05 02:37:47",0.94142,1,jukaizhu
1189,16852982,"Aditya Sasidhar","2026-09-08 12:41:54",0.94142,2,tadityasasidhar
1190,16805343,"Andre Endress","2026-09-06 19:49:54",0.94142,3,andreendress
1191,16804526,"SAMPAT PRAJAPAT","2026-09-03 12:33:32",0.94142,2,sampatprajapat
1192,16811442,"Estevao Smith","2026-09-03 00:51:35",0.94142,1,estevaosmith
1193,16872137,"Riad Hossain","2026-09-11 11:14:46",0.94141,2,riadhhossain
1194,16816687,momiji_free,"2026-09-09 01:50:06",0.94141,17,momijifree
1195,16805930,"Duyen Nguyen","2026-09-02 01:47:33",0.94141,1,catherine246
1196,16849241,"Matias Loukojärvi","2026-09-07 19:26:05",0.94141,1,matiasloukojrvi
1197,16831836,"Ayşe Yaşar","2026-09-04 20:21:16",0.94141,3,ayeyaar
1198,16815045,_AshwinMahawar_,"2026-09-03 11:01:10",0.94141,1,ashwinmahawar
1199,16822467,IDK_409,"2026-09-03 16:47:46",0.94141,1,idk409
1200,16802526,"Mala Yadav","2026-09-04 03:35:55",0.94141,3,mail2malayadav
1201,16799442,"Raghav Sharma 2002","2026-09-02 09:42:00",0.94140,1,raghavsharma2002
1202,16844489,"Rohit Gupta","2026-09-06 18:02:45",0.94140,1,rohitgupta1027
1203,16876681,Kiriesh,"2026-09-11 21:56:43",0.94140,1,kiriesh
1204,16804884,"Robby Internet","2026-09-01 18:09:21",0.94140,2,robbyinternet1
1205,16835567,"Chani Leon","2026-09-06 03:00:06",0.94140,4,leonchani
1206,16808154,"Grace Ganyilo","2026-09-09 08:54:07",0.94140,4,graceganyilo
1207,16855269,"Mohitraj Rathor","2026-09-10 08:22:42",0.94140,4,mohitrajrathor
1208,16807887,wcsarita,"2026-09-07 04:24:05",0.94140,2,wcsarita
1209,16799745,"Kübra Arığ","2026-09-02 07:19:44",0.94140,4,kbraar
1210,16854533,"Gnach Deraj","2026-09-10 05:10:11",0.94139,1,gnachderaj
1211,16798754,Matts6591,"2026-09-02 12:25:18",0.94139,3,mathwithmatt
1212,16809593,RudraSingh0001,"2026-09-11 16:55:50",0.94139,4,rudrasingh0001
1213,16813111,Annekyl,"2026-09-03 05:38:08",0.94139,3,annekyl
1214,16811006,yuuu-okazaki,"2026-09-02 21:15:18",0.94139,1,yuuuokazaki
1215,16823045,"Akanksha Sahai","2026-09-03 22:31:35",0.94139,2,akgoesplaces
1216,16818644,"Felix Berget","2026-09-11 08:24:30",0.94138,14,jovialkar
1217,16806097,"Krishna Anandan Ganesan","2026-09-02 02:58:56",0.94138,2,vulcanpint
1218,16844432,"Utkarsh Singh","2026-09-11 03:54:11",0.94138,1,utkarshx27
1219,16801812,"Jonathan Gusching","2026-09-01 12:57:24",0.94138,6,jonathangusching
1220,16809591,"Saurab Godse","2026-09-07 10:56:47",0.94138,2,godsesaurab
1221,16819730,"Robo Maven","2026-09-03 14:28:44",0.94138,1,robomaven
1222,16826579,xuanxuan496,"2026-09-05 13:34:09",0.94138,1,xuanxuan496
1223,16839583,"Jordan Mukaddam","2026-09-05 12:10:09",0.94137,1,jordanmukaddam
1224,16803617,VGekko,"2026-09-01 16:43:40",0.94137,1,vgekko
1225,16814721,"Kartik Sharma","2026-09-10 20:05:03",0.94137,3,kartiksharma4656
1226,16823857,"Sabit Al Juma","2026-09-08 00:04:52",0.94137,2,sabitaljuma
1227,16876294,hongquann,"2026-09-11 16:59:07",0.94137,3,hongquann
1228,16798774,"Chih-Neng Tung","2026-09-07 06:59:25",0.94137,6,chihnengtung
1229,16866274,"Manisha Gupta","2026-09-10 13:55:08",0.94137,3,manishagupta123
1230,16828688,"All over the golf","2026-09-04 12:04:20",0.94136,7,alloverthegolf
1231,16827487,JKTAN827,"2026-09-09 11:02:52",0.94136,6,jktan827
1232,16840039,karthickraja,"2026-09-05 17:42:39",0.94136,3,karthickrajas
1233,16810012,"Aryan Gupta","2026-09-12 05:43:59",0.94136,3,abacilla
1234,16799222,izumi600,"2026-09-01 09:09:00",0.94136,4,izumi600
1235,16840226,"Suyog Bewle","2026-09-05 19:43:35",0.94136,1,suyogbewle
1236,16862245,"Sohith Patha","2026-09-09 20:18:05",0.94136,1,sohithpatha
1237,16805897,kunal_singh,"2026-09-10 13:27:39",0.94135,2,kunalsingh100
1238,16800049,"Hoshi Hinata","2026-09-01 09:18:44",0.94135,1,hoshihinata
1239,16853306,"Shoko SH","2026-09-11 09:23:34",0.94135,7,shokos64
1240,16807588,"Batuhan Sülün","2026-09-07 13:01:54",0.94135,4,batuhansln
1241,16810673,"BT boilerplate","2026-09-02 20:29:31",0.94135,1,btboilerplate
1242,16803104,"Muhammad Robith","2026-09-10 14:25:12",0.94134,6,muhammadrobith
1243,16838405,"Goutam sharma","2026-09-09 17:26:00",0.94134,1,goutamsharma12
1244,16854910,baro_nht,"2026-09-08 16:51:54",0.94134,3,baronht
1245,16819926,"Sharon.n Gichira","2026-09-11 17:24:23",0.94133,14,sharonngichira
1246,16806164,SaipraneethReddyOne,"2026-09-02 02:51:54",0.94133,1,saipraneethreddyone
1247,16875482,PSRlegend7,"2026-09-11 20:44:32",0.94133,2,psrlegend7
1248,16816958,"Zobayer Abdullah","2026-09-03 10:22:58",0.94133,2,zobayerabdullah
1249,16835635,messibeatgravity,"2026-09-05 03:43:41",0.94133,1,messibeatgravity
1250,16814657,"Akash Prajapati 01","2026-09-11 16:42:51",0.94133,7,akashprajapati01
1251,16866083,"Shravani Bavkar","2026-09-10 12:01:35",0.94132,2,shravbavkar1705
1252,16853573,CNPolaris521,"2026-09-08 08:49:43",0.94132,2,cnpolaris521
1253,16853489,JIAWEILI0001,"2026-09-10 05:04:07",0.94132,30,jiaweili0001
1254,16844988,"Branko Adziev","2026-09-06 21:56:06",0.94132,2,brankoadziev
1255,16842209,Soham_Deshpande,"2026-09-11 04:55:55",0.94132,4,sohamdeshpande11
1256,16847005,"Andreas Granhøy-Lieng","2026-09-07 08:38:11",0.94131,1,andreasgranhylieng
1257,16801836,DevashishSoni123,"2026-09-01 18:47:48",0.94131,1,devashishsoni123
1258,16807196,i-za-world,"2026-09-10 01:28:49",0.94131,3,kizawa
1259,16824070,"Kimberly Sultan","2026-09-08 00:30:09",0.94130,2,ksultan
1260,16860647,Ievasss,"2026-09-09 13:52:39",0.94130,4,ievasss
1261,16865553,Severanceee,"2026-09-10 09:27:07",0.94130,1,severanceeeq
1262,16807955,acw511,"2026-09-02 08:34:11",0.94130,2,acw511
1263,16843778,"riko okada","2026-09-06 13:42:59",0.94129,1,leehu2837
1264,16823975,GN,"2026-09-05 18:02:26",0.94129,2,gns100
1265,16801810,"Anushka Kumari","2026-09-07 14:28:37",0.94129,5,kumarianushka02
1266,16799430,"Zanan Pech","2026-09-02 17:37:42",0.94129,2,zananpech
1267,16802105,"SN JAI VISHNU","2026-09-03 09:56:37",0.94128,2,"jaivishnu2006,saiharishsaids,svimalrajan"
1268,16852647,"Syed Abue Tayeb Al-Zeyed","2026-09-08 05:39:04",0.94128,2,syedabuetayebalzeyed
1269,16802071,Karan,"2026-09-05 17:07:11",0.94128,5,karan9351
1270,16822559,"Muntasir Mamun396","2026-09-04 14:54:19",0.94128,2,muntasirmamun396
1271,16866066,"joshi malav","2026-09-10 11:05:37",0.94128,2,joshimalav
1272,16832701,"Aikantic Maitra","2026-09-05 16:04:53",0.94127,3,aikanticmaitra
1273,16840350,"Mikołaj Dybizbański","2026-09-08 12:33:12",0.94127,1,mikoajdybizbaski
1274,16865297,hcbyun0408,"2026-09-12 00:04:56",0.94127,2,hcbyun0408
1275,16871921,"Md Arafat","2026-09-11 09:10:16",0.94126,1,arafat362
1276,16806818,"Nidhi Tiwari","2026-09-03 04:00:39",0.94126,1,nidhitiwari4
1277,16826564,Karrenay,"2026-09-06 02:49:13",0.94126,2,karrenay
1278,16849958,LicheA13,"2026-09-10 06:05:01",0.94125,2,lichea13
1279,16862372,"Gigin George Mathew","2026-09-09 18:22:38",0.94125,2,gigingeorgemathew
1280,16855421,"REVANTH CHOWDARY AREKATLA","2026-09-09 17:07:24",0.94125,2,revanth3897
1281,16807250,"Arin Avanoosyan","2026-09-02 21:51:46",0.94125,2,arinavanoosyan
1282,16806403,"Subhobrata Dey","2026-09-04 10:35:13",0.94124,3,sbcd90
1283,16842401,Nidhal,"2026-09-06 12:26:29",0.94123,3,znidhal
1284,16839666,"Yash Aswale","2026-09-09 16:28:36",0.94123,4,yashloq779
1285,16799500,"Muhammad Awais Tariq","2026-09-06 02:33:36",0.94122,2,muhammadawaistariq87
1286,16801470,"Rohan Dsouza","2026-09-01 09:24:01",0.94122,1,rohandsouza003
1287,16854418,"Trọng Lê","2026-09-08 18:35:20",0.94122,2,fuchonghihihi
1288,16802288,a3amaT02,"2026-09-11 21:51:13",0.94122,14,a3amat02
1289,16803904,"NAGIREDY SURYA","2026-09-03 15:24:29",0.94122,5,nagiredysurya
1290,16799135,"Aqib Raza","2026-09-01 04:02:20",0.94121,1,aqibrazadev
1291,16855616,Eagle888,"2026-09-08 18:04:22",0.94121,3,eagle888
1292,16846637,"Saad M Khan","2026-09-08 14:04:22",0.94121,1,saadkhanxdcatalyst
1293,16809386,"Shobhit kumar","2026-09-03 08:23:06",0.94121,1,shobhitkumar29
1294,16844030,rodea0952,"2026-09-10 14:41:24",0.94120,2,ryutohosokawa
1295,16878345,ineumi2_,"2026-09-12 04:42:39",0.94120,1,ineumi2
1296,16842405,"Arnav Shendurnikar","2026-09-09 05:55:58",0.94120,6,arnavshendurnikar
1297,16866216,k240042Manahil,"2026-09-10 11:27:55",0.94120,1,k240042manahil
1298,16823765,"Arda Baran Baytar","2026-09-04 02:32:04",0.94119,1,ardabaranbaytar
1299,16839214,field996,"2026-09-06 01:36:13",0.94118,1,field996
1300,16847574,"Liujin Qiu","2026-09-08 07:58:58",0.94118,1,qqiuliujin
1301,16822737,"Shaurya Handu","2026-09-03 18:26:58",0.94117,2,shauryahandu
1302,16856820,"Kolybalova Anastasia ","2026-09-09 18:38:48",0.94117,7,kolybalovaanastasia
1303,16810086,"Akash Babu","2026-09-10 20:57:53",0.94115,2,akashbabu17
1304,16803861,jakeyjokey,"2026-09-01 17:33:47",0.94115,4,jakeyjokey
1305,16802042,"Praveen Kumar Mohan","2026-09-02 14:56:39",0.94115,1,praveenkumar1818
1306,16864551,jonattanrv,"2026-09-10 06:06:53",0.94115,3,jonattanrv
1307,16868880,"Denis Zhuk","2026-09-11 08:25:41",0.94115,1,dead4an
1308,16843285,yamauchi,"2026-09-08 06:35:51",0.94115,4,yamauch1
1309,16846892,"Rintaro Tsumugi","2026-09-11 02:27:58",0.94114,1,rintarotsumugi
1310,16798912,"Elnur Bairamov","2026-09-10 02:34:03",0.94114,5,elnurbairamov
1311,16805389,"Emir Delipınar","2026-09-01 20:55:22",0.94114,3,emirdelipnar
1312,16846395,"Davit Khantadze","2026-09-11 13:42:39",0.94114,11,davitkhantadze
1313,16868039,"Lev Beloussov","2026-09-11 20:18:40",0.94113,5,lev1106
1314,16846909,qqq123321,"2026-09-07 08:26:10",0.94113,1,qqq123321
1315,16802702,"Lis Hdez","2026-09-03 14:27:09",0.94113,3,lishdez
1316,16831254,"João Felix","2026-09-08 16:19:53",0.94110,1,joaosilvafelix
1317,16799355,"Mr Robot","2026-09-01 06:16:42",0.94110,3,hngnguynnn
1318,16844637,Azzam,"2026-09-06 19:23:22",0.94110,1,iltizamhasann
1319,16839806,"Довыдовский Назар","2026-09-05 18:20:56",0.94110,1,nazzzrr
1320,16876744,"Angella Semu","2026-09-11 22:31:29",0.94108,1,angellasemu
1321,16810459,"Hoso Badalyan","2026-09-02 18:35:49",0.94108,2,hosobadalyan
1322,16805233,"Ryan Dave Fernandes","2026-09-06 08:23:47",0.94107,5,ryandavefernandes
1323,16810461,"Bekama Regasa Negewo","2026-09-03 06:20:41",0.94107,1,bekamaregasanegewo
1324,16799142,mcotton,"2026-09-08 21:16:09",0.94107,1,mcotton
1325,16845270,"Kacper Lipiec","2026-09-07 08:09:20",0.94106,1,kacperlipiec
1326,16839273,"Junya _318","2026-09-09 14:32:49",0.94105,2,junya318
1327,16808632,"Emmanuel Felix","2026-09-02 14:39:40",0.94105,1,manuelfelix
1328,16866332,Mantis,"2026-09-11 07:22:30",0.94105,1,orchidmantis
1329,16838573,"huanxian chen","2026-09-10 07:50:31",0.94105,2,huanxiachen
1330,16852940,bmax16634,"2026-09-11 18:42:47",0.94105,2,bmax16634
1331,16867511,"[Mali12]Aboubacar Diarra","2026-09-10 15:40:24",0.94105,1,aboubacardiarra1810
1332,16832100,Stormy.kaggle,"2026-09-04 19:08:15",0.94105,2,stormykaggle
1333,16864916,THARUNC,"2026-09-10 06:20:59",0.94104,1,tharunc2006
1334,16846170,Sentinels,"2026-09-07 06:40:58",0.94104,1,vaishnavik1409
1335,16848414,"Yossef Elshamy","2026-09-08 04:49:51",0.94103,3,yossefelshamy
1336,16821028,kapilsingh09,"2026-09-10 16:45:41",0.94103,1,kapilsingh99893
1337,16803869,"Kevin Villeda De Leon","2026-09-01 17:50:31",0.94102,4,kevinvilledadeleon
1338,16855296,"Akash Kailas Nagdive","2026-09-10 05:44:27",0.94101,1,akashkailasnagdive
1339,16799847,有浦大貴,"2026-09-07 04:54:25",0.94101,8,taikiariura
1340,16823320,"Orlando Virginio Penha Junior","2026-09-04 17:30:20",0.94100,1,orlandovpjunior96
1341,16840476,Qingge96,"2026-09-05 16:39:49",0.94100,1,qingge96
1342,16802689,"Andrey K.","2026-09-01 16:49:02",0.94100,3,heelhook
1343,16803239,"Mohammed Nafay Ali","2026-09-03 04:12:04",0.94100,2,mohammednafayali
1344,16810465,DavitPoghosyan2007,"2026-09-04 16:42:52",0.94100,2,davitpoghosyan2007
1345,16826596,陈思危大王,"2026-09-04 07:33:32",0.94099,1,csw2023302141216
1346,16857845,"Himanshu Dhiman","2026-09-09 04:04:09",0.94099,1,hmnshudhmn24
1347,16838435,"C.E.73 STARGAZER","2026-09-10 14:27:10",0.94099,2,hasawei
1348,16866812,"Rishi Jha","2026-09-10 14:28:40",0.94098,1,rishijha0910
1349,16806021,"Yung Kam Lun","2026-09-02 05:49:58",0.94097,1,yungkamlun
1350,16808968,"Aditya Kamtikar","2026-09-02 13:55:41",0.94097,2,adityakamtikar
1351,16805610,"Marie Victoire IPOUK","2026-09-02 22:19:11",0.94097,2,marydata
1352,16823692,"Théo Giovedi","2026-09-09 15:22:14",0.94096,1,gioveditheo
1353,16866832,"MohammadEsmaeil Nikbakhsh","2026-09-11 19:39:12",0.94095,1,ms20237
1354,16805711,shinchisaito,"2026-09-02 01:01:03",0.94095,1,shinchisaito
1355,16799075,"Monique Senjaya","2026-09-01 09:56:42",0.94094,2,moniquesenjaya
1356,16843716,DeepMind,"2026-09-12 02:21:45",0.94094,2,deepthink123
1357,16799358,"Faria Shahid","2026-09-08 06:21:46",0.94093,4,fariashahid
1358,16840902,AnkitJangir01,"2026-09-08 17:46:49",0.94093,2,ankitjangir01
1359,16829765,"George Othon","2026-09-06 01:26:16",0.94092,12,georgeothon
1360,16806684,"Akmal Azzam o'g'li","2026-09-02 09:40:16",0.94091,7,akmalmir
1361,16811029,tquinn6,"2026-09-11 20:40:59",0.94091,3,tquinn6
1362,16805461,OTA_1,"2026-09-11 15:26:00",0.94090,5,"creativesxtra,dolajyd,johnjojewale"
1363,16802685,"Luca Lullo","2026-09-09 18:02:51",0.94090,5,lucalullo
1364,16806304,ayaka.ohnishi,"2026-09-02 07:04:35",0.94090,1,ayakaohnishi
1365,16845371,Kazuhiro_Yogo,"2026-09-07 01:36:17",0.94090,1,kazuhiroyogo
1366,16845334,"Dary Cuello","2026-09-10 17:34:39",0.94089,7,skipperml
1367,16823491,Dana,"2026-09-03 21:10:38",0.94089,1,de3xie
1368,16803809,ElenaSuperWoman,"2026-09-01 16:28:28",0.94089,1,elenasuperwoman
1369,16807388,"Minh Đăng Lê","2026-09-03 03:19:06",0.94087,1,minhngle
1370,16848389,Eric,"2026-09-07 18:09:54",0.94087,3,hamstard
1371,16840457,都甲健翔,"2026-09-08 10:25:35",0.94087,2,kento628
1372,16831932,Kelimm,"2026-09-11 18:38:16",0.94087,1,kelimm
1373,16804053,"Gregory Williams","2026-09-08 00:26:13",0.94086,3,gdbwilliams
1374,16855223,datafluxlab,"2026-09-11 21:21:06",0.94086,3,datafluxlab
1375,16802354,"Alikhan Gavrilov","2026-09-03 11:59:43",0.94086,2,alikhangavrilov
1376,16819882,eisu_kgl,"2026-09-11 15:20:44",0.94085,3,eisu34
1377,16800841,OmeiOgami,"2026-09-01 11:14:29",0.94085,3,omeiogami
1378,16830905,Xhxxcc,"2026-09-08 08:54:15",0.94084,2,xhxxcc
1379,16859184,"CHEN Qiyue","2026-09-09 09:46:27",0.94084,1,hmtychen
1380,16845957,"Zaine Ancheta","2026-09-07 16:26:52",0.94082,1,zaine2k
1381,16867812,"Priya yadav","2026-09-10 18:13:33",0.94082,1,impriya12
1382,16871374,"Steven Zhu","2026-09-11 08:20:18",0.94082,4,stevenzzhu
1383,16860240,"Tanuj Saxena","2026-09-09 12:34:22",0.94082,3,tanujsaxena
1384,16805529,"Brisa Marina","2026-09-07 00:39:53",0.94081,2,brisamarina
1385,16858056,"Karolos Liveris","2026-09-09 05:54:39",0.94080,1,karolosliveris
1386,16802086,Prakash,"2026-09-10 16:43:16",0.94080,12,mlkash
1387,16845650,zzzzzql,"2026-09-07 04:49:28",0.94079,3,zzzzzql
1388,16828370,"Antonio Paul","2026-09-04 17:05:32",0.94074,1,antoniopaul
1389,16845070,Saif_Ashraf,"2026-09-10 08:38:18",0.94073,6,saifashraf232
1390,16808614,imjamj01,"2026-09-09 22:21:23",0.94073,15,takemayuj01
1391,16864942,"Dhruv Chakraborty","2026-09-10 10:23:26",0.94072,1,dhruv07321
1392,16822983,"Jobin thavu varghese","2026-09-11 07:49:39",0.94072,1,jobinv12
1393,16843900,"Dharin Dave","2026-09-09 17:49:08",0.94071,2,"dharindave120703,prathmeshkolekar"
1394,16805031,"arend jansen","2026-09-06 19:07:39",0.94070,1,arendjansen
1395,16843326,"Chirel Chi","2026-09-07 14:32:01",0.94070,1,chirelchi
1396,16798919,"Gopi Krishnan R","2026-09-01 16:55:00",0.94068,1,gopikrishnan2005
1397,16814301,"Nilesh Singh","2026-09-04 07:14:22",0.94067,1,nileshsingh09
1398,16861035,"Gauri Maruti Katkar","2026-09-09 14:22:28",0.94065,1,gaurikatkar
1399,16805227,"Lucius Neo","2026-09-04 16:54:23",0.94062,1,lucius000
1400,16809424,"Doodle Peach","2026-09-03 14:25:58",0.94060,1,doodlepeach
1401,16803280,"Pixel Pirates","2026-09-06 14:53:33",0.94060,4,"ayushkumawat108,kamalkata,piyush419"
1402,16799219,Samekto,"2026-09-01 03:57:47",0.94060,2,samekto
1403,16799853,"Aum Patel 131","2026-09-02 03:56:00",0.94058,9,aumpatel131
1404,16832489,"Sarp Esenli","2026-09-04 20:38:31",0.94057,1,sarpda
1405,16838545,"Văn FIFA","2026-09-06 01:37:48",0.94056,1,vnfifa
1406,16810453,"Arsen Ishkhanian","2026-09-02 18:32:02",0.94054,1,arsenishkhanian
1407,16808827,"Joel Rautavaara","2026-09-02 12:40:48",0.94050,1,joelrautavaara
1408,16812617,fixedstarK,"2026-09-03 17:14:21",0.94047,1,koseikaida
1409,16806595,chuan-chih,"2026-09-03 06:27:07",0.94046,3,meowlu
1410,16810130,Sivu_Nzimeni,"2026-09-11 17:35:39",0.94042,27,sivunzimeni
1411,16852548,Kunal_Anand7222,"2026-09-08 05:29:01",0.94038,1,kunalanand7222
1412,16865441,HendraDanuSaputraChauwito,"2026-09-10 09:31:04",0.94034,2,usilisme
1413,16866600,Buzzo666,"2026-09-11 14:40:54",0.94034,2,buzzo666
1414,16804919,"Hashir Shaikh","2026-09-02 18:13:40",0.94034,6,hashirmnaeem
1415,16853385,"Eshan Osman","2026-09-10 11:00:54",0.94033,2,eshanishere
1416,16799449,Dhol_Aman,"2026-09-01 06:21:50",0.94030,1,dholaman
1417,16847847,"Mahyar Rajaei","2026-09-07 14:24:22",0.94030,7,mahyarrajaei
1418,16804049,"Vijesh Kumar 45","2026-09-08 11:19:40",0.94027,1,vijeshkumar45
1419,16817864,ultrayyy,"2026-09-05 09:26:24",0.94023,2,ultrayyy
1420,16808999,Magnus,"2026-09-04 09:42:07",0.94022,2,plshelpme
1421,16842799,VaishnxviUchiha_,"2026-09-06 09:40:02",0.94019,2,vaishnxviuchiha
1422,16839908,"Mehran Kazeminia","2026-09-11 21:56:29",0.94017,17,mehrankazeminia
1423,16800206,KenRit,"2026-09-03 10:41:34",0.94016,1,kenrit
1424,16856109,"Zakaria Hanir","2026-09-08 19:25:20",0.94015,3,zakariahanir
1425,16862273,"kogul s","2026-09-09 18:55:12",0.94012,2,kogullll
1426,16873030,TanoPereira,"2026-09-11 16:06:40",0.94012,4,tanopereira
1427,16847252,yxxchh,"2026-09-07 11:59:28",0.94010,3,yxxchh
1428,16802770,s22990038,"2026-09-12 05:57:12",0.94009,12,s22990038
1429,16827814,ShivanshDut,"2026-09-04 11:00:31",0.94003,3,shivanshdut
1430,16848589,"Chirayu Gupta09","2026-09-07 21:34:45",0.93996,2,chirayugupta09
1431,16803006,DDQQ,"2026-09-04 13:10:50",0.93994,6,onjrey
1432,16851300,"yousef Elshahat","2026-09-10 15:23:47",0.93991,1,yousefelshahat2
1433,16810931,DP,"2026-09-06 16:50:57",0.93985,13,dmitrypimenov99
1434,16877852,InformaBook2,"2026-09-12 00:58:17",0.93981,4,informabook2
1435,16842123,"Vecheslav Eremeev","2026-09-06 05:36:57",0.93980,1,lorddiablo74
1436,16799464,"Ryota Tanaka","2026-09-10 22:16:54",0.93976,4,toyodart
1437,16859985,"Konrad Łykowski","2026-09-10 16:36:58",0.93975,9,konradykowski
1438,16859694,priya@1234556,"2026-09-09 10:57:58",0.93972,1,priya1234556
1439,16805185,"Juan Felipe Huan Lew Yee","2026-09-06 03:52:30",0.93969,1,felipelewyee
1440,16838813,"Baidurya Bhattacharyya","2026-09-08 16:27:11",0.93966,1,boibhai
1441,16802827,"Mina Niazizadeh","2026-09-01 16:23:38",0.93963,5,mina8888
1442,16869561,"Andrés de la Roca","2026-09-11 21:52:22",0.93963,1,andrsdelaroca
1443,16799183,"Jesmi George","2026-09-08 17:47:38",0.93962,2,jesmigeorge04
1444,16843715,puruchinera,"2026-09-08 00:14:35",0.93962,6,yoel39
1445,16798887,Danjas,"2026-09-10 19:52:43",0.93960,6,danjas
1446,16855426,"Baptiste Lesne","2026-09-08 20:02:32",0.93958,1,baptistelesne
1447,16821189,Vlodus,"2026-09-09 14:14:56",0.93957,6,vlodus
1448,16832543,"Tyler C","2026-09-04 20:56:42",0.93956,1,trc204
1449,16854051,vynie1605,"2026-09-08 12:29:23",0.93953,1,vynie1605
1450,16807901,"Tracy Porter","2026-09-02 15:37:45",0.93945,1,tracyporter
1451,16865603,"Bhagyashri Raut21","2026-09-10 11:25:48",0.93940,1,bhagyashriraut21
1452,16805256,"Manuk Mkheyan","2026-09-02 18:36:04",0.93937,3,manukmkheyan
1453,16802309,funtik,"2026-09-04 14:16:33",0.93925,5,"arsenyvetkasov,brattsew"
1454,16876799,pocapoca,"2026-09-12 05:24:23",0.93905,2,pocapoca
1455,16831119,"MSAADI ABDELLAH","2026-09-05 01:10:05",0.93886,3,msaadiabdellah
1456,16833077,"Thomas Deng","2026-09-04 23:23:41",0.93881,1,tdeng24
1457,16843576,Chandrashekar,"2026-09-06 16:46:46",0.93873,1,hermitsays
1458,16848218,"Thiago L.","2026-09-10 18:31:24",0.93868,10,thaago
1459,16810841,"christopher obuchere","2026-09-11 03:20:29",0.93838,10,owls0711
1460,16799322,"Shubham Nayak","2026-09-01 14:47:00",0.93828,5,cyborgnayak
1461,16860273,SHY舒O=v=O,"2026-09-11 09:23:32",0.93826,3,shyovo
1462,16855826,"Nathan Gilman1","2026-09-10 18:13:31",0.93807,7,nathangilman1
1463,16830307,"Padamata Dhanush","2026-09-06 13:09:10",0.93799,1,padamatadhanush
1464,16808435,Barbagrande007,"2026-09-05 12:43:34",0.93797,3,barbagrande007
1465,16815407,"SIVA S","2026-09-12 06:30:31",0.93795,100,codingmaster24
1466,16801853,Mutahar,"2026-09-07 20:31:14",0.93789,9,mmalam
1467,16814031,"Anis Rashidov","2026-09-03 14:05:14",0.93788,4,anrash001
1468,16853233,"Yashpalsinh Thakor","2026-09-08 10:42:52",0.93787,1,yashpalthakor
1469,16802806,Akniet,"2026-09-07 17:35:27",0.93787,7,aknietkusmoldayeva
1470,16805325,"Monesh Satheeswaran","2026-09-01 20:10:51",0.93786,1,moneshsatheeswaran
1471,16855076,"Muhammad Zaki Zulhamlizar","2026-09-08 17:19:17",0.93784,1,muhammadzakizulham
1472,16870434,zchen,"2026-09-11 09:49:28",0.93783,1,zchen2357
1473,16802667,"Syed Rayyan Haider","2026-09-12 05:17:26",0.93783,8,"abdulrafay2525,mabdulrafay2,syedrayyanhaider"
1474,16844806,"Jean Deutchoua","2026-09-09 12:12:55",0.93783,4,jeandeutchoua
1475,16808487,momomoran,"2026-09-02 14:07:33",0.93781,1,momomoran
1476,16856824,Taha,"2026-09-10 23:22:04",0.93780,20,tahaaf
1477,16823209,Lynatine,"2026-09-11 10:12:07",0.93776,2,lynatine
1478,16799497,Leneen,"2026-09-08 15:35:57",0.93774,1,leneen
1479,16866829,"Tien Thang Mai","2026-09-10 15:09:02",0.93773,1,tienthangmai
1480,16844980,OTA_2,"2026-09-08 08:12:12",0.93767,2,"jamiuabdullahbaba,johnchristopherm,tosinola"
1481,16829784,"Tyom Papiyan","2026-09-04 12:41:49",0.93767,2,tyompapiyan
1482,16827597,"Harsh Saharan","2026-09-11 04:41:33",0.93767,3,harshsaharan001
1483,16871073,Slug,"2026-09-11 07:54:10",0.93766,4,dusanpark
1484,16827616,YWY2002,"2026-09-11 07:07:13",0.93761,3,ywy2002
1485,16843931,madongping,"2026-09-07 06:17:32",0.93758,1,madongping
1486,16810186,"Kishore Kannan","2026-09-04 07:26:15",0.93747,6,kishorekannan123
1487,16826461,"Debojyoti Basu","2026-09-05 13:53:55",0.93743,1,debojyoti29basu
1488,16805450,aWright,"2026-09-11 22:45:56",0.93741,10,ktownactuary
1489,16854614,冲冲冲高,"2026-09-09 14:02:56",0.93738,2,rush0high
1490,16846682,ntxmai_hd,"2026-09-08 12:38:25",0.93738,4,ntxmaihd
1491,16810433,"Faruk Alıç","2026-09-02 20:00:51",0.93738,2,farukal
1492,16832417,"Anjali Khantaal","2026-09-07 19:00:07",0.93738,1,anjalikhantaal
1493,16868239,"Md. Al Amin","2026-09-11 13:00:55",0.93738,1,sialamin
0,16714052,baseline_submission.csv,"2026-08-12 18:43:47",0.93738,1,
1494,16798667,"Taylor S. Amarel","2026-09-02 16:47:53",0.93738,1,taylorsamarel
1495,16859362,pething,"2026-09-09 12:00:05",0.93738,1,pething
1496,16864856,"Harshita Lad","2026-09-10 10:02:39",0.93738,2,harshitalad
1497,16832247,"Diya Patel","2026-09-04 18:15:41",0.93737,1,diyapatel02
1498,16824877,DwijitDasari,"2026-09-04 13:11:42",0.93737,1,dwijitdasari
1499,16802654,"Dmitry C4be","2026-09-01 12:52:57",0.93737,1,dmitryc4be
1500,16838875,rsIntelligence,"2026-09-05 07:42:40",0.93737,1,rsintelligence
1501,16841618,"Avnish Ahlawat","2026-09-06 02:12:51",0.93737,1,avnishahlawat
1502,16823647,"Christian F. Badillo H.","2026-09-04 02:47:57",0.93737,2,christiaanfbadilloh
1503,16809231,"Takayanagi Sensei","2026-09-04 15:34:38",0.93736,4,takayanagisensei
1504,16829681,"Adrian Luu","2026-09-04 13:07:48",0.93731,2,adrianluu
1505,16804806,"Priyanshu Mishra","2026-09-08 15:35:36",0.93731,1,priyanshu7930
1506,16809893,"Irfan Arisani","2026-09-12 03:46:59",0.93718,1,irfanarisani
1507,16820326,benpython,"2026-09-03 16:27:23",0.93713,2,benlepers
1508,16842307,"Deepti Singh","2026-09-06 12:26:08",0.93710,1,deeptisingh3004
1509,16803644,"Philippe Coulombe","2026-09-11 15:18:21",0.93710,1,philippecoulombe
1510,16808828,vcor,"2026-09-07 09:54:39",0.93706,2,vcokaggle
1511,16877802,KJ,"2026-09-12 02:19:38",0.93702,1,jokerrt
1512,16822910,"Amit Roy Antu","2026-09-04 08:48:01",0.93702,2,amitroyantu
1513,16803920,seamanc2016,"2026-09-05 03:55:37",0.93701,1,seamanc2016
1514,16808966,"kaka m8n","2026-09-03 18:20:08",0.93701,1,kakam8n
1515,16843583,"Davin LeClair","2026-09-09 09:02:20",0.93696,2,davinleclair
1516,16818530,"Mohamed HADRICH","2026-09-03 12:56:04",0.93667,4,mohamedhadrich01
1517,16805226,JiatongLi,"2026-09-02 21:40:56",0.93665,1,jenniferjtli
1518,16840413,medraddaoui,"2026-09-06 17:53:55",0.93661,3,medraddaoui
1519,16825759,"Nagendra Gouda 125","2026-09-06 07:49:20",0.93655,2,nagendragouda125
1520,16841130,"ADITYA UPADHYAY","2026-09-06 17:06:26",0.93652,1,realaduop
1521,16808669,SriAliasBobby,"2026-09-09 20:49:26",0.93641,10,srialiasbobby
1522,16805239,"Kamil Nazarli","2026-09-11 12:56:12",0.93606,5,kamil9999
1523,16858020,"Md Tareq Shah Alam","2026-09-09 10:55:34",0.93563,1,mdtareqshahalam27
1524,16860035,simplecar,"2026-09-09 12:15:28",0.93550,1,simplecar
1525,16845408,"Creeper Thánh","2026-09-10 03:25:15",0.93483,4,creeperthnh
1526,16845192,"Sahil Naseem","2026-09-07 00:13:46",0.93436,1,sahilnaseem7
1527,16805120,"Prateek Srivastava","2026-09-06 19:48:31",0.93426,1,pratik2901
1528,16799198,cygnusterbang,"2026-09-01 07:26:30",0.93422,1,cygnusterbang
1529,16855470,"Hector D.V.","2026-09-08 20:17:42",0.93409,1,hectordv
1530,16805576,Orochimaru,"2026-09-07 23:31:44",0.93388,1,ishan8061
1531,16825670,stop__h_,"2026-09-07 03:32:27",0.93373,1,stophhh
1532,16867716,Vsevolod_progr,"2026-09-10 17:16:43",0.93340,1,vsevolodprogr
1533,16805481,"Leon Makaryan","2026-09-01 21:54:59",0.93324,1,leonmakaryan
1534,16802447,"Kanat Kozhaniyazov","2026-09-09 11:28:09",0.93324,1,kanatkozhaniyazov
1535,16804845,"abd el moujib","2026-09-01 20:31:18",0.93317,1,abdelmoujib
1536,16867635,"Boogey Man","2026-09-11 18:58:47",0.93307,10,boogey004
1537,16803754,"Priyanka Asthana","2026-09-02 17:54:28",0.93266,5,priyankasthana
1538,16853479,MachineNeil,"2026-09-08 09:14:49",0.93250,1,machineneil
1539,16809007,"Krishna Mahajan","2026-09-02 18:16:31",0.93228,1,krishna17311
1540,16845325,"Adewole Adedapo","2026-09-09 01:35:04",0.93205,1,adewoleadedapo
1541,16876763,"Toyosi Jogunola","2026-09-11 18:21:47",0.93201,1,toyosijogunola1
1542,16858634,briskwalking53,"2026-09-11 03:56:16",0.93199,1,takayukihayakawa
1543,16839552,"Deepak Reddy Kura","2026-09-10 18:07:29",0.93182,1,deepakreddykura
1544,16823293,"Troy Loeffler","2026-09-11 01:48:06",0.93154,10,troyloeffler
1545,16875483,vignesh201121,"2026-09-11 13:05:01",0.93093,1,vignesh201121
1546,16848898,CardboardTank,"2026-09-07 16:49:51",0.93087,1,cardboardtank
1547,16804793,algyier,"2026-09-03 18:59:50",0.93056,2,zyatro09
1548,16802704,"Jun Nohara","2026-09-02 11:20:29",0.93051,1,junnohara
1549,16831284,"Yuduo Wu","2026-09-05 03:47:21",0.93032,1,yuduowu
1550,16806874,DhruvPatel0113,"2026-09-02 07:58:38",0.92756,1,dhruvpatel0113
1551,16807148,"Zhong Yige","2026-09-02 07:18:52",0.92581,1,zhongyige
1552,16848116,"Enzo Cruciani","2026-09-11 13:00:00",0.92581,2,enzocruciani
1553,16801819,PHKSE7D39,"2026-09-03 07:27:00",0.92567,2,phkse7d39
1554,16798805,"Jim Gruman","2026-09-12 06:14:44",0.92560,11,jimgruman
1555,16841856,tyuyoshi,"2026-09-09 14:39:46",0.92559,1,hasegawatsuyoshi
1556,16871385,平木優花,"2026-09-11 08:52:39",0.92408,10,hiraki132131
1557,16804963,"Jonathan T","2026-09-01 19:39:46",0.92406,2,jtdataperuser
1558,16862252,bumapdumpt,"2026-09-09 20:23:54",0.92371,1,bumapdumpt
1559,16810468,"Adam Martí","2026-09-03 18:48:10",0.92303,2,adammart
1560,16841173,"Juairia Apsara","2026-09-07 00:00:45",0.92205,1,juairiaapsara
1561,16832051,"Ray Smith","2026-09-09 18:06:25",0.92048,1,rsmith851
1562,16838926,Noon,"2026-09-08 03:19:03",0.91919,1,noon555
1563,16806177,Deepak,"2026-09-07 18:15:03",0.88871,1,deepaksurya7
1564,16810471,"Swayam Bhoir","2026-09-05 15:49:01",0.88581,1,swayambhoir
1565,16808572,"Mihnea Munteanu","2026-09-02 12:46:45",0.88361,4,mihneamunteanu
1566,16798909,"Jisung woo","2026-09-02 06:00:28",0.88256,1,jisung77
1567,16810083,bourbaki,"2026-09-02 16:28:42",0.88146,2,filippogiovagnini
1568,16805566,"Hrishikesh Dhuri","2026-09-01 21:48:14",0.88110,1,hrishikeshdhuri19
1569,16799381,"Paras Gaur","2026-09-01 18:29:51",0.87908,2,animeguylrn
1570,16848899,"Daniil Pulatov","2026-09-08 16:35:24",0.87729,1,daniilpulatov
1571,16822411,"half sugerrr","2026-09-05 16:20:08",0.87626,8,halfsugerrr
1572,16811633,"Wai Mai Lydia Tsang","2026-09-11 03:17:42",0.87582,7,waimailydiatsang
1573,16807146,"Amir Sohail","2026-09-11 10:49:32",0.87482,8,amirsohail122
1574,16844514,Charlotte,"2026-09-08 15:20:40",0.87420,1,alekseus
1575,16830806,"First name Second name","2026-09-10 21:38:43",0.86992,4,bredonmwangi
1576,16879100,"Konain worsi","2026-09-12 05:44:38",0.86988,1,konainworsi
1577,16811236,BlazeAdapt,"2026-09-03 00:23:56",0.86632,1,blazeadapt
1578,16819628,"Rohit kumar211987","2026-09-04 08:10:34",0.86563,3,rohitkumar211987
1579,16844137,"Rohit Kumar #2","2026-09-07 18:50:43",0.86126,2,rohitraj264
1580,16803065,"Gauttam Jangir","2026-09-07 06:46:35",0.85345,14,gauttamjangir
1581,16865707,"Punit Parmar","2026-09-11 08:25:56",0.84391,3,punitparmar8949
1582,16832862,IMASD123,"2026-09-06 21:41:36",0.84160,1,imasd123
1583,16869709,"Felipe Livon","2026-09-11 17:16:51",0.84160,1,felipelivon
1584,16799521,"Süleyman Yılmaz","2026-09-02 10:27:19",0.82334,3,slymnylmz
1585,16875774,Darynbek,"2026-09-12 03:05:32",0.81978,2,darynbek
1586,16799269,"Abdulhay Yassir","2026-09-05 14:56:08",0.81572,1,abdulhayyassir
1587,16879245,"Jasteg Singh","2026-09-12 06:09:42",0.81317,2,jastegsingh1234
1588,16798985,"Heath Dingus","2026-09-01 04:21:21",0.80913,10,heathdingus
1589,16838324,"Sumit Kumar Dwivedi","2026-09-11 07:34:25",0.80829,1,sumitdwi123
1590,16851817,HotMitDev,"2026-09-08 02:05:33",0.80784,2,hotmitdev
1591,16822993,"Cuschevici Climent","2026-09-04 13:24:51",0.80735,1,cuschevicicliment
1592,16841838,the007prime,"2026-09-07 14:10:11",0.80676,2,the007prime
1593,16839764,"P.Lakshmi Sainath Reddy","2026-09-05 13:45:54",0.80664,1,plakshmisainathreddy
1594,16804821,porvani2zi,"2026-09-06 19:09:35",0.80633,1,"belyaevgleb,duckichpuckich"
1595,16848037,Kutay23,"2026-09-07 13:25:44",0.80563,1,kutay23
1596,16805441,"Beyza Durdu","2026-09-02 17:57:22",0.80490,1,beyzadurduu
1597,16840492,YMOM249,"2026-09-06 12:29:02",0.80424,1,kaggle5kaggle
1598,16876792,"Thales Galuchi","2026-09-12 03:43:05",0.80317,5,thalesgaluchi
1599,16842129,"Sakib Alam Jisan","2026-09-06 05:38:38",0.80312,1,sakibalamjisan
1600,16801177,AbuHelweh,"2026-09-08 12:14:28",0.80280,10,yahiaabuhelweh
1601,16876908,"Atharv Nawab","2026-09-11 20:19:51",0.80257,1,atharvnawab
1602,16864401,"Zhi1 Wang","2026-09-11 04:22:19",0.80063,1,zhi1wang
1603,16799356,"Vincentius Leonanda Prabowo","2026-09-06 07:21:27",0.80043,3,vincentius1013
1604,16831248,Kyon,"2026-09-11 12:59:56",0.76854,4,kyazaki
1605,16842135,Arif_tech,"2026-09-07 13:13:31",0.76518,1,ariftech
1606,16802339,Yashika202006,"2026-09-01 16:23:56",0.74236,1,yashika202006
1607,16867481,"Royer Elvis Moreano Condorcuya","2026-09-11 15:47:46",0.73842,1,royerelvis
1608,16832454,M1nhPh4m,"2026-09-04 18:19:44",0.67459,1,m1nhph4m
1609,16827674,"Shaikh Mohammad Hasnat ","2026-09-04 11:42:33",0.58749,1,shaikhmohammadhasnat
1610,16800107,masayasuonodera,"2026-09-11 14:23:47",0.52500,2,masayasuonodera
1611,16798650,parkjuuyeong,"2026-09-01 00:31:02",0.50000,1,parkjuuyeong
1612,16800096,"BALAJI VARA PRASAD DEGA","2026-09-01 09:08:37",0.50000,1,balajivaraprasad
1613,16802594,"Sahir Maharaj","2026-09-11 10:01:53",0.50000,11,sahirmaharajj
1614,16805611,"David Blandón","2026-09-01 22:14:41",0.50000,1,dacxj0
1615,16841153,"Test Team","2026-09-05 19:36:24",0.50000,1,"emilygrace1431998,mdabdullahalafif"
1616,16841442,"Eng Ali Mutahhar","2026-09-05 21:52:31",0.50000,1,aliree
1617,16841573,"Mohammed alnzary","2026-09-05 23:45:25",0.50000,2,mohammedalnzary
1618,16841692,TommyMSCS,"2026-09-06 02:14:50",0.50000,1,tommymscs
1619,16833151,"Vikas Seth","2026-09-06 15:46:34",0.50000,1,vikassethv
1620,16845946,lucataco,"2026-09-07 04:30:17",0.50000,1,lucataco
1621,16857481,"Nguyễn Anh Tài","2026-09-09 01:50:56",0.50000,1,tainadpln
